slug;kod;marka;urun_adi;FIYAT_BURAYA
9-pcs-fan-blade;PJ-023;;9 pcs Fan Blade PJ-023;
aquablocker-ms-polimer-su-yalitim-malzemesi;;;AquaBlocker Ms Polimer Su Yalıtım Malzemesi;
as-sogutma-chiller-52-864-kcal-h-3-ay-calisti-yeni-dersiniz-gorseniz-407c-gazli;54864kcalh;;As Soğutma Chiller 54864kcalh;
fan-motoru-ydk53-6h-220-240v;YDK53-6H;;Dış Fan Motoru YDK53-6H;
dis-unite-fan-carki-112-m00101000;112;;Dış Ünite Fan Çarkı 112 M00101000;
duvar-tipi-egzost-fan-em-36;EM-36;;Evaporatif Soğutma Duvar Tipi Egzost Fan EM-36;
duvar-tipi-egzost-fan-em-50;EM-50;;Evaporatif Soğutma Duvar Tipi Egzost Fan EM-50;
duvar-tipi-egzost-fan-eos-53;EOS-53;;Evaporatif Soğutma Duvar Tipi Egzost Fan EOS-53;
duvar-tipi-egzost-fan-ews-31;EWS-31;;Evaporatif Soğutma Duvar Tipi Egzost Fan EWS-31;
evaporatif-sogutma-petek-cooling-media-pad-60-150;;;Evaporatif Soğutma Petek;
f-serisi-hassas-kontrollu-klimalar;;;F Serisi Hassas Kontrollü Klima;
fan-motoru-112m00054-000;112M00054-000;;Fan Motoru 112M00054-000;
fan-motoru-114m42112803;114M42112803;;Fan Motoru 114M42112803;
fan-motoru-17b11754-a-cp-3552;17B11754-A;;Fan Motoru 17B11754-A CP 3552;
fan-motoru-220-240-v-12b206c1e-2l-ad1;220-240;;Fan Motoru 220-240 V - 12B206C1E/2L--AD1;
fan-motoru-220-240-v-df3g4002k;220-240;;Fan Motoru 220-240 V - DF3G4002K;
fan-motoru-220-240-v-yss413b8103l;220-240;;Fan Motoru 220-240 V - YSS413B8103L;
fan-motoru-5kcp29cge460s;5KCP29CGE460S;;Fan Motoru 5KCP29CGE460S;
fan-motoru-5kcp29lg-e462s;5KCP29LG;;Fan Motoru 5KCP29LG E462S;
fan-motoru-cc50cw-axaa-r02;CC50CW-AXAA-R02;;Fan Motoru CC50CW-AXAA-R02;
fan-motoru-ydk-24-6;24-6;;Fan Motoru YDK 24-6;
fan-motoru-ydk-45-4f;45-4F;;Fan Motoru YDK 45-4F;
fan-motoru-ydk120-8n-220v-240v-411m10531-000;YDK120-8N;;Fan Motoru YDK120-8N 411M10531-000;
fan-motoru-ydk53-6-220-240v-502m1811811;YDK53-6;;Fan Motoru YDK53-6 220-240V 502M1811811;
fan-motoru-ydk65-6f-220-240v;YDK65-6F;;Fan Motoru YDK65-6F 220-240V;
fan-motoru-ysk59-4d-220-240v;YSK59-4D;;Fan Motoru YSK59-4D;
fan-motoru-carki-1bca03022;1BCA03022;;Fan Motoru Çarkı 1BCA03022;
fan-carki-103m33111801;103M33111801;;Fan Çarkı 103M33111801;
frequency-inveter-control-system;;;Frequency İnveter Control System;
hassas-kontrollu-klimalar-icin-dis-unite;;;Hassas Kontrollü Klimalar için Dış Ünite;
fan-motoru-ydk65-6-ydk68-6220-240-114m48132019;YDK65-6;;Klima Fan Motoru 114M48132019;
kompresor-aw520et-160-a4;AW520ET-160-A4;;Kompresör AW520ET-160-A4;
kompresor-mtz22jc4ve;MTZ22JC4VE;;Kompresör MTZ22JC4VE;
kompresor-rb231yfy-380-415-400460v-50-60hz;RB231YFY;;Kompresör RB231YFY, 380-415/400460V, 50/60Hz;
munters-celdek-r-7060-15-evaporatif-sogutma-petegi;7060-15;;Munters CELdek® 7060-15 Evaporatif Soğutma Peteği;
munters-celdek-r-7090-15-evaporatif-sogutma-petegi;7090-15;;Munters CELdek® 7090-15 Evaporatif Soğutma Peteği;
rb173yfy-kompresor;RB173YFY;;RB173YFY Kompresör Japan Mitsubishi Compressor;
run-capacitor-25mf-450v;;;Run capacitor 25μF/450V;
s-p-kanal-tipi-fan-motoru-vent-200b;VENT-200B;;S.P Kanal Tipi Fan Motoru - VENT-200B;
thermostat-prodigy-f2000-1-5m;F2000;;Thermostat Prodigy F2000 1-5m;
york-salon-tipi-klimasi-ic-unite-fan-carki-411m10532000;411M10532000;;sı İç Ünite Fan Çarkı 411M10532000;
ic-unite-fan-motoru-yfn10-4e-nd10-4e;YFN10-4E(ND10-4E);;İç Ünite Fan Motoru;
ic-unite-fan-motoru-220-240v-1bcm02106;1BCM02106;;İç Ünite Fan Motoru 1BCM02106;
ic-unite-fan-motoru-230v-1bcm02-107;1BCM02;;İç Ünite Fan Motoru 230V - 1BCM02 107;
ic-unite-fan-motoru-220-240v-502m42122833;502M42122833;;İç Ünite Fan Motoru 502M42122833;
ic-unite-fan-motoru-ydk72-10q-ydk72-8q-220-240-411m10531-000;YDK72-10Q;;İç Ünite Fan Motoru YDK72-10Q 411M10531-000;
alfanova-hp52-30h;HP52-30H;Alfa Laval;Alfanova HP52-30H Plate Heat Exchangers;
bkw-dl-11v-durchlauf-ruckkuhlaggregate-chiller;;BKW;BKW DL 11V Durchlauf-Rückkühlaggregate Chiller;
bkw-dl-17v-durchlauf-ruckkuhlaggregate-chiller;;BKW;BKW DL 17V Durchlauf-Rückkühlaggregate Chiller;
bkw-dl-23v-durchlauf-ruckkuhlaggregate-chiller;;BKW;BKW DL 23V Durchlauf-Rückkühlaggregate Chiller;
bkw-et-42v-sp-et-sp-eintauch-ruckkuhlaggregate-chiller;42V-SP;BKW;BKW ET 42V-SP ET-SP Chiller;
et-12v-et-eintauch-ruckkuhlaggregate-chiller;;BKW;BKW ET12V ET Eintauch-Rückkühlaggregate Chiller;
et18v-et-eintauch-ruckkuhlaggregate-chiller;;BKW;BKW ET18V ET Eintauch-Rückkühlaggregate Chiller;
et25v-et-eintauch-ruckkuhlaggregate-chiller;;BKW;BKW ET25V ET Eintauch-Rückkühlaggregate Chiller;
et33v-et-eintauch-ruckkuhlaggregate-chiller;;BKW;BKW ET33V ET Eintauch-Rückkühlaggregate Chiller;
et42v-et-eintauch-ruckkuhlaggregate-chiller;;BKW;BKW ET42V ET Eintauch-Rückkühlaggregate Chiller;
et55v-et-eintauch-ruckkuhlaggregate-chiller;;BKW;BKW ET55V ET Eintauch-Rückkühlaggregate Chiller;
bkw-sk05e2v-pano-klimasi;;BKW;BKW SK05E2V Pano Kliması;
bkw-sk07e2v-pano-klimasi;;BKW;BKW SK07E2V Pano Kliması;
sk085e2v-pro;850W;BKW;BKW SK085E2V PRO Pano Kliması;
bkw-sk085eh2v-pano-klimasi;;BKW;BKW SK085EH2V Pano Kliması;
bkw-sk150e2v-pro-pano-klimasi;;BKW;BKW SK150E2V PRO Pano Kliması;
bkw-sk150eh2v-pano-klimasi;;BKW;BKW SK150EH2V Pano Kliması;
bkw-sk160d2v-pro-pano-klimasi;;BKW;BKW SK160D2V PRO Pano Kliması;
bkw-sk180d2v-pano-klimasi;;BKW;BKW SK180D2V Pano Kliması;
bkw-sk180e2v-pano-klimasi;;BKW;BKW SK180E2V Pano Kliması;
bkw-sk180eh2v-pano-klimasi;;BKW;BKW SK180EH2V Pano Kliması;
bkw-sk250d2v-pano-klimasi;;BKW;BKW SK250D2V Pano Kliması;
bkw-sk250e2v-pano-klimasi;;BKW;BKW SK250E2V Pano Kliması;
bkw-sk300e2v-pano-klimasi;;BKW;BKW SK300E2V Pano Kliması;
bkw-sk320d2v-pano-klimasi;;BKW;BKW SK320D2V Pano Kliması;
bkw-sk320dh2v-pano-klimasi;;BKW;BKW SK320DH2V Pano Kliması;
bkw-sk500d2v-pano-klimasi;;BKW;BKW SK500D2V Pano Kliması;
bkw-sk500dh2v-pano-klimasi;;BKW;BKW SK500DH2V Pano Kliması;
bkw-wrk-051-wasserruckkuhler-chiller;051;BKW;BKW WRK 051 Wasserrückkühler Chiller;
bkw-wrk03-wasserruckkuhler-chiller;WRK03;BKW;BKW WRK03 Wasserrückkühler Chiller;
bkw-wrk04-wasserruckkuhler-chiller;WRK04;BKW;BKW WRK04 Wasserrückkühler Chiller;
kompresor-bristol-h23a623dbea-380v-r22;H23A623DBEA;Bristol;Bristol Kompresör H23A623DBEA;
kompresor-bristol-h2eb32sabka-220v-r22;H2EB32SABKA;Bristol;Bristol Kompresör H2EB32SABKA (220V R22);
carel-ritcusrg02-ritcusrg021-controller-new;RITCUSRG02;Carel;CAREL RITCUSRG02 RITCUSRG021 Controller New;
cpy-000-200-carel;000;Carel;CPY 000 200 Carel lvnt-cpy-000-200-carel;
new-for-carel-controller-pzrisnh001-dijital-termostat;PZRISNH001;Carel;NEW For CAREL Controller PZRISNH001 Dijital Termostat;
carrier-30xa0602-600kw-ikinciel-chiller;30XA0602;Carrier;Carrier 30XA0602 600kW İkinci el Chiller;
carrier-chiller-200kw-410gazli;2.el;Carrier;Carrier Chiller 200kW 2.El;
30-ra-200-0559-p-carrier-chiller-200kw-407c;407c;Carrier;Carrier Chiller 200kW 407c;
carrier-chiller-250kw-30gtn070;2.el;Carrier;Carrier Chiller 250kW 30GTN070;
carrier-chiller-290kw-sifir-hic-calismamis-chiller;;Carrier;Carrier Chiller 290kW Sıfır Hiç Çalışmamış Chiller;
carrier-chiller-30-gh-013;013;Carrier;Carrier Chiller 30 GH 013;
32gb-500-102-ef;32GB-500---102--EF;Carrier;Carrier Display 32GB-500---102--EF;
carrier-filtere-02-b-660-004;02*b;Carrier;Carrier Filtere 02*b 660 004;
carrier-hk02za-441-hps-switch;HK02ZA;Carrier;Carrier Hk02za 441 Hps Switch;
carrier-sensor;96365.62;Carrier;Carrier Sensör 96365.62;
carrier-switch-pressure-312926-240;312926-240;Carrier;Carrier Swıtch Pressure 312926-240;
rds-remote-duct-sensor-920076;920076;Carrier;Carrier Taşıyıcı 920076 RDS Uzak Kanal Sensörü;
op-12as-020-ee-synoptique-30h-2-ckt;;Carrier;Carrier Taşıyıcının RDS Uzaktan Kanal Sensörü;
mst-04-es-carrier-termostat;;Carrier;Carrier Termostat MST 04 es;
op-12-da-039-yuksek-ve-yag-basinc-transducer-red-dot;op-12-da-039;Carrier;Carrier Yüksek ve Yağ Basınç Çevirici op-12-da-039;
compressor-r134a-gp16tb-16cm3-hmbp-230v-3-8hp;R134A;Cubigel Huayi;Compressor R134A GP16TB 16cm³ HMBP 230V 3/8HP;
kompresor-acc-zem-cubigel-huayi-electrolux-gl80tg;GL80TG;Cubigel Huayi;Kompresor ACC ZEM Cubigel Huayi Electrolux GL80TG;
kompresor-r134a-gl90tb-8-85cm3-hmbp-230v-1-4hp;R134A;Cubigel Huayi;Kompresor R134A GL90TB 8,85cm³ HMBP 230V 1/4HP;
compressor-r134a-sc10gh-10-29cm3-lmhbp-230v;R134A;Danfoss;Compressor R134A SC10GH 10,29cm³ LMHBP 230V;
compressor-danfoss-sc12gh;SC12GH;Danfoss;Compressor danfoss SC12GH;
compressor-danfoss-sc21g-hst;SC21G;Danfoss;Compressor danfoss SC21G HST;
compressor-danfoss-tl4gh;TL4GH;Danfoss;Compressor danfoss TL4GH;
compressor-danfoss-nl7-3mf-nl73mf-05g6773;nl7-3mf;Danfoss;Compressor danfoss nl7-3mf nl73mf;
compressor-danfoss-nl8-4mf;nl8-4mf;Danfoss;Compressor danfoss nl8-4mf;
compressor-danfoss-tl5g-tl5gx;tl5g;Danfoss;Compressor danfoss tl5g tl5gx;
danfoss-compressor-r134a-sc15gh-195b0144-15-28cm3-hbp-230v;R134A;Danfoss;Danfoss Compressor R134A SC15GH 195B0144 15,28cm³ HBP 230V;
100adet-danfoss-saginomiya-stf-02u1g3-dort-yollu-vana;Danfoss-Saginomiya_stf-02u1g3;Danfoss;Danfoss-Saginomiya_stf-02u1g3 Dört Yollu Vana;
danfoss-saginomiya-stf-02u1g3-dort-yollu-vana;Danfoss-Saginomiya_stf-02u1g3;Danfoss;Danfoss-Saginomiya_stf-02u1g3 Dört Yollu Vana;
gl80tg-danfoss-hermetic-compressors;GL80TG;Danfoss;GL80TG Danfoss Hermetic Compressors;
maneurop-compressor-mtz-18-4v-30-23cm3-mbp-400v;30,23cm³;Danfoss;MANEUROP Compressor MTZ 18-4V 30,23cm³ MBP 400V;
maneurop-compressor-mtz-36-4v-mtz36jg4-60-47cm3-mbp-400v;(MTZ36JG4);Danfoss;MANEUROP Compressor MTZ 36-4V (MTZ36JG4) 60,47cm³ MBP 400V;
maneurop-compressor-mtz-40-4v-mtz40jh4-67-89cm3-mbp-400v;(MTZ40JH4);Danfoss;MANEUROP Compressor MTZ 40-4V (MTZ40JH4) 67,89cm³ MBP 400V;
maneurop-compressor-mtz-56-4v-mtz56hl4-96-13cm3-mbp-400v;(MTZ56HL4);Danfoss;MANEUROP Compressor MTZ 56-4V (MTZ56HL4) 96,13cm³ MBP 400V;
maneurop-compressor-mtz-64-4v-mtz64hm4-107-713-mbp-400v;(MTZ56HL4);Danfoss;MANEUROP Compressor MTZ 64-4V (MTZ64HM4) 107,71³ MBP 400V;
maneurop-compressor-maneurop-danfoss-mtz28je4v;;Danfoss;MANEUROP Compressor maneurop danfoss MTZ28JE4V;
ptc-sensorler;;Dixell;Dixell PTC sensör;
dixell-xr60ch-dijital-termostat;XR60CH;Dixell;DİXELL XR60CH Dijital Termostat;
ntc-sensor;;Dixell;NTC Sensör;
4-yollu-vana-dsf-9-dunan-adtlp04b0805-02md;DSF-9;Dunan;4 Yollu Vana DSF-9 DUNAN ADTLP04B0805.02MD;
4-yollu-vana-dunan-dsf-4-bdgp20d0722-02md;DSF-4;Dunan;4 Yollu Vana- Dunan DSF-4 BDGP20D0722.02MD;
j818-4-yollu-icin-solenoid-bobinler-reversing-valve-coils;J818;Dunan;J818 4 yollu için Solenoid Bobinler Reversing Valve Coils;
compressor-embraco-aspera-nj6220z;nj6220z;Embraco;Compressor embraco aspera nj6220z;
compressor-embraco-aspera-nj9232g;nj9232g;Embraco;Compressor embraco aspera nj9232g;
kompressor-embraco-aspera-nj9238gs;NJ9238GS;Embraco;Kompressor Embraco Aspera NJ9238GS;
kompressor-embraco-aspera-nj9238gs-v;NJ9238GS;Embraco;Kompressor Embraco Aspera NJ9238GS-V;
2-el-copeland-scroll-zp61kce-tfd-kompresor-sifir-ayarinda-test-edilmis-ve-garantili;zp61kce;Emerson-Copeland;2.El Copeland Scroll ZP61KCE-TFD Kompresör - Sıfır Ayarında, Test Edilmiş ve Garantili;
copeland-kompresor-zr61kce-tfd-522-r407c-400v;ZR61KCE-TFD-522;Emerson-Copeland;Copeland Kompresor ZR61KCE-TFD-522 R407C, 400V;
kompresor-copeland-scroll-vr61kf-tfp-542-380v-r404a;VR61KF-TFP-542;Emerson-Copeland;Copeland Scroll Kompresör VR61KF-TFP-542;
kompresor-copeland-scroll-zr47k3-pfj-522-200v-r22;ZR47K3-PFJ-522;Emerson-Copeland;Copeland Scroll Kompresör ZR47K3-PFJ-522;
kompresor-emerson-copeland-cr42k6-pfz-101-220v-r22;CR42K6-PFZ-101;Emerson-Copeland;Emerson/Copeland Kompresör CR42K6-PFZ-101;
kompresor-emerson-copeland-kcg572hae-d511-400v-r22;KCG572HAE-D511;Emerson-Copeland;Emerson/Copeland Kompresör KCG572HAE-D511;
1200f-4-borulu-4-yone-uflemeli-kompakt-kaset-tipi-fancoil-9-3-11-7kw;1200F;FORM;1200F 4 Borulu 4 Yöne Üflemeli Kompakt Kaset Tipi Fancoil 9,3/11,7kW;
1200r-2-borulu-4-yone-uflemeli-kompakt-kaset-tipi-fancoil-7-5-21kw;1200R;FORM;1200R 2 Borulu 4 Yöne Üflemeli Kompakt Kaset Tipi Fancoil 7,5/21kW;
15-15-pitsan-radyal-fan-yp02-10700;15/15;FORM;15/15 RADYAL FAN;
1500f-4-borulu-4-yone-uflemeli-kompakt-kaset-tipi-fancoil-10-6-12-7kw;1500F;FORM;1500F 4 Borulu 4 Yöne Üflemeli Kompakt Kaset Tipi Fancoil 10,6/12,7kW;
1500r-2-borulu-4-yone-uflemeli-kompakt-kaset-tipi-fancoil-12-9-30kw;1500R;FORM;1500R 2 Borulu 4 Yöne Üflemeli Kompakt Kaset Tipi Fancoil 12,9/30kW;
1610-28-kasnak-gobegi;1610/28;FORM;1610/28 Kasnak Göbeği;
1610-38-kasnak-gobegi;1610/38;FORM;1610/38 Kasnak Göbeği;
18-18-radyal-fan-pitsan;18/18;FORM;18/18 RADYAL FAN;
18-18-radyal-fan-ayagi-pitsan;18/18;FORM;18/18 Radyal Fan Ayağı Pitsan YP02.10706;
2012-28-kasnak-gobegi;12.5x2350;FORM;2012/28 Evaporatif Kasnak Göbeği;
2012-30-kasnak-gobegi;2012/30;FORM;2012/30 Kasnak Göbeği YP02.10827;
25-25-radyal-fan-pitsan;25/25;FORM;25/25 Pitsan Radyal Fan YP02.10714;
2517-50-kasnak-gobegi;2517/50;FORM;2517/50 Kasnak Göbeği YP02.10828;
300-2-borulu-4-yone-uflemeli-kompakt-kaset-tipi-fancoil-3-6-8kw;300;FORM;300 2 Borulu 4 Yöne Üflemeli Kompakt Kaset Tipi Fancoil 3/6,8kW;
300s-4-borulu-4-yone-uflemeli-kompakt-kaset-tipi-fancoil-2-5-3-7kw;300S;FORM;300S 4 Borulu 4 Yöne Üflemeli Kompakt Kaset Tipi Fancoil 2,5/3,7kW;
400-2-borulu-4-yone-uflemeli-kompakt-kaset-tipi-fancoil-3-7-8-7kw;400;FORM;400 2 Borulu 4 Yöne Üflemeli Kompakt Kaset Tipi Fancoil 3,7/8,7kW;
400s-4-borulu-4-yone-uflemeli-kompakt-kaset-tipi-fancoil-2-9-4-6kw;400S;FORM;400S 4 Borulu 4 Yöne Üflemeli Kompakt Kaset Tipi Fancoil 2,9/4,6kW;
500-2-borulu-4-yone-uflemeli-kompakt-kaset-tipi-fancoil-4-5-10-3kw;500;FORM;500 2 Borulu 4 Yöne Üflemeli Kompakt Kaset Tipi Fancoil 4,5/10,3kW;
500s-4-borulu-4-yone-uflemeli-kompakt-kaset-tipi-fancoil-3-5-5-1kw;500S;FORM;500S 4 Borulu 4 Yöne Üflemeli Kompakt Kaset Tipi Fancoil 3,5/5,1kW;
600f-4-borulu-4-yone-uflemeli-kompakt-kaset-tipi-fancoil-5-1-6-7kw;600F;FORM;600F 4 Borulu 4 Yöne Üflemeli Kompakt Kaset Tipi Fancoil 5,1/6,7kW;
600r-2-borulu-4-yone-uflemeli-kompakt-kaset-tipi-fancoil-5-7-16-kw;600R;FORM;600R 2 Borulu 4 Yöne Üflemeli Kompakt Kaset Tipi Fancoil 5,7/16,kW;
750f-4-borulu-4-yone-uflemeli-kompakt-kaset-tipi-fancoil-5-9-7-9kw;750F;FORM;750F 4 Borulu 4 Yöne Üflemeli Kompakt Kaset Tipi Fancoil 5,9/7,9kW;
750r-2-borulu-4-yone-uflemeli-kompakt-kaset-tipi-fancoil-7-19-7kw;750R;FORM;750R 2 Borulu 4 Yöne Üflemeli Kompakt Kaset Tipi Fancoil 7/19,7kW;
850f-4-borulu-4-yone-uflemeli-kompakt-kaset-tipi-fancoil-6-2-8-1kw;850F;FORM;850F 4 Borulu 4 Yöne Üflemeli Kompakt Kaset Tipi Fancoil 6,2/8,1kW;
850r-2-borulu-4-yone-uflemeli-kompakt-kaset-tipi-fancoil-7-5-21kw;850R;FORM;850R 2 Borulu 4 Yöne Üflemeli Kompakt Kaset Tipi Fancoil 7,5/21kW;
950f-4-borulu-4-yone-uflemeli-kompakt-kaset-tipi-fancoil-6-7-8-7kw;950F;FORM;950F 4 Borulu 4 Yöne Üflemeli Kompakt Kaset Tipi Fancoil 6,7/8,7kW;
950r-2-borulu-4-yone-uflemeli-kompakt-kaset-tipi-fancoil-7-5-21kw;950R;FORM;950R 2 Borulu 4 Yöne Üflemeli Kompakt Kaset Tipi Fancoil 7,5/21kW;
ap-11-pompa-220v;(220V);FORM;AP 11 POMPA (220V);
duman-ve-isi-tahliye-sistemleri-kontrol-sistemleri-ve-montaj;;FORM;Duman ve Isı Tahliye Sistemleri KONTROL SİSTEMLERİ ve MONTAJ;
form-elektrik-motoru-2-2-kw-380v-yp02-10250;2.2;FORM;ELEKTİRİK MOTORU 2.2 kW-380V;
elektrik-motoru-3-0-kw-380v;3.0;FORM;ELEKTİRİK MOTORU 3.0 kW-380V;
elektirik-motoru-5-5-kw-380v;5.5;FORM;ELEKTİRİK MOTORU 5.5 kW-380V;
ek-her-1-metre-kanalin-listesi;;FORM;Ek her 1 metre kanalın listesi;
elektirik-motoru-2-2-kw-380v-1;2.2;FORM;Elektrik Motoru 2.2 kW-380V YP02.10107;
elektirik-motoru-2-2-kw-380v;2.2;FORM;Elektrik Motoru 2.2 kW-380V YP02.10112;
elektirik-motoru-3-0-kw-220v;3.0;FORM;Elektrik Motoru 3.0 kW-220V YP02.10108;
elektirik-motoru-3-0-kw-380v;3.0;FORM;Elektrik Motoru 3.0 kW-380V;
elektirik-motoru-3-0-kw-380v-1;3.0;FORM;Elektrik Motoru 3.0 kW-380V YP02.10109;
euroform-4-yone-uflemeli-kaset-tipi-fancoil;000S;FORM;EuroForm 4 Yöne Üflemeli Kaset Tipi Fancoil;
basinc-sensor-seti;YM02.10965;FORM;Evaporatif Basınç Sensör Seti;
elektrik-motoru-3-kw-380v-fesklima;;FORM;Evaporatif Klima Elektrik Motoru Fes Klima;
fes-25-30a-petek;25/30A;FORM;Evaporatif Klima FES 25/30A Petek PJ-020;
fespack-elektronik-kart;;FORM;Evaporatif Klima FESPACK Elektronik Kart;
fespack-elektronik-kumanda;;FORM;Evaporatif Klima Fespack Elektronik Kumanda;
sirkulasyon-pompasi-1;;FORM;Evaporatif Klima Sirkülasyon Pompası;
ufleme-basligi;;FORM;Evaporatif Klima Üfleme Başlığı;
fes-00a-samandira;00A;FORM;Evaporatif Klima Şamandıra 00A PJ-006 OVAL;
elektrik-motoru-1-5-kw-380v;1,5;FORM;Evaporatif Soğutma Elektrik Motoru 1,5 kW-380V;
elektrik-motoru-2-2-kw-380v-fesklima;2,2;FORM;Evaporatif Soğutma Elektrik Motoru 2,2 kW-380V;
fes-20a-aksiyel-fan;20A;FORM;Evaporatif Soğutma FES 20A Aksiyel Fan;
sirkulasyon-pompasi;;FORM;Evaporatif Soğutma Sirkülasyon Pompası;
fes-00a-data-kablosu;00A;FORM;FES 00A Data Kablosu;
fes-00a-su-dagitim-90deg-dirsek;00A;FORM;FES 00A Su Dağıtım 90° Dirsek YP02.20124;
fes-10-rc;;FORM;FES 10 RC Evaporatif Klima;
fes-10-rp;;FORM;FES 10 RP Evaporatif Soğutma;
fes-10rcb-evaporatif-sog-unitesi;10RCB;FORM;FES 10RCB EVAPORATİF SOĞ.ÜNİTESİ;
fes-10rcs-evaporatif-sog-unitesi;10RCS;FORM;FES 10RCS EVAPORATİF SOĞ.ÜNİTESİ;
fes-10rct-evaporatif-sog-unitesi;10RCT;FORM;FES 10RCT EVAPORATİF SOĞ.ÜNİTESİ;
fes-10rpb-evaporatif-sog-cihazi;10RPB;FORM;FES 10RPB EVAPORATİF SOĞ. CİHAZI;
fes-10rpb-invertorlu-evaporatif-sog-cihazi;10RPB;FORM;FES 10RPB İNVERTÖRLÜ EVAPORATİF SOĞ. CİHAZI;
fes-10rps-evaporatif-sog-cihazi;10RPS;FORM;FES 10RPS EVAPORATİF SOĞ. CİHAZI;
fes-10rps-invertorlu-evaporatif-sog-cihazi;10RPS;FORM;FES 10RPS İNVERTÖRLÜ EVAPORATİF SOĞ. CİHAZI;
fes-16-rc;;FORM;FES 16 RC Evaporatif Soğutma;
fes-16-rp;;FORM;FES 16 RP Evaporatif Soğutma;
fes-16rcb-evaporatif-sog-unitesi;16RCB;FORM;FES 16RCB EVAPORATİF SOĞ.ÜNİTESİ;
fes-16rcs-evaporatif-sog-unitesi;16RCS;FORM;FES 16RCS EVAPORATİF SOĞ.ÜNİTESİ;
fes-16rct-evaporatif-sog-unitesi;16RCT;FORM;FES 16RCT EVAPORATİF SOĞ.ÜNİTESİ;
fes-16rpb-evaporatif-sog-cihazi;16RPB;FORM;FES 16RPB EVAPORATİF SOĞ. CİHAZI;
fes-16rpb-invertorlu-evaporatif-sog-cihazi;16RPB;FORM;FES 16RPB İNVERTÖRLÜ EVAPORATİF SOĞ. CİHAZI;
fes-16rps-evaporatif-sog-cihazi;16RPS;FORM;FES 16RPS EVAPORATİF SOĞ. CİHAZI;
fes-16rps-invertorlu-evaporatif-sog-cihazi;16RPS;FORM;FES 16RPS İNVERTÖRLÜ EVAPORATİF SOĞ. CİHAZI;
fes-18-20a-invertor-1-5kw;18/20A;FORM;FES 18/20A İNVERTÖR -1.5KW;
fes-20-ap;;FORM;FES 20 AP Evaporatif Klima;
fes-20-rc;;FORM;FES 20 RC Evaporatif Klima;
fes-20-rp;;FORM;FES 20 RP Evaporatif Soğutma;
fes-20apb-evaporatif-sog-cihazi-220-v;20APB;FORM;FES 20APB EVAPORATİF SOĞ. CİHAZI (220 V.);
fes-20apb-evaporatif-sog-cihazi-380-v;20APB;FORM;FES 20APB EVAPORATİF SOĞ. CİHAZI (380 V.);
fes-20apb-invertorlu-evaporatif-sog-cihazi-220v;20APB;FORM;FES 20APB İNVERTÖRLÜ EVAPORATİF SOĞ. CİHAZI (220V.);
fes-20apb-invertorlu-evaporatif-sog-cihazi-380v;20APB;FORM;FES 20APB İNVERTÖRLÜ EVAPORATİF SOĞ. CİHAZI (380V.);
fes-20rcb-evaporatif-sog-unitesi;20RCB;FORM;FES 20RCB EVAPORATİF SOĞ.ÜNİTESİ;
fes-20rcs-evaporatif-sog-unitesi;20RCS;FORM;FES 20RCS EVAPORATİF SOĞ.ÜNİTESİ;
fes-20rct-evaporatif-sog-unitesi;20RCT;FORM;FES 20RCT EVAPORATİF SOĞ.ÜNİTESİ;
fes-20rpb-evaporatif-sog-cihazi;20RPB;FORM;FES 20RPB EVAPORATİF SOĞ. CİHAZI;
fes-20rpb-invertorlu-evaporatif-sog-cihazi;20RPB;FORM;FES 20RPB İNVERTÖRLÜ EVAPORATİF SOĞ. CİHAZI;
fes-20rps-evaporatif-sog-cihazi;20RPS;FORM;FES 20RPS EVAPORATİF SOĞ. CİHAZI;
fes-20rps-invertorlu-evaporatif-sog-cihazi;20RPS;FORM;FES 20RPS İNVERTÖRLÜ EVAPORATİF SOĞ. CİHAZI;
fes-25-ap;;FORM;FES 25 AP Evaporatif Soğutma;
fes-25-30a-aksiyel-fan;25/30A;FORM;FES 25/30A AKSİYEL FAN;
fes-25-30a-alt-havuz;25/30A;FORM;FES 25/30A ALT HAVUZ;
fes-25-30a-aluminyum-cerceveli-petek;25/30A;FORM;FES 25/30A ALUMINYUM CERCEVELI PETEK;
fes-25-30a-drenaj-vanasi-yp02-20132;25/30A;FORM;FES 25/30A DRENAJ VANASI;
fes-25-30a-motor-ayagi;25/30A;FORM;FES 25/30A MOTOR AYAĞI;
fes-25-30a-petek-1;25/30A;FORM;FES 25/30A PETEK;
fes-25-30a-su-dagitim-boru-kiti;25/30A;FORM;FES 25/30A Su Dağıtım Boru Kiti YP02.20125;
fes-25-30a-sirkulasyon-pompasi;25/30A;FORM;FES 25/30A SİRKÜLASYON POMPASI;
fes-25-30a-ust-kapak;25/30A;FORM;FES 25/30A UST KAPAK;
fes-25-30a-cerceveli-petek-yp02-20130;25/30A;FORM;FES 25/30A Çerçeveli Petek YP02.20130;
fes-25-30a-samandira;25/30A;FORM;FES 25/30A ŞAMANDIRA;
fes-25-30apb-evaporatif-sog-cihazi-fansiz-unite;25/30APB;FORM;FES 25/30APB EVAPORATİF SOĞ. CİHAZI-FANSIZ ÜNİTE;
fes-25-30apb-tul-filtre;25/30APB;FORM;FES 25/30APB TÜL FİLTRE;
fes-25a-motor-2-2kw;25A;FORM;FES 25A Motor 2.2KW YP02.20115;
fes-25apb-evaporatif-sog-cihazi-220-v;220V;FORM;FES 25APB EVAPORATİF SOĞ. CİHAZI (220 V.);
fes-25apb-evaporatif-sog-cihazi-kumandasiz;25APB;FORM;FES 25APB EVAPORATİF SOĞ. CİHAZI (KUMANDASIZ);
fes-25apb-evaporatif-sog-cihazi-yerli-motor;25APB;FORM;FES 25APB EVAPORATİF SOĞ. CİHAZI (YERLİ MOTOR);
fes-25apb-evaporatif-sog-cihazi-ithal-motor;25APB;FORM;FES 25APB EVAPORATİF SOĞ. CİHAZI (İTHAL MOTOR);
fes-25apb-invertorlu-evaporatif-sog-cihazi-220-v;220V;FORM;FES 25APB İNVERTÖRLÜ EVAPORATİF SOĞ. CİHAZI (220 V);
fes-25apb-invertorlu-evaporatif-sog-cihazi-kumandasiz;25APB;FORM;FES 25APB İNVERTÖRLÜ EVAPORATİF SOĞ. CİHAZI (KUMANDASIZ);
fes-25apb-invertorlu-evaporatif-sog-cihazi-yerli-motor;25APB;FORM;FES 25APB İNVERTÖRLÜ EVAPORATİF SOĞ. CİHAZI (YERLİ MOTOR);
fes-25apb-invertorlu-evaporatif-sog-cihazi-ithal-motor;220V;FORM;FES 25APB İNVERTÖRLÜ EVAPORATİF SOĞ. CİHAZI (İTHAL MOTOR);
fes-25apt-evaporatif-sog-cihazi-yerli-motor;25APT;FORM;FES 25APT EVAPORATİF SOĞ. CİHAZI (YERLİ MOTOR);
fes-25apt-evaporatif-sog-cihazi-ithal-motor;220V;FORM;FES 25APT EVAPORATİF SOĞ. CİHAZI (İTHAL MOTOR);
fes-25apt-invertorlu-evaporatif-sog-cihazi-yerli-motor;25APT;FORM;FES 25APT İNVERTÖRLÜ EVAPORATİF SOĞ. CİHAZI (YERLİ MOTOR);
fes-25apt-invertorlu-evaporatif-sog-cihazi-ithal-motor;220V;FORM;FES 25APT İNVERTÖRLÜ EVAPORATİF SOĞ. CİHAZI (İTHAL MOTOR);
fes-30-ap;;FORM;FES 30 AP Evaporatif Klima;
fes-30a-motor-3-0-kw;30A;FORM;FES 30A Motor 3.0 KW YP02.20117;
fes-30a-invertor-3kw;30A;FORM;FES 30A İNVERTÖR- 3KW;
fes-30apb-evaporatif-sog-cihazi-kumandasiz;30APB;FORM;FES 30APB EVAPORATİF SOĞ. CİHAZI (KUMANDASIZ);
fes-30apb-evaporatif-sog-cihazi-yerli-motor;30APB;FORM;FES 30APB EVAPORATİF SOĞ. CİHAZI (YERLİ MOTOR);
fes-30apb-evaporatif-sog-cihazi-ithal-motor;220V;FORM;FES 30APB EVAPORATİF SOĞ. CİHAZI (İTHAL MOTOR);
fes-30apb-invertorlu-evaporatif-sog-cihazi-kumandasiz;30APB;FORM;FES 30APB İNVERTÖRLÜ EVAPORATİF SOĞ. CİHAZI (KUMANDASIZ);
fes-30apb-invertorlu-evaporatif-sog-cihazi-yerli-motor;30APB;FORM;FES 30APB İNVERTÖRLÜ EVAPORATİF SOĞ. CİHAZI (YERLİ MOTOR);
fes-30apb-invertorlu-evaporatif-sog-cihazi-ithal-motor;220V;FORM;FES 30APB İNVERTÖRLÜ EVAPORATİF SOĞ. CİHAZI (İTHAL MOTOR);
fes-30apt-evaporatif-sog-cihazi-yerli-motor;30APT;FORM;FES 30APT EVAPORATİF SOĞ. CİHAZI (YERLİ MOTOR);
fes-30apt-evaporatif-sog-cihazi-ithal-motor;220V;FORM;FES 30APT EVAPORATİF SOĞ. CİHAZI (İTHAL MOTOR);
fes-30apt-invertorlu-evaporatif-sog-cihazi-yerli-motor;30APT;FORM;FES 30APT İNVERTÖRLÜ EVAPORATİF SOĞ. CİHAZI (YERLİ MOTOR);
fes-30apt-invertorlu-evaporatif-sog-cihazi-ithal-motor;220V;FORM;FES 30APT İNVERTÖRLÜ EVAPORATİF SOĞ. CİHAZI (İTHAL MOTOR);
fes-35-plug-alttan-ufleme;;FORM;FES 35 PLUG - ALTTAN ÜFLEME;
fes-35-plug-ustten-ufleme;;FORM;FES 35 PLUG - ÜSTTEN ÜFLEME;
fes-35-rc;;FORM;FES 35 RC Evaporatif Klima;
fes-35rcb-evaporatif-sog-unitesi;35RCB;FORM;FES 35RCB EVAPORATİF SOĞ.ÜNİTESİ;
fes-35rcb-invertorlu-evaporatif-sog-unitesi;35RCB;FORM;FES 35RCB İNVERTÖRLÜ EVAPORATİF SOĞ.ÜNİTESİ;
fes-35rcs-evaporatif-sog-unitesi;35RCS;FORM;FES 35RCS EVAPORATİF SOĞ.ÜNİTESİ;
fes-35rct-evaporatif-sog-unitesi;35RCT;FORM;FES 35RCT EVAPORATİF SOĞ.ÜNİTESİ;
fes-35rct-evaporatif-sog-unitesi-7-5kw;35RCT;FORM;FES 35RCT EVAPORATİF SOĞ.ÜNİTESİ (7.5kW);
fes-35rct-invertorlu-evaporatif-sog-unitesi;35RCT;FORM;FES 35RCT INVERTÖRLÜ EVAPORATİF SOĞ.ÜNİTESİ;
fes-40apb-invertorlu-evaporatif-sog-cihazi-yerli-motor;40APB;FORM;FES 40APB İNVERTÖRLÜ EVAPORATİF SOĞ. CİHAZI (YERLİ MOTOR);
fes-40apt-evaporatif-sog-cihazi-yerli-motor;40APT;FORM;FES 40APT EVAPORATİF SOĞ. CİHAZI (YERLİ MOTOR);
fes-chill-su-sogutma-grubu-1200x1300-mm;1200x1300;FORM;FES CHILL Su Soğutma Grubu 1200x1300 mm;
fes-chill-su-sogutma-grubu-1200x1900-mm;1200x1900;FORM;FES CHILL Su Soğutma Grubu 1200x1900 mm;
fes-chill-su-sogutma-grubu-1200x2300-mm;1200x2300;FORM;FES CHILL Su Soğutma Grubu 1200x2300 mm;
fes-chill-su-sogutma-grubu-1200x2500-mm;1200x2500;FORM;FES CHILL Su Soğutma Grubu 1200x2500 mm;
fes-chill-su-sogutma-grubu-1200x700-mm;1200x700;FORM;FES CHILL Su Soğutma Grubu 1200x700 mm;
fes-chill-su-sogutma-grubu-1700x1300-mm;1700x1300;FORM;FES CHILL Su Soğutma Grubu 1700x1300 mm;
fes-chill-su-sogutma-grubu-1700x1900-mm;1700x1900;FORM;FES CHILL Su Soğutma Grubu 1700x1900 mm;
fes-chill-su-sogutma-grubu-1700x2300-mm;1700x2300;FORM;FES CHILL Su Soğutma Grubu 1700x2300 mm;
fes-chill-su-sogutma-grubu-1700x2500-mm;1700x2500;FORM;FES CHILL Su Soğutma Grubu 1700x2500 mm;
fes-chill-su-sogutma-grubu-1700x700-mm;1700x700;FORM;FES CHILL Su Soğutma Grubu 1700x700 mm;
fes-chill-su-sogutma-grubu-2200x1300-mm;2200x1300;FORM;FES CHILL Su Soğutma Grubu 2200x1300 mm;
fes-chill-su-sogutma-grubu-2200x1900-mm;2200x1900;FORM;FES CHILL Su Soğutma Grubu 2200x1900 mm;
fes-chill-su-sogutma-grubu-2200x2300-mm;2200x2300;FORM;FES CHILL Su Soğutma Grubu 2200x2300 mm;
fes-chill-su-sogutma-grubu-2200x2500-mm;2200x2500;FORM;FES CHILL Su Soğutma Grubu 2200x2500 mm;
fes-chill-su-sogutma-grubu-2200x700-mm;2200x700;FORM;FES CHILL Su Soğutma Grubu 2200x700 mm;
fes-chill-su-sogutma-grubu-2700x1300-mm;2700x1300;FORM;FES CHILL Su Soğutma Grubu 2700x1300 mm;
fes-chill-su-sogutma-grubu-2700x1900-mm;2700x1900;FORM;FES CHILL Su Soğutma Grubu 2700x1900 mm;
fes-chill-su-sogutma-grubu-2700x2300-mm;2700x2300;FORM;FES CHILL Su Soğutma Grubu 2700x2300 mm;
fes-chill-su-sogutma-grubu-2700x2500-mm;2700x2500;FORM;FES CHILL Su Soğutma Grubu 2700x2500 mm;
fes-chill-su-sogutma-grubu-2700x700-mm;2700x700;FORM;FES CHILL Su Soğutma Grubu 2700x700 mm;
fes-00a-sirkulasyon-pompasi;00A;FORM;FES Evaporatif Klima 00A Sirkülasyon Pompası;
invertor-motor-kontrol-panosu-3-7kw-380-v;YM02.11125;FORM;FES İNVERTÖR MOTOR KONTROL PANOSU 3,7KW-380V;
fes-16-20r-tul-filtre;FES-16/20R;FORM;FES-16/20R Tül Filtre YP02.10725;
fes-20rps-invertorlu-evaporatif-sog-cihazi-1;FES-20RPS;FORM;FES-20RPS İNVERTÖRLÜ EVAPORATİF SOĞ. CİHAZI;
fes-16-20rc-petek-ym02-20110;FES16/20RC;FORM;FES16/20RC PETEK;
fes16-20rc-cerceveli-petek-ym02-20127;FES16/20RC;FORM;FES16/20RC ÇERÇEVELİ PETEK;
fes35rc-petek-ym02-20111;FES35RC;FORM;FES35RC PETEK;
fes35rc-cerceveli-petek-ym02-20149;FES35RC;FORM;FES35RC ÇERÇEVELİ PETEK;
feschill-kondenser-on-sogutma-unitesi;;FORM;FESCHILL Kondenser Ön Soğutma Ünitesi;
fesklima-1-0-kontrol-panosu-3-0kw-380-v;1/0;FORM;FESKLIMA 1/0 KONTROL PANOSU 3.0KW (380 V);
fes-25-30a-elk-2-2-3-0-kw-motor-ayak-sac-seti;25/30A;FORM;FESKLIMA 25/30A ELK 2.2/3.0 KW MOTOR AYAK SAC SETI;
fespack-elektronik-kart-2;YP02.10201;FORM;FESPACK ELEKTRONİK KART;
fespack-elektronik-kumanda-1;YP02.10123;FORM;FESPACK ELEKTRONİK KUMANDA;
fespack-sirkulasyon-pompasi-cp11000-p-n-1110;UL11000-2;FORM;FESPACK SIRKULASYON POMPASI UL11000-2 (P/N 1110);
fespack-samandira-visam-1-2-jet-flator;1/2;FORM;FESPACK ŞAMANDIRA VİSAM 1/2 JET FLATÖR;
fesplast-cy-25-30a-su-seviye-salteri;25/30A;FORM;FESPLAST/CY 25/30A SU SEVİYE ŞALTERİ;
fesplast-jhc-18a-uzaktan-kumanda-1;18A;FORM;FESPLAST/JHC 18A Uzaktan Kumanda;
fes-drenaj-vanasi;;FORM;FESPLAST/JHC DRENAJ VANASI;
fesplast-jhc-motor-1-1kw-220v-3p;220V/3P;FORM;FESPLAST/JHC MOTOR 1.1KW 220V/3P;
fesplast-ltn-18a-selenoid-vana;18A;FORM;FESPLAST/LTN 18A SELENOİD VANA;
fesplast-ltn-18a-su-seviye-salteri-2li-soket;18A;FORM;FESPLAST/LTN 18A SU SEVİYE ŞALTERİ (2'Lİ SOKET);
fesplast-ltn-18a-sirkulasyon-pompasi-ap5100;18A;FORM;FESPLAST/LTN 18A SİRKÜLASYON POMPASI AP5100;
form-sunviavent-havalandirma-kapaklar;;FORM;FORM - SUNVIAVENT - Havalandırma Kapaklar;
form-troke-6000-serisi-duman-ve-isi-tahliye-kapaklari;6000;FORM;FORM - Troke - 6000 serisi - Duman ve Isı Tahliye Kapakları;
form-fh-03-sudan-havaya-isi-pompasi-wshp;FH-03;FORM;FORM FH-03 Sudan Havaya Isı Pompası WSHP;
form-fh-07-sudan-havaya-isi-pompasi-wshp;FH-07;FORM;FORM FH-07 Sudan Havaya Isı Pompası WSHP;
form-fh-09-sudan-havaya-isi-pompasi-wshp;FH-09;FORM;FORM FH-09 Sudan Havaya Isı Pompası WSHP;
form-fh-22-sudan-havaya-isi-pompasi-wshp;FH-22;FORM;FORM FH-22 Sudan Havaya Isı Pompası WSHP;
form-021-2-borulu-gizli-tavan-tipi-fancoil-2-56-6-17kw;FORM-021;FORM;FORM-021 2 Borulu Gizli Tavan Tipi Fancoil 2,56/6,17kW;
form-021-4-borulu-gizli-tavan-tipi-fancoil-2-51-2-65kw;FORM-021;FORM;FORM-021 4 Borulu Gizli Tavan Tipi Fancoil 2,51/2,65kW;
form-042-2-borulu-gizli-tavan-tipi-fancoil-4-80-11-50kw;FORM-021;FORM;FORM-042 2 Borulu Gizli Tavan Tipi Fancoil 4,80/11,50kW;
form-042-4-borulu-gizli-tavan-tipi-fancoil-4-64-4-90kw;FORM-042;FORM;FORM-042 4 Borulu Gizli Tavan Tipi Fancoil 4,64/4,90kW;
form-062-2-borulu-gizli-tavan-tipi-fancoil-5-90-13-83kw;FORM-062;FORM;FORM-062 2 Borulu Gizli Tavan Tipi Fancoil 5,90/13,83kW;
form-062-4-borulu-gizli-tavan-tipi-fancoil-5-78-5-72kw;FORM-062;FORM;FORM-062 4 Borulu Gizli Tavan Tipi Fancoil 5,78/5,72kW;
form-083-2-borulu-gizli-tavan-tipi-fancoil-5-90-13-83kw;FORM-083;FORM;FORM-083 2 Borulu Gizli Tavan Tipi Fancoil 5,90/13,83kW;
form-083-4-borulu-gizli-tavan-tipi-fancoil-7-83-8-26kw;FORM-083;FORM;FORM-083 4 Borulu Gizli Tavan Tipi Fancoil 7,83/8,26kW;
form-104-2-borulu-gizli-tavan-tipi-fancoil-5-90-13-83kw;FORM-104;FORM;FORM-104 2 Borulu Gizli Tavan Tipi Fancoil 5,90/13,83kW;
form-104-4-borulu-gizli-tavan-tipi-fancoil-11-59-12-51kw;FORM-104;FORM;FORM-104 4 Borulu Gizli Tavan Tipi Fancoil 11,59/12,51kW;
fes-00a-kumanda-lcd-1-5kw-220v;00A;FORM;Fes 00A Kumanda LCD-1.5KW 220V YP02.20102;
fes-00a-kumanda-lcd-3-0kw-380v;00A;FORM;Fes 00A KumandaLCD-3.0KW 380V YP02.20103;
fes-00a-kumanda-pilli;YP02.20104;FORM;Fes Kumanda Pili YP02.20104;
fes-00a-nem-ve-sicaklik-sensoru;YP02.20105;FORM;Fes Oda nem ve Sıcaklık Sensörü YP02.20105;
fesklima-1-0-kontrol-panosu-5-5kw-380-v;1/0;FORM;Fesklima 1/0 Kontrol Panosu 5.5kW;
fesklima-1-0-kontrol-panosu-7-5kw-380-v;1/0;FORM;Fesklima 1/0 Kontrol Panosu 7.5kW (380 V);
fespack-220v-invertor-2-2kw-yp02-10130;220V;FORM;Fespack 220V. Invertor 2.2kW YP02.10130;
fespack-380v-invertor-5-5kw;380V;FORM;Fespack 380V. Invertor 5.5kW YP02.10120;
fespack-380v-invertor-4-0kw;380V;FORM;Fespack 380V. Invertör 4.0kW YP02.10119;
fespack-elektronik-kumanda-v1;18A;FORM;Fespack Elektronik Kumanda V1;
fespack-elektronik-kumanda-v2;18A;FORM;Fespack Elekttonik Kumanda V2;
fespack-jhc-samandira;YP02.20313;FORM;Fespack/JHC Şamandıra YP02.20313;
fesplast-ltn-18a-uzaktan-kumanda;18A;FORM;Fesplast /LTN 18A Uzaktan Kumanda;
fesplast-ltn-aksiyal-fan-metal;YP02.20200;FORM;Fesplast /LTN Aksiyal Fan Metal YP02.20200;
fesplast-jhc-18a-uzaktan-kumanda;18A;FORM;Fesplast/JHC 18A Uzaktan Kumanda;
fesplast-jhc-18a-invertor-yp02-20304;18A;FORM;Fesplast/JHC 18A İnvertör YP02.20304;
fesplast-ltn-18a-drenaj-vanasi;18A;FORM;Fesplast/LTN 18A Drenaj Vanası YP02.20210;
fesplast-ltn-18a-motor-1-1kw-220v;18A;FORM;Fesplast/LTN 18A Motor 1.1KW 220V YP02.20212;
fesplast-ltn-18a-invertor;18A;FORM;Fesplast/LTN 18A İnvertör YP02.20211;
dijital-termostat;YP02.10218;FORM;Form Dijital Termostat YP02.10218;
elektirik-motoru-1-5-kw-380v;1.5;FORM;Form Elektrik Motoru 1.5 kW-380V YP02.10106;
form-sudan-havaya-isi-pompasi-wshp;FH-11;FORM;Form FH-11 Sudan Havaya Isı Pompası WSHP;
form-sudan-havaya-isi-pompasi-wshp-fh-15;FH-15;FORM;Form FH-15 Sudan Havaya Isı Pompası WSHP;
gal-havalandirma-sistemleri-aerator-sistemleri;;FORM;GAL - Havalandırma Sistemleri - Aeratör Sistemleri;
gizli-tavan-tipi-fancoil-form-42-2-borulu;;FORM;Gizli Tavan Tipi Fancoil FORM 42 2 Borulu;
kumas-kure-1m-logolu-kumas-kanal;;FORM;Kumaş küre + 1m logolu kumaş kanal;
fes-25-30a-ntc10k-harici-sicaklik-sensoru-seti;YM02.20251;FORM;NTC10K Harici Sıcaklık Sensörü Seti;
ntc10k-harici-sicaklik-sensoru-1-8m-soketsiz;NTC10K;FORM;NTC10K Soketsiz Harici Sıcaklık Sensörü;
spa-100-2-kasnak;100/2;FORM;SPA 100/2 Evaporatif Kasnak;
spa-112-1-kasnak;112/1;FORM;SPA 112/1 Evaporatif Kasnak;
spa-12-5x1425-kayis-disli;12.5x1425;FORM;SPA 12.5x1425 Evaporatif Kayış Dişli;
spa-12-5x1425-kayis-disli-1;12.5x1425;FORM;SPA 12.5x1425 Form Kayış Dişli;
spa-12-5x1450-kayis-disli;12.5x1450;FORM;SPA 12.5x1450 Kayış Dişli;
spa-12-5x1475-kayis-disli;12.5x1475;FORM;SPA 12.5x1475 Kayış Dişli;
spa-12-5x1675-kayis-disli;12.5x1675;FORM;SPA 12.5x1675 Kayış Dişli;
spa-12-5x1700-kayis-disli;12.5x1700;FORM;SPA 12.5x1700 Kayış Dişli;
spa-12-5x2150-kayis-disli;12.5x2150;FORM;SPA 12.5x2150 Kayış Dişli YP02.10814;
spa-12-5x2350-kayis;12.5x2350;FORM;SPA 12.5x2350 Kayış;
spa-13x1550-duz-kayis;13x1550;FORM;SPA 13x1550 DÜZ KAYIŞ;
spa-13x1625-duz-kayis;13x1625;FORM;SPA 13x1625 Düz Kayış;
spa-13x1775-duz-kayis;13x1775;FORM;SPA 13x1775 Form Düz Kayış;
spa-13x1800-duz-kayis;13x1800;FORM;SPA 13x1800 Evaporatif Düz Kayış;
spa-13x2140-duz-kayis;13x2140;FORM;SPA 13x2140 Düz Kayış;
spa-250-1-kasnak;250/1;FORM;SPA 250/1 Form Kasnak YP02.10818;
spa-250-2-kasnak;250/2;FORM;SPA 250/2 Kasnak YP02.10819;
spa-315-1-kasnak;315/1;FORM;SPA 315/1 Form Kasnak YP02.10821;
spa-315-2-kasnak;315/2;FORM;SPA 315/2 Form Kasnak YP02.10822;
sirkulasyon-pompasi-1-5-7-0-12kw-qdn;YP02.10515;FORM;Sirkülasyon Pompası 1.5-7-0.12KW QDN YP02.10515;
sirkulasyon-pompasi-cp03-fes35r;FES35R;FORM;Sirkülasyon Pompası FES35R YP02.10512;
sunvia-sv-250;250;FORM;Sunvia Tube SV 250 Güneş Işığı Tüpü;
sunvia-sv-550;550;FORM;Sunvia Tube SV 550 Güneş Işığı Tüpü;
sunvia-sv-900;900;FORM;Sunvia Tube SV 900 Güneş Işığı Tüpü;
ub-308-ufleme-basligi-800x800-bogazli;UB-308;FORM;UB-308 ÜFLEME BAŞLIĞI-800x800 BOĞAZLI;
ub-308-ufleme-basligi-o600-bogazli;UB-308;FORM;UB-308 ÜFLEME BAŞLIĞI-Ø600 BOĞAZLI;
ub-308-ufleme-basligi-o630-bogazli;UB-308;FORM;UB-308 ÜFLEME BAŞLIĞI-Ø630 BOĞAZLI;
ub-308-ufleme-basligi-o710-bogazli;UB-308;FORM;UB-308 ÜFLEME BAŞLIĞI-Ø710 BOĞAZLI;
gmcc-pj160g1c-4dz-compressor-hermetic-rotary;PJ160G1C-4DZ;GMCC Toshiba;GMCC PJ160G1C-4DZ Compressor hermetic rotary;
gea-gbh220h-30;GBH220H-30;Gea;GEA GBH220H-30 Plakalı Eşanjör;
3328140-icin-muadili-vsh175cu3c7hq-highly-6-653-btu-380v-r-134a-gazli-kompresor;VSH175CU3C7HQ;HIGHLY;3328140 için muadili VSH175CU3C7HQ Highly 6.653 BTU 380V R-134A Gazlı Kompresör;
3328540-icin-muadili-vsh175cu3c7hq-highly-6-653-btu-380v-r-134a-gazli-kompresor;VSH175CU3C7HQ;HIGHLY;3328540 için muadili VSH175CU3C7HQ Highly 6.653 BTU 380V R-134A Gazlı Kompresör;
3329140-icin-muadili-vsh175cu3c7hq-highly-6-653-btu-380v-r-134a-gazli-kompresor;VSH175CU3C7HQ;HIGHLY;3329140 için muadili VSH175CU3C7HQ Highly 6.653 BTU 380V R-134A Gazlı Kompresör;
3329540-icin-muadili-vsh175cu3c7hq-highly-6-653-btu-380v-r-134a-gazli-kompresor;VSH175CU3C7HQ;HIGHLY;3329540 için muadili VSH175CU3C7HQ Highly 6.653 BTU 380V R-134A Gazlı Kompresör;
highly-hitachi-compressor-bsd122dt-p6au-rk5450-y-muadi;BSD122DT-P6AU–;HIGHLY;Highly Hitachi Compressor BSD122DT-P6AU– RK5450 Y Muadil;
hitachi-higly-compressor-bsa357cv-r1an;BSA357CV-R1AN;HIGHLY;Hitachi HIGLY Compressor BSA357CV-R1AN;
hitachi-highly-rotary-ac-compressor-bsa645dt-r1en;BSA645DT-R1EN;HIGHLY;Hitachi Highly Rotary AC Compressor BSA645DT-R1EN;
kompresor-hitachi-highly-ash255tv-c8du-220v-r410a;ASH255TV-C8DU;HIGHLY;Hitachi Kompresör HIGHLY ASH255TV-C8DU;
kompresor-hitachi-highly-thu33wc6-u-220v-r22;THU33WC6-U;HIGHLY;Hitachi Kompresör HIGHLY THU33WC6-U;
highly-vsd122cu-4-777-btu-1400-watt-r134a-r407c-r410a-380-415v-50hz-380-460v-60hz-rotary-kompresor-t;VSD122CU;HIGHLY;HİGHLY VSD122CU 4.777 BTU 1400 WATT R134A/R407C/R410A 380~415V 50HZ/380~460V 60HZ ROTARY KOMPRESÖR-T;
rotary-compressor-hitachi-highly-bsa357dt;BSA357DT;HIGHLY;ROTARY COMPRESSOR HITACHI HIGHLY BSA357DT;
trk-5512-y-muadili-vsh175cu3c7hq-highly-6-653-btu-380v-r-134a-gazli-kompresor;VSH175CU3C7HQ;HIGHLY;TRK 5512 Y muadili VSH175CU3C7HQ Highly 6.653 BTU 380V R-134A Gazlı Kompresör;
vsh175cu3c7hq-highly;VSH175CU3C7HQ;HIGHLY;VSH175CU3C7HQ Highly;
kompresor-hitachi-highly-shw33tc4-u-220v-r22;SHW33TC4-U;Hitachi;Hitachi Kompresör HIGHLY SHW33TC4-U;
kelvin-jet-04-330w;;KELVIN;Kelvin JET 04 330W;
kelvin-jet-05-510w;JET05;KELVIN;Kelvin JET 05 510W;
kelvin-jet-09-800w;JET09;KELVIN;Kelvin JET 09 800W;
kelvin-jet-10-1000w;JET10;KELVIN;Kelvin JET 10 1000W;
kelvin-jet-15-1520w;KelvinJET15;KELVIN;Kelvin JET 15 1520W;
kelvin-jet-20-2000w;;KELVIN;Kelvin JET 20 2000W;
kelvin-jet-20-2000w-400v;JET20;KELVIN;Kelvin JET 20 2000W 400V;
kelvin-jet-30-2800w;JET30;KELVIN;Kelvin JET 30 2800W;
kelvin-jet-40-3800w;;KELVIN;Kelvin JET 40 3800W;
kmv-03-300w;;KELVIN;Kelvin KMV 03 300W;
kelvin-kuj-09-850w;;KELVIN;Kelvin KUJ 09 850W;
kelvin-kun-10-1050w;;KELVIN;Kelvin KUN 10 1050W;
kelvin-kun-15-1360w;;KELVIN;Kelvin KUN 15 1360W;
kelvin-kun-17-1720w;;KELVIN;Kelvin KUN 17 1720W;
kelvin-kun-20-2000w;;KELVIN;Kelvin KUN 20 2000W;
kelvin-kun-30-2800w;;KELVIN;Kelvin KUN 30 2800W;
kelvin-kun-40-3800w;;KELVIN;Kelvin KUN 40 3800W;
kelvin-kur-05-500w;;KELVIN;Kelvin KUR 05 500W;
kelvin-kur-09-850w;;KELVIN;Kelvin KUR 09 850W;
kelvin-kus-10-1000w;;KELVIN;Kelvin KUS 10 1000W;
kelvin-kus-15-1450w;;KELVIN;Kelvin KUS 15 1450W;
kelvin-kus-17-1700w;KUS17;KELVIN;Kelvin KUS 17 1700W;
kelvin-kus-20-2000w;KUS20;KELVIN;Kelvin KUS 20 2000W;
sifir-urun-twa-352-vv-y-a-aircooled-liquid-chillers;352;KTK;SIFIR ÜRÜN - TWA 352 VV/Y/A AIRCOOLED LIQUID CHILLERS;
lamilux-isikli-tonoz-f100-kubbe-formlu-kapaklar;F100;Lamilux;LAMILUX Işıklı tonoz F100 Kubbe Formlu Kapaklar;
mks-clima-mkp0240th-pano-tipi-klima-240w;mkp0240th;MKS Clima;MKS Clima MKP0240TH Pano Tipi Klima 240 W (Panel Montaj);
mks-clima-mkp0340th-pano-tipi-klima-340w;mkp0340th;MKS Clima;MKS Clima MKP0340TH Pano Tipi Klima 340 W (Panel Montaj);
mks-clima-mkp0533th-pano-tipi-klima-500w;mkp0533th;MKS Clima;MKS Clima MKP0533TH Pano Tipi Klima 500 W (Panel Montaj);
mks-clima-mkp0833th-pano-tipi-klima-800w;mkp0833th;MKS Clima;MKS Clima MKP0833TH Pano Tipi Klima 800 W (Panel Montaj);
mks-clima-mkp1033th-pano-tipi-klima-1050w;mkp1033th;MKS Clima;MKS Clima MKP1033TH Pano Tipi Klima 1.050 W (Panel Montaj);
mks-clima-mkp1533th-pano-tipi-klima-1570w;mkp1533th;MKS Clima;MKS Clima MKP1533TH Pano Tipi Klima 1.570 W (Panel Montaj);
mks-clima-mkp2033th-pano-tipi-klima-2000w;mkp2033th;MKS Clima;MKS Clima MKP2033TH Pano Tipi Klima 2.000 W (Panel Montaj);
mks-clima-mkp2533ch-pano-tipi-klima-2500w;mkp2533ch;MKS Clima;MKS Clima MKP2533CH Pano Tipi Klima 2.500 W 3F (Panel Montaj);
mks-clima-mkp3033ch-pano-tipi-klima-3000w;mkp3033ch;MKS Clima;MKS Clima MKP3033CH Pano Tipi Klima 3.000 W 3F (Panel Montaj);
mks-clima-outdoor-pano-tipi-klima-yan-panel-kapi-montaj-mkp0538ty-500w-1-230-50-60;MKP0538TY;MKS Clima;MKS Clima Outdoor Pano Tipi Klima (Yan Panel / Kapı Montaj) MKP0538TY 500W 1 - 230/50-60;
https-www-klimasun-com-tr-mks-clima-pano-tipi-klima-mkp0838ty;MKP0838TY;MKS Clima;MKS Clima Outdoor Pano Tipi Klima (Yan Panel / Kapı Montaj) MKP0838TY 800W 1 - 230/50-60;
kompresor-matsushita-5js290dad01-220v-r410a;5JS290DAD01;Matsushita;Matsushita Kompresör 5JS290DAD01;
kompresor-matsushita-5js330dah01-220v-r410a;5JS330DAH01;Matsushita;Matsushita Kompresör 5JS330DAH01;
kompresor-matsushita-5ps112da301-220v-r410a;5PS112DA301;Matsushita;Matsushita Kompresör 5PS112DA301;
compresor-hoffman-nvent-model-101026113sp;TRK5512Y;McLean;Compresor Hoffman (nVent) Model 101026113SP;
nvent-pentair-hoffman-mclean-g520826g050-g52-series-air-conditioner-8000-btu-230v-50-60-hz-1-phase;G520826G050;McLean;nVent, Pentair, Hoffman, McLean G520826G050 G52-Series Air Conditioner, 8000 BTU, 230V, 50/60 Hz, 1 Phase,;
nvent-pentair-hoffman-mclean-genesis-m36-6-000-btu-230v-50-60-hz-air-conditioners;M36;McLean;nVent, Pentair, Hoffman, McLean GENESIS M36, 6,000 BTU, 230V, 50/60 HZ,Air Conditioners;
mc-quay-hsa2350-y20-yas-kompersor;Hsa2350;McQuay;Mc Quay Hsa2350 Y20 Yas Kompresör;
mcquay-main-board-pco2qeoalo;pco2qeoalo-main-board;McQuay;McQuay Main Board PCO2QEOALO;
mcquay-ye-ydk-1500-6b-fan;2.el;McQuay;McQuay YE YDK 1500-6B Fan;
mcquay-aws-300-2-st-1101kw;2.el;McQuay;McQuay-AWS-300.2-ST 1101kW 2.El;
compresor-kb122vfpc-bsd122dt-p6au-230v-50-60hz-rk5450-y-muadil;KB122VFPC;Mitsubishi;Compresor KB122VFPC BSD122DT-P6AU 230V 50/60Hz-RK5450 Y Muadil;
compresor-mitsubishi-electric-xb357vfb-220-1-60-r134a;XB357VFB;Mitsubishi;Compresor Mitsubishi Electric XB357VFB, 220/1/60, R134a,;
fespack-220v-invertor-1-5kw;220V;Mitsubishi;FESPACK 220V. INVERTOR 1.5kW;
fespack-380v-invertor-2-2kw;380V;Mitsubishi;FESPACK 380V. INVERTOR 2.2kW;
fespack-380v-invertor-3-7kw-mitsubishi;380V;Mitsubishi;FESPACK 380V. Invertor 3.7KW Mitsubishi;
kompresor-mitsubishi-rn145vhsmt-220v-r410a;RN145VHSMT;Mitsubishi;Mitsubishi -Kompresör RN145VHSMT;
mitsubishi-compressor-rb173npf;RB173NPF;Mitsubishi;Mitsubishi Compressor RB173NPF;
mitsubishi-compressor-rb174ydk;RB174YDK;Mitsubishi;Mitsubishi Compressor RB174YDK;
mitsubishi-compressor-xb357gud;XB357GUD;Mitsubishi;Mitsubishi Compressor XB357GUD;
mitsubishi-compressor-xb357rug;XB357RUG;Mitsubishi;Mitsubishi Compressor XB357RUG;
mitsubishi-compressor-yb645veb;YB645VEB;Mitsubishi;Mitsubishi Compressor YB645VEB;
mitsubishi-compressor-yb645wtg;YB645WTG;Mitsubishi;Mitsubishi Compressor YB645WTG;
kompresor-mitsubishi-rh247vhat-220v-r22;RH247VHAT;Mitsubishi;Mitsubishi Kompresör RH247VHAT;
kompresor-mitsubishi-rn220vhsmt-220v-r410a;RN220VHSMT;Mitsubishi;Mitsubishi Kompresör RN220VHSMT;
neffes-nfs-1000-u-hava-temizleme-cihazi;NFS-1000-U;NEFFES;NEFFES NFS-1000-U Hava Temizleme Cihazı;
neffes-nfs-400-u-hava-temizleme-cihazi;NFS-400-U;NEFFES;NEFFES NFS-400-U Hava Temizleme Cihazı;
nfs-1000-u-filtre-seti;1000;NEFFES;NFS 1000 U Filtre Seti;
nfs-1000-u-hepa-filtre;1000;NEFFES;NFS 1000 U HEPA Filtre;
nfs-1000-u-karbon-filtre;1000;NEFFES;NFS 1000 U Karbon Filtre;
nfs-1000-u-uv-c-lamba;1000;NEFFES;NFS 1000 U UV-C Lamba;
nfs-1000-u-on-filtre;1000;NEFFES;NFS 1000 U Ön Filtre;
nfs-400-u-filtre-seti;400;NEFFES;NFS 400 U Filtre Seti;
nfs-400-u-hepa-filtre;400;NEFFES;NFS 400 U HEPA Filtre;
nfs-400-u-karbon-filtre;400;NEFFES;NFS 400 U KARBON Filtre;
nfs-400-u-uv-c-lamba;400;NEFFES;NFS 400 U UV-C Lamba;
nfs-400-u-on-filtre;400;NEFFES;NFS 400 U Ön Filtre;
neffes-nfs-aqm;;NEFFES;NFS-AirQM Hava Kalitesi Ölçüm Cihazı;
eco-lyme-cevreci-kirec-cozucu;;Nu-Calgon;ECO-LYME / Çevreci Klima Kireç Çözücü;
evap-treat-evaporatif-sogutucu-kirec-ve-camur-onleyici-17-000m3-h-kapasiteye-kadar;;Nu-Calgon;Evap-treat Evaporatif Kireç ve Çamur Önleyici;
evap-treat-evaporatif-sogutucu-kirec-ve-camur-onleyici-11-000m3-h-kapasiteye-kadar;;Nu-Calgon;Evaporatif Soğutucu Kireç ve Çamur Önleyici;
osram-ampul-hns-15-w-g13;G13;Osram;Osram Ampul HNS 15 W G13;
osram-ampul-hns-30-w-g13;G13;Osram;Osram UV Ampül HNS 30 W G13;
philips-uv-c-tuv-30w;;Philips;Philips UV-C TUV 30W Lamba;
2-el-rittal-sk-3382-500-tavan-klimasi-500-w-230v;3382.500;RITTAL;(2.el) Rittal SK 3382.500 Tavan Kliması 500 W 230V;
rittal-sk-3383100-2-el-klima;3383100;RITTAL;(2.el) Rittal SK 3383100 Tepe/Tavan Montajlı Klima 1000 W;
2-el-sk-3302100-rittal-yan-pnl-kapi-monteli-pano-klima-300w;3302.100;RITTAL;(2.el) SK 3302100 Rittal Yan pnl-kapı Monteli Pano Klima 300W;
rittal-sk-3328-500-2-el-klima;3328.500;RITTAL;(2.el) SK 3328.500 Yan pnl-kapı monteli Pano Kliması 2000W;
rittal-sk-3300930-recooling-systems-chiller-for-it-cooling;3300930;RITTAL;3300930 Recooling systems Chiller for IT cooling;
rittal-sk-3304160-zone-22-dust-explosion-proof-cooling-units-useful-cooling-output-1000-w;3304160;RITTAL;3304160 Zone 22 explosion-proof cooling units;
sk-termostat-sk-3335125-ciller-icin;3312.124;RITTAL;3312124 Rittal Yedek Parça;
sk-guc-karti;3312.224;RITTAL;3312224 PCB Güç Kartı;
sk-guc-karti-1;3312.324;RITTAL;3312324 PCB Güç Kartı;
sk-guc-karti-2;3312.424;RITTAL;3312424 PCB Güç Kartı;
sk-termostat-unitesi-pt100-24-v-uc;3312.524;RITTAL;3312524 Termostat Ünitesi;
pressostat-3329-3328-icin-sk-3397526;3397526;RITTAL;3329-3328 için SK 3397526;
sk-expansion-valve-9;3396.507;RITTAL;3396.507 Expansion Valve;
devre-karti;3396.053;RITTAL;3396053 Rittal Devre Kartı;
devre-karti-1;3396.054;RITTAL;3396054 Rittal Devre Kartı;
devre-karti-2;3396.056;RITTAL;3396056 Rittal Devre Kartı;
devre-karti-3;3396.057;RITTAL;3396057 Rittal Devre Kartı;
sk-pcb-kart-230v-3203-05-100-icin;3396.059;RITTAL;3396059 PCB Kart;
sk-controller-board;3396.065;RITTAL;3396065 Rittal Yedek Parça;
izgara;3396109;RITTAL;3396109 Izgara;
izgara-1;3396110;RITTAL;3396110 Izgara;
kuresel-vana;3396.118;RITTAL;3396118 Rittal Yedek Parça;
sk-coil-for-magnetic-valve;3396126;RITTAL;3396126 Solenoid Valf için Bobin;
sk-expansion-valve;3396205;RITTAL;3396205 Expansion Valve;
sk-expansion-valve-1;3396206;RITTAL;3396206 Expansion Valve;
sk-expansion-valve-2;3396208;RITTAL;3396208 Expansion Valve;
sk-expansion-valve-3;3396210;RITTAL;3396210 Expansion Valve;
sk-expansion-valve-4;3396212;RITTAL;3396212 Expansion Valve;
sk-genlesme-valfi-tx3-n38-r407c;3396213;RITTAL;3396213 Genleşme Valfi;
sk-valf;3396214;RITTAL;3396214 Valf;
sk-valf-1;3396215;RITTAL;3396215 Valf;
sk-valf-2;3396216;RITTAL;3396216 Valf;
sk-selenoid-valf-eur6-danfoss-32f1213;3396218;RITTAL;3396218 Selenoid Valf;
sk-controller;3396.274;RITTAL;3396274 Controller;
sk-yedek-parca-2;3396.275;RITTAL;3396275 Rittal Yedek Parça;
sk-guc-karti-3;3396.276;RITTAL;3396276 PCB Güç Kartı;
sk-pcb-kart;3396.277;RITTAL;3396277 PCB Güç Kartı;
sk-guc-karti-4;3396.279;RITTAL;3396279 PCB Güç Kartı;
sk-controller-board-1;3396.288;RITTAL;3396288 Rittal Yedek Parça;
sk-controller-2;3396.292;RITTAL;3396292 Controller;
sk-guc-karti-5;3396.293;RITTAL;3396293 PCB Güç Kartı;
medium-sensor-sk-3396298;3396298;RITTAL;3396298 Rittal Yedek Parça;
sk-guc-karti-6;3396.309;RITTAL;3396309 PCB Güç Kartı;
sk-guc-karti-7;3396.310;RITTAL;3396310 PCB Güç Kartı;
kapak;3396312;RITTAL;3396312 Rittal Kapak;
kapak-1;3396313;RITTAL;3396313 Rittal Kapak;
su-kontrol-modulleri-lcp-icin;3396.328;RITTAL;3396328 Fan Kontrol Modülü;
kontrol-modulu-lcp-icin;3396329;RITTAL;3396329 Kontrol Modülü LCP için;
sk-control-module-fan;3396.330;RITTAL;3396330 Fan Kontrol Modülü;
medium-sensor-sk-3396337;3396.337;RITTAL;3396337 Rittal Yedek Parça;
sk-valve;3396419;RITTAL;3396419 Rittal Valve;
sk-valf-3;3396420;RITTAL;3396420 Rittal Valf;
sk-valf-4;3396423;RITTAL;3396423 Valf;
sk-valve-1;3396424;RITTAL;3396424 Valve;
level-monitor-sk-3396454;3396.454;RITTAL;3396454 Seviye Göstergesi;
su-samandirasi-3336709-icin-sk-3396467;3396.467;RITTAL;3396467 Rittal 3336709 için Yedek Parça;
level-monitor-sk-3396470;3396.470;RITTAL;3396470 Seviye Göstergesi;
level-monitor-sk-3396472;3396.472;RITTAL;3396472 Seviye Göstergesi;
level-monitor-sk-3396475;3396.475;RITTAL;3396475 Seviye Göstergesi;
sk-genlesme-valfi;3396477;RITTAL;3396477 Genleşme Valfi;
sk-expansion-valve-5;3396480;RITTAL;3396480 Expansion Valve;
sk-expansion-valve-6;3396483;RITTAL;3396483 Expansion Valve;
sk-expansion-valve-7;3396484;RITTAL;3396484 Genleşme Valfi;
sk-genlesme-valfi-2;3396485;RITTAL;3396485 Genleşme Valfi;
sk-expansion-valve-8;3396487;RITTAL;3396487 Genleşme Vanası;
sk-genlesme-valfi-3;3396488;RITTAL;3396488 Genleşme Valfi;
sk-genlesme-valfi-4;3396490;RITTAL;3396490 Genleşme Valfi;
sk-genlesme-valfi-tx6-n14-r407c;3396492;RITTAL;3396492 Genleşme Valfi;
sk-genlesme-valfi-5;3396493;RITTAL;3396493 Genleşme Valfi;
sk-expansion-valve-10;3396507;RITTAL;3396507 Expansion Valve;
sk-genlesme-valfi-6;3396.508;RITTAL;3396508 Genleşme Valfi;
sk-genlesme-valfi-7;3396512;RITTAL;3396512 Genleşme Valfi;
sk-controller-3;3396.515;RITTAL;3396515 Controller;
sk-controller-4;3396.516;RITTAL;3396516 Controller;
sk-yedek-parca-3;3396.517;RITTAL;3396517 Rittal Yedek Parça;
sk-termostat-1;3396.518;RITTAL;3396518 Termostat;
sk-guc-karti-8;3396.521;RITTAL;3396521 PCB Güç Kartı;
sk-controller-5;3396.522;RITTAL;3396522 Controller;
sk-controller-6;3396.523;RITTAL;3396523 Controller;
su-kontrol-modulleri-lcp-icin-1;3396538;RITTAL;3396538 Fan Kontrol Modülü;
kontrol-modulu-lcp-icin-1;3396.539;RITTAL;3396539 Kontrol Modülü LCP için;
sk-control-module-fan-1;3396540;RITTAL;3396540 Fan Kontrol Modülü;
sk-board-230vac-hava-hava-isi-degistirici-icin;3396.555;RITTAL;3396555 Rittal Devre Kartı;
sk-temel-regler-rev-2-0-230v-g-160mm;3396.556;RITTAL;3396556 Rittal Yedek Parça;
sk-pcb-kart-1;3396.557;RITTAL;3396557 PCB Güç Kartı;
sk-float-actuated-switch;3396.558;RITTAL;3396558 Şamandıralı Anahtar;
sk-float-actuated-switch-1;3396.559;RITTAL;3396559 Şamandıralı Anahtar;
sk-valf-5;3396570;RITTAL;3396570 Valf;
sk-valf-6;3396.571;RITTAL;3396571 Rittal Valf;
sk-valf-7;3396573;RITTAL;3396573 Rittal Valf;
sk-genlesme-valfi-8;3396574;RITTAL;3396574 Genleşme Valfi;
sk-genlesme-valfi-9;3396575;RITTAL;3396575 Genleşme Valfi;
sk-genlesme-valfi-10;3396576;RITTAL;3396576 Genleşme Valfi;
sk-genlesme-valfi-11;3396577;RITTAL;3396577 Genleşme Valfi;
3-yollu-vana;3396579;RITTAL;3396579 3 Yollu Valf;
3-yollu-vana-1;3396582;RITTAL;3396582 3 Yollu Valf;
sk-controller-7;3396.583;RITTAL;3396583 Rittal Controller;
sk-guc-karti-9;3396.584;RITTAL;3396584 PCB Güç Kartı;
isi-sensoru-kiti-sk-3396586;3396.586;RITTAL;3396586 Rittal Sensör;
sk-valf-8;3396606;RITTAL;3396606 Valf;
sk-valve-2;3396611;RITTAL;3396611 Rittal Valf;
sk-coil-for-magnetic-valve-1;3396616;RITTAL;3396616 Solenoid Valf için Bobin;
sk-valf-10;3396618;RITTAL;3396618 Valf;
sk-valf-11;3396619;RITTAL;3396619 Rittal Valf;
sk-expansion-valve-11;3396623;RITTAL;3396623 Genleşme Vanası;
sk-pcb-kart-2;3396.627;RITTAL;3396627 Rittal PCB Kart;
sk-pcb-kart-3334600-icin;3396.628;RITTAL;3396628 PCB Kart;
sk-pcb-kart-230-v-mini-ciller-icin;3396.637;RITTAL;3396637 PCB Kart Mini Çiller için;
sk-guc-karti-11;3396.638;RITTAL;3396638 PCB Güç Kartı;
sk-control-module-fan-2;3396642;RITTAL;3396642 Fan Kontrol Modülü;
sk-controller-8;3396.664;RITTAL;3396664 Rittal Controller;
sk-pcb-kart-230v;3396665;RITTAL;3396665 PCB Kart;
sk-guc-karti-12;3396.681;RITTAL;3396681 PCB Güç Kartı;
kontrol-modulu-lcp-icin-2;3396683;RITTAL;3396683 Fan Kontrol Modülü;
su-kontrol-modulleri-lcp-icin-2;3396684;RITTAL;3396684 Fan Kontrol Modülü;
sk-control-module-fan-3;3396685;RITTAL;3396685 Fan Kontrol Modülü;
sk-esb-kart-rlcp;3396.686;RITTAL;3396686 Rittal ESB Kart;
sk-control-ball-valve;3396.689;RITTAL;3396689 Rittal Yedek Parça;
sk-manyetik-valf-230-v;3396695;RITTAL;3396695 Manyetik Valf;
sk-float-actuated-switch-2;3396.699;RITTAL;3396699 Şamandıralı Anahtar;
sk-expansion-valve-12;3396702;RITTAL;3396702 Genleşme Vanası;
sk-valf-13;3396703;RITTAL;3396703 Rittal Valf;
izgara-2;3396706;RITTAL;3396706 Izgara;
izgara-3;3396707;RITTAL;3396707 Izgara;
izgara-4;3396708;RITTAL;3396708 Izgara;
sk-pcb-kart-basic-230v;3396.712;RITTAL;3396712 PCB Kart;
sk-pcb-kart-komfort-esanjor-icin-230v;3396.714;RITTAL;3396714 Rittal PCB Kart;
sk-float-actuated-switch-3;3396.720;RITTAL;3396720 Şamandıralı Anahtar;
izgara-5;3397003;RITTAL;3397003 Izgara;
izgara-6;3397013;RITTAL;3397013 Izgara;
izgara-7;3397023;RITTAL;3397023 Rittal Izgara;
izgara-8;3397037;RITTAL;3397037 Izgara;
sk-yedek-parca-5;3397039;RITTAL;3397039 Rittal Yedek Parça;
kapak-4;3397040;RITTAL;3397040 Rittal Kapak;
sk-izgara-kapak;3397042;RITTAL;3397042 Izgara Kapak;
sk-genisleme-valfi;3397050;RITTAL;3397050 Genişleme Valfi;
sk-valf-14;3397051;RITTAL;3397051 Valf;
sk-genlesme-valfi-12;3397053;RITTAL;3397053 Genleşme Valfi;
sk-genlesme-valfi-13;3397068;RITTAL;3397068 Genleşme Valfi;
sk-izgara-kapak-1;3397073;RITTAL;3397073 Izgara Kapak;
sk-non-return-valve;3397081;RITTAL;3397081 Emniyet Valfi;
sk-izgara-kapak-2;3397083;RITTAL;3397083 Izgara Kapak;
sk-izgara-kapak-3;3397084;RITTAL;3397084 Izgara Kapak;
sk-izgara-kapak-5;3397087;RITTAL;3397087 Izgara Kapak;
sk-izgara-kapak-6;3397095;RITTAL;3397095 Izgara Kapak;
sk-izgara-kapak-7;3397096;RITTAL;3397096 Izgara Kapak;
sk-membrane-keyboard;3397098;RITTAL;3397098 Metal Filtre;
sk-izgara-kapak-8;3397099;RITTAL;3397099 Izgara Kapak;
sk-cover;3397106;RITTAL;3397106 Kapak Rittal Cover;
sk-izgara-kapak-3203100-icin;3397115;RITTAL;3397115 Izgara Kapak;
sk-izgara-kapak-9;3397117;RITTAL;3397117 Izgara Kapak;
sk-izgara-kapak-10;3397135;RITTAL;3397135 Izgara Kapak;
sk-expansion-valf;3397143;RITTAL;3397143 Expansion Valf;
sk-grille-3;3397167;RITTAL;3397167 Izgara Grille;
sk-genlesme-valfi-14;3397170;RITTAL;3397170 Genleşme Valfi;
kapak-6;3397204;RITTAL;3397204 Rittal Kapak;
sk-grille-4;3397227;RITTAL;3397227 Rittal Grille;
sk-klima-on-izgarasi-tip-b;3397229;RITTAL;3397229 Klima Ön Izgarası;
sk-izgara-kapak-11;3397230;RITTAL;3397230 Izgara Kapak;
sk-izgara-kapak-12;3397231;RITTAL;3397231 Izgara Kapak;
sk-dislay-kapagi-3298100-icin;3397232;RITTAL;3397232 Dıslay Kapağı 3298100 için;
sk-on-kapak-3391500-icin;3397237;RITTAL;3397237 Rittal Ön Kapak;
pano-1;3397250;RITTAL;3397250 Pano;
kapak-8;3397263;RITTAL;3397263 Kapak;
sk-izgara-kapak-13;3397264;RITTAL;3397264 Izgara Kapak;
sk-guc-karti-13;3397.300;RITTAL;3397300 PCB Güç Kartı;
sk-expansiyon-valf-3329540-icin;3397.334;RITTAL;3397334 Expansiyon Valf;
sk-izgara-kapak-14;3397337;RITTAL;3397337 Izgara Kapak;
medium-sensor-sk-3397342;3397.342;RITTAL;3397342 Rittal Yedek Parça;
sk-izgara-kapak-15;3397375;RITTAL;3397375 Izgara kapak;
pano-2;3397377;RITTAL;3397377 Rittal Pano;
pano-3;3397378;RITTAL;3397378 Pano;
sk-expansion-valf-1;3397383;RITTAL;3397383 Rittal Expansion valf;
sk-valf-15;3397392;RITTAL;3397392 Valf;
sk-yedek-parca-4;3397401;RITTAL;3397401 Yedek Parça;
kapak-9;3397419;RITTAL;3397419 Rittal Kapak;
pano-4;3397420;RITTAL;3397420 Pano;
kapak-10;3397423;RITTAL;3397423 Rittal Kapak;
sk-alt-tava;3397426;RITTAL;3397426 Rittal Alt Tava;
sk-controller-9;3397.469;RITTAL;3397469 Rittal Controller;
sk-sealing-plate-1;3397511;RITTAL;3397511 Yalıtım Plakası;
sk-on-plastik-kapak-1-ust-bolum;3397529;RITTAL;3397529 Ön Plastik Kapak;
sk-on-plastik-kapak-2-alt-bolum;3397531;RITTAL;3397531 Ön Plastik Kapak;
sk-cover-5;3397553;RITTAL;3397553 Rittal Cover;
sk-cover-baslik-42;3397593;RITTAL;3397593 Rittal Cover Başlık;
sk-genisleme-valfi-1;3397602;RITTAL;3397602 Genişleme Valfi;
sk-cover-baslik-47;3397620;RITTAL;3397620 Rittal Cover Başlık;
sk-cover-baslik-48;3397626;RITTAL;3397626 Rittal Cover Başlık;
sk-cover-1;3397660;RITTAL;3397660 Kapak Cover;
sk-cover-6;3397697;RITTAL;3397697 Rittal Cover;
sk-float-actuated-switch-4;3397.767;RITTAL;3397767 Şamandıralı Anahtar;
sk-valf-16;3397790;RITTAL;3397790 Valf;
sk-control-ball-valve-1;3397.797;RITTAL;3397797 Rittal Yedek Parça;
sk-base;3397806;RITTAL;3397806 Rittal Yedek Parça;
sk-3383100-icin-taban-tepsisi;3397808;RITTAL;3397808 Rittal Taban Tepsisi;
sk-taban-tepsisi-3386540-icin;3397809;RITTAL;3397809 Rittal Taban Tepsisi;
sk-klima-kasasi-sk-3304-3305-icin;3397812;RITTAL;3397812 Rittal Klima Kasası;
sk-cover-8;3397813;RITTAL;3397813 Rittal Cover;
sk-cover-baslik-49;3397814;RITTAL;3397814 Rittal Cover Başlık;
sk-accessory-bag-16;3397825;RITTAL;3397825 Aksesuar Çantası;
sk-float-actuated-switch-5;3397.843;RITTAL;3397843 Şamandıralı Anahtar;
pano-6;3397846;RITTAL;3397846 Pano;
sk-float-actuated-switch-6;3397849;RITTAL;3397849 Şamandıralı Anahtar;
pano-7;3397850;RITTAL;3397850 Pano;
sk-valve-3;3397855;RITTAL;3397855 Valve;
sk-coil-for-magnetic-valve-2;3397858;RITTAL;3397858 Coil for Magnetic Valve;
sk-float-actuated-switch-7;3397859;RITTAL;3397859 Şamandıralı Anahtar;
sk-guc-karti-14;3397.860;RITTAL;3397860 PCB Güç Kartı;
sk-coil-for-magnetic-valve-3;3397862;RITTAL;3397862 Solenoid Valf için Bobin;
sk-guc-karti-15;3397.864;RITTAL;3397864 PCB Güç Kartı;
sk-controller-10;3397.888;RITTAL;3397888 Controller;
2-yollu-vana;3397890;RITTAL;3397890 2 Yollu Valf;
2-yollu-vana-1;3397891;RITTAL;3397891 2 Yollu Valf;
3-yollu-vana-2;3397892;RITTAL;3397892 3 Yollu Valf;
3-yollu-vana-3;3397893;RITTAL;3397893 3 Yollu Vana;
3-yollu-vana-4;3397894;RITTAL;3397894 3 Yollu Vana;
sk-guc-karti-16;3397.900;RITTAL;3397900 PCB Güç Kartı;
devir-regulatoru;3397904;RITTAL;3397904 Devir Regülatörü;
devir-regulatoru-1;3397905;RITTAL;3397905 Devir Regülatörü;
sk-genlesme-valfi-15;3397917;RITTAL;3397917 Genleşme Valfi;
sk-genlesme-valfi-16;3397918;RITTAL;3397918 Genleşme Valfi;
sk-genlesme-valfi-17;3397919;RITTAL;3397919 Genleşme Valfi;
sk-genlesme-valfi-18;3397920;RITTAL;3397920 Genleşme Valfi;
sk-valf-17;3397925;RITTAL;3397925 Valf;
sk-valve-4;3397927;RITTAL;3397927 Valve;
sk-coil-for-magnetic-valve-4;3397948;RITTAL;3397948 Selenoid Valf Bobini;
sk-valf-18;3397949;RITTAL;3397949 Rittal Valf;
sk-guc-karti-17;3397.953;RITTAL;3397953 PCB Güç Kartı;
cekvalf;3397982;RITTAL;3397982 Çekvalf;
sk-float-actuated-switch-8;3397.992;RITTAL;3397992 Rittal Şamandıralı Anahtar;
sk-actuator;3397996;RITTAL;3397996 Rittal Yedek Parça;
esitleme-valfi;3398004;RITTAL;3398004 Eşitleme Valfi;
esitleme-valfi-2;3398006;RITTAL;3398006 Eşitleme Valfi;
esitleme-valfi-3;3398007;RITTAL;3398007 Eşitleme Valfi;
esitleme-valfi-4;3398008;RITTAL;3398008 Eşitleme Valfi;
sk-valve-5;3398017;RITTAL;3398017 Rittal Valve;
sk-controller-11;3398.020;RITTAL;3398020 PCB Güç Kartı;
sk-valve-6;3398021;RITTAL;3398021 Rittal Valf;
sk-valve-7;3398022;RITTAL;3398022 Rittal Valf;
sk-valve-8;3398023;RITTAL;3398023 Rittal Valve;
sk-actuator-1;3398024;RITTAL;3398024 Rittal Yedek Parça;
sk-actuator-2;3398025;RITTAL;3398025 Servo Motor;
sk-valve-9;3398031;RITTAL;3398031 Rittal Valf;
sk-valve-10;3398032;RITTAL;3398032 Rittal Valve;
3-yollu-vana-5;3398034;RITTAL;3398034 3 Yollu Vana;
sk-expansion-valve-13;3398041;RITTAL;3398041 Genleşme Vanası;
sk-expansion-valve-14;3398042;RITTAL;3398042 Genleşme Vanası;
sk-genlesme-valfi-19;3398043;RITTAL;3398043 Genleşme Valfi;
sk-expansion-valve-15;3398045;RITTAL;3398045 Genleşme Vanası;
sk-genlesme-valfi-21;3398046;RITTAL;3398046 Genleşme Valfi;
sk-genlesme-valfi-22;3398047;RITTAL;3398047 Genleşme Valfi;
sk-valve-11;3398059;RITTAL;3398059 Rittal Valve;
sk-controller-12;3398.071;RITTAL;3398071 PCB Güç Kartı;
sk-speed-control;3398087;RITTAL;3398087 Devir Regülatörü;
samandirali-anahtar;3398.108;RITTAL;3398108 Rittal Şamandıralı Anahtar;
sk-valve-12;3398112;RITTAL;3398112 Rittal Valf;
sk-expansion-valve-16;3398116;RITTAL;3398116 Ganleşme Vanası;
sk-expansion-valve-17;3398117;RITTAL;3398117 Genleşme Vanası;
sk-expansion-valve-18;3398118;RITTAL;3398118 Genleşme Vanası;
sk-genlesme-valfi-23;3398119;RITTAL;3398119 Genleşme Valfi;
sk-expansion-valve-19;3398120;RITTAL;3398120 Genleşme Vanası;
sk-genlesme-valfi-24;3398121;RITTAL;3398121 Genleşme Vanası;
sk-valve-13;3398127;RITTAL;3398127 Rittal Valve;
sk-valve-14;3398128;RITTAL;3398128 Rittal Valve;
sk-coil-for-magnetic-valve-5;3398130;RITTAL;3398130 Selenoid Valf Bobini;
sk-coil-for-magnetic-valve-6;3398131;RITTAL;3398131 Selenoid Valf Bobini;
sk-genlesme-valfi-25;3398139;RITTAL;3398139 Genleşme Vanası;
sk-actuator-3;3398143;RITTAL;3398143 Servo Motor;
3-yollu-vana-6;3398144;RITTAL;3398144 3 Yollu Valf;
sk-actuator-4;3398145;RITTAL;3398145 Servo Motor;
sk-genlesme-valfi-26;3398149;RITTAL;3398149 Genleşme Vanası;
sk-menfez-tutucu-yeni-versiyon-10lu-pk;3398152;RITTAL;3398152 Menfez Tutucu 10'lu pk;
sk-valve-15;3398154;RITTAL;3398154 Valve;
sk-valve-16;3398155;RITTAL;3398155 Rittal Valve;
sk-cover-9;3398158;RITTAL;3398158 Rittal Cover;
sk-valve-17;3398160;RITTAL;3398160 Rittal Valve;
level-monitor-sk-3398173;3398.173;RITTAL;3398173 Seviye Göstergesi;
sk-non-return-valve-1;3398180;RITTAL;3398180 Emniyet Valfi;
sk-expansion-valve-20;3398181;RITTAL;3398181 Genleşme Vanası;
sk-controller-13;3398.189;RITTAL;3398189 PCB Güç Kartı;
sk-speed-control-1;3398191;RITTAL;3398191 Devir Regülatörü;
sk-maintenance-switch;3398192;RITTAL;3398192 Bakım Şalteri;
sk-speed-control-2;3398194;RITTAL;3398194 Devir Regülatörü;
kontrol-modulu-lcp-icin-3;3398.195;RITTAL;3398195 Fan Kontrol Modülü;
su-kontrol-modulleri-lcp-icin-3;3398196;RITTAL;3398196 Fan Kontrol Modülü;
sk-lcp-fan-kontrolloru;3398197;RITTAL;3398197 Fan Kontrol Modülü;
sk-esb-kart-rlcp-1;3398.199;RITTAL;3398199 Rittal ESB Kart;
sk-controller-14;3398.215;RITTAL;3398215 PCB Güç Kartı;
sk-genlesme-valfi-27;3398220;RITTAL;3398220 Genleşme Valfi;
sk-guc-karti-18;3398.223;RITTAL;3398223 PCB Güç Kartı;
su-seviye-gosterge-probu-sk-3398225;3398.225;RITTAL;3398225 Seviye Göstergesi;
sk-valve-18;3398226;RITTAL;3398226 Rittal Valf;
sk-valve-19;3398232;RITTAL;3398232 Valf;
sk-valve-20;3398233;RITTAL;3398233 Rittal Valf;
sk-guc-karti-19;3398236;RITTAL;3398236 PCB Güç Kartı;
sk-valve-21;3398237;RITTAL;3398237 Rittal Valf;
sk-valve-22;3398238;RITTAL;3398238 Rittal Valf;
sk-genlesme-valfi-28;3398239;RITTAL;3398239 Genleşme Valfi;
sk-guc-karti-20;3398245;RITTAL;3398245 Güç Kartı;
2-yollu-vana-2;3398249;RITTAL;3398249 2 Yollu Valf;
sk-genlesme-valfi-29;3398256;RITTAL;3398256 Genleşme Valfi;
sk-genlesme-valfi-30;3398272;RITTAL;3398272 Genleşme Valfi;
sk-genlesme-valfi-31;3398273;RITTAL;3398273 Genleşme Valfi;
sk-valve-23;3398274;RITTAL;3398274 Valve;
sk-kontrol-unitesi;3398.277;RITTAL;3398277 Kontrol Ünitesi;
sk-valve-24;3398279;RITTAL;3398279 Valf;
sk-controller-15;3398.283;RITTAL;3398283 Controller;
sk-fan-trim-panel-1;3398316;RITTAL;3398316 Rittal Fan Kaplaması;
sk-valve-25;3398323;RITTAL;3398323 Valve;
hiz-kontrolu;3398325;RITTAL;3398325 Devir Regülatörü;
sk-genlesme-valfi-32;3398334;RITTAL;3398334 Genleşme Valfi;
sk-coil-for-magnetic-valve-7;3398343;RITTAL;3398343 Coil for Magnetic Valve;
fan-kaplamasi-1;3398344;RITTAL;3398344 Rittal Fan Kaplaması;
sk-izgara-kapak-20;3398346;RITTAL;3398346 Izgara Kapak;
sk-cover-2;3398348;RITTAL;3398348 Kapak Cover;
sk-genlesme-valfi-33;3398352;RITTAL;3398352 Genleşme Valfi;
sk-controller-16;3398.358;RITTAL;3398358 Controller;
sk-valve-26;3398359;RITTAL;3398359 Valf;
sk-controller-17;3398.365;RITTAL;3398365 Controller;
sk-coil-for-magnetic-valve-8;3398377;RITTAL;3398377 Solenoid Valf için Bobin;
sk-valve-27;3398379;RITTAL;3398379 Valve;
sk-valve-28;3398380;RITTAL;3398380 Valf;
sk-expansion-valve-21;3398399;RITTAL;3398399 Genleşme Vanası;
sk-genlesme-valfi-34;3398414;RITTAL;3398414 Genleşme Valfi;
sk-non-return-valve-2;3398422;RITTAL;3398422 Emniyet Valfi;
sk-valve-29;3398423;RITTAL;3398423 Valf;
2-yollu-vana-3;5050181;RITTAL;5050181 2 Yollu Valf;
sk-2-way-valve;5050182;RITTAL;5050182 2 Yollu Valf;
2-yollu-vana-4;5050183;RITTAL;5050183 2 Yollu Valf;
sk-2-way-valve-1;5050184;RITTAL;5050184 2 Yollu Valf;
sk-2-way-valve-2;5050185;RITTAL;5050185 2 Yollu Valf;
3-yollu-vana-7;5050186;RITTAL;5050186 3 Yollu Valf;
sk-3-way-valve;5050187;RITTAL;5050187 3 Yollu Valf;
sk-3-way-valve-1;5050188;RITTAL;5050188 3 Yollu Valf;
sk-3-way-valve-2;5050189;RITTAL;5050189 Üç Yollu Valf;
sk-controller-18;5050196;RITTAL;5050196 Controller;
so-flex-block-baza-birlestirme-kolu-12li-pk;8000500;RITTAL;8000500 SO Flex-Block Baza Birleştirme Kolu;
single-door-climate-controlled-enclosures;8607100;RITTAL;8607100 Tek Kapılı Muhafaza;
cs-outdoor-enclosures-enclosure-heaters-1000w;9769015;RITTAL;9769015 Outdoor Enclosure heaters 1000W;
cs-outdoor-enclosures-enclosure-heaters-600w;9769023;RITTAL;9769023 Outdoor Enclosures;
as-4050005-smart-lifter-akilli-tasiyici;4050005;RITTAL;AS 4050005 Smart Lifter / Akıllı Taşıyıcı;
as-4050130-functional-trolley;4050130;RITTAL;AS 4050130 Functional trolley;
rittal-as-4050140-lifting-aid-for-mounting-plate-for-ax-kaldirma-yardimcisi-montaj-plakasi-ax-serisi-icin;4050140;RITTAL;AS 4050140 Kaldırma yardımcısı montaj plakası;
as-4050435-wiring-duct-cutter;4050435;RITTAL;AS 4050435 Wiring duct cutter;
as-4050436-spare-blade-mc-125;4050436;RITTAL;AS 4050436 Spare blade MC 125;
as-4050437-tasiyici-ray-kesici-mc3;4050437;RITTAL;AS 4050437 Taşıyıcı ray kesici MC3;
rittal-as-4050722-deburring-blade-capak-alma-bicagi;4050722;RITTAL;AS 4050722 Deburring blade / Çapak alma bıçağı;
rittal-as-4050723-steel-blade-celik-bicak-capak-alma-bicaklari-icin;4050723;RITTAL;AS 4050723 Çelik bıçak Çapak alma bıçağı için;
rittal-as-4052000-multitool-for-ax-vx-cok-amacli-ax-vx-icin;4052000;RITTAL;AS 4052000 Multitool for AX VX;
rittal-as-4052001-screwdrivers-for-slot-head-screws;4052001;RITTAL;AS 4052001 Screwdrivers For slot-head screws;
rittal-as-4052003-screwdrivers-for-slot-head-screws;4052003;RITTAL;AS 4052003 Screwdrivers For slot-head screws;
rittal-as-4052004-screwdrivers-for-slot-head-screws;4052004;RITTAL;AS 4052004 Screwdrivers For slot-head screws;
rittal-as-4052007-screwdrivers-for-slot-head-screws;4052007;RITTAL;AS 4052007 Screwdrivers For slot-head screws;
rittal-as-4052011-screwdrivers-for-slot-head-screws;4052011;RITTAL;AS 4052011 Screwdrivers For slot-head screws;
rittal-as-4052014-screwdrivers-for-slot-head-screws;4052014;RITTAL;AS 4052014 Screwdrivers For slot-head screws;
rittal-as-4052018-screwdrivers-for-slot-head-screws;4052018;RITTAL;AS 4052018 Screwdrivers For slot-head screws;
rittal-as-4052021-screwdrivers-for-pozidriv-screws;4052021;RITTAL;AS 4052021 Screwdrivers For Pozidriv screws;
rittal-as-4052022-screwdrivers-for-pozidriv-screws;4052022;RITTAL;AS 4052022 Screwdrivers For Pozidriv screws;
rittal-as-4052031-screwdrivers-for-phillips-head-screws;4052031;RITTAL;AS 4052031 Screwdrivers For Phillips-head screws;
rittal-as-4052032-screwdrivers-for-phillips-head-screws;4052032;RITTAL;AS 4052032 Screwdrivers For Phillips-head screws;
rittal-as-4052038-screwdrivers-for-phillips-head-screws;4052038;RITTAL;AS 4052038 Screwdrivers For Phillips-head screws;
rittal-as-4052053-screwdrivers-for-multi-tooth-screws;4052053;RITTAL;AS 4052053 Screwdrivers For multi-tooth screws;
rittal-as-4052054-screwdrivers-for-multi-tooth-screws;4052054;RITTAL;AS 4052054 Screwdrivers For multi-tooth screws;
rittal-as-4052055-screwdrivers-for-multi-tooth-screws;4052055;RITTAL;AS 4052055 Screwdrivers For multi-tooth screws;
rittal-as-4052056-screwdrivers-for-multi-tooth-screws;4052056;RITTAL;AS 4052056 Screwdrivers For multi-tooth screws;
rittal-as-4052058-screwdrivers-for-multi-tooth-screws;4052058;RITTAL;AS 4052058 Screwdrivers For multi-tooth screws;
rittal-as-4052101-screwdrivers-for-slot-head-screws;4052101;RITTAL;AS 4052101 Screwdrivers For slot-head screws;
rittal-as-4052102-screwdrivers-for-slot-head-screws;4052102;RITTAL;AS 4052102 Screwdrivers For slot-head screws;
rittal-as-4052104-screwdrivers-for-slot-head-screws;4052104;RITTAL;AS 4052104 Screwdrivers For slot-head screws;
rittal-as-4052106-screwdrivers-for-slot-head-screws;4052106;RITTAL;AS 4052106 Screwdrivers For slot-head screws;
rittal-as-4052107-screwdrivers-for-slot-head-screws;4052107;RITTAL;AS 4052107 Screwdrivers For slot-head screws;
rittal-as-4052121-screwdrivers-for-pozidriv-screws;4052121;RITTAL;AS 4052121;
rittal-as-4052122-screwdrivers-for-pozidriv-screws;4052122;RITTAL;AS 4052122 Tornavida yalıtımlı;
rittal-as-4052131-screwdrivers-for-phillips-head-screws;4052131;RITTAL;AS 4052131 Screwdrivers For Phillips-head screws;
rittal-as-4052132-screwdrivers-for-phillips-head-screws;4052132;RITTAL;AS 4052132 Screwdrivers For Phillips-head screws;
rittal-as-4052141-screwdrivers-for-plus-minus;4052141;RITTAL;AS 4052141 Screwdrivers For plus/minus;
rittal-as-4052142-screwdrivers-for-plus-minus;4052142;RITTAL;AS 4052142 Screwdrivers For plus/minus;
rittal-as-4052200-screwdriver-set-uninsulated;4052200;RITTAL;AS 4052200 Screwdriver set uninsulated;
rittal-as-4052201-screwdriver-set-uninsulated;4052201;RITTAL;AS 4052201 Screwdriver set uninsulated;
rittal-as-4052202-screwdriver-set-uninsulated;4052202;RITTAL;AS 4052202 Tornavida seti yalıtımsız;
rittal-as-4052210-screwdriver-set-insulated;4052210;RITTAL;AS 4052210 Screwdriver set insulated;
rittal-as-4052211-screwdriver-set-insulated;4052211;RITTAL;AS 4052211 Screwdriver set insulated;
rittal-as-4052212-screwdriver-set-insulated;4052212;RITTAL;AS 4052212 Screwdriver set insulated;
rittal-as-4052480-hex-wrench-set-for-allen-screws;4052480;RITTAL;AS 4052480 Hex wrench set for Allen screws;
rittal-as-4052500-drilling-template-for-ax-delik-sablonu-ax-serisi-icin;4052500;RITTAL;AS 4052500 Drilling template for AX;
rittal-as-4053002-industrial-bit-for-cordless-screwdrivers-with-long-shaft;4053002;RITTAL;AS 4053002;
rittal-as-4053003-industrial-bit-for-cordless-screwdrivers-with-long-shaft;4053003;RITTAL;AS 4053003;
rittal-as-4053011-industrial-bit-for-cordless-screwdrivers-with-long-shaft;4053011;RITTAL;AS 4053011;
rittal-as-4053012-industrial-bit-for-cordless-screwdrivers-with-long-shaft;4053012;RITTAL;AS 4053012;
rittal-as-4053021-industrial-bit-for-cordless-screwdrivers-with-long-shaft;4053021;RITTAL;AS 4053021;
rittal-as-4053022-industrial-bit-for-cordless-screwdrivers-with-long-shaft;4053022;RITTAL;AS 4053022;
rittal-as-4053031-industrial-bit-for-cordless-screwdrivers-with-long-shaft;4053031;RITTAL;AS 4053031;
rittal-as-4053032-industrial-bit-for-cordless-screwdrivers-with-long-shaft;4053032;RITTAL;AS 4053032;
rittal-as-4053041-industrial-bit-for-cordless-screwdrivers-with-long-shaft;4053041AS;RITTAL;AS 4053041;
rittal-as-4053042-industrial-bit-for-cordless-screwdrivers-with-long-shaft;4053042;RITTAL;AS 4053042;
rittal-as-4053043-industrial-bit-for-cordless-screwdrivers-with-long-shaft;4053043;RITTAL;AS 4053043;
rittal-as-4053044-industrial-bit-for-cordless-screwdrivers-with-long-shaft;4053044;RITTAL;AS 4053044;
rittal-as-4053045-industrial-bit-for-cordless-screwdrivers-with-long-shaft;4053045;RITTAL;AS 4053045;
rittal-as-4053046-industrial-bit-for-cordless-screwdrivers-with-long-shaft;4053046;RITTAL;AS 4053046;
rittal-as-4053047-industrial-bit-for-cordless-screwdrivers-with-long-shaft;4053047;RITTAL;AS 4053047;
rittal-as-4053300-bit-set-with-bit-holder;4053300;RITTAL;AS 4053300 Bit set with bit holder;
rittal-as-4053310-bit-holder-magnetic;4053310;RITTAL;AS 4053310 Bit holder magnetic;
rittal-as-4053400-industrial-bit-set-for-cordless-screwdriver-with-long-shaft;4053400;RITTAL;AS 4053400;
rittal-as-4053410-industrial-bit-set-for-cordless-screwdriver-with-long-shaft;4053410AS;RITTAL;AS 4053410 tornavida için endüstriyel uç seti;
rittal-as-4053420-bit-holder-with-handle-magnetic;4053420;RITTAL;AS 4053420 Bit holder with handle, magnetic;
rittal-as-4053450-screwdriver-set-uninsulated;4053450;RITTAL;AS 4053450 Screwdriver set uninsulated;
rittal-as-4053500-tool-bag;4053500;RITTAL;AS 4053500 Tool bag Configured;
rittal-as-4054000-crimping-pliersfor-wire-end-ferrules;4054000;RITTAL;AS 4054000 Crimping pliersfor wire end ferrules;
rittal-as-4054001-crimping-pliersfor-wire-end-ferrules;4054001;RITTAL;AS 4054001 Crimping pliersfor wire end ferrules;
rittal-as-4054002-crimping-pliers-for-wire-end-ferrules;4054002;RITTAL;AS 4054002 Crimping pliers for wire end ferrules;
rittal-as-4054003-crimping-pliers-for-wire-end-ferrules;4054003;RITTAL;AS 4054003 Crimping pliers for wire end ferrules;
rittal-as-4054004-crimping-pliersfor-wire-end-ferrules;4054004;RITTAL;AS 4054004 Crimping pliersfor wire end ferrules;
rittal-as-4054008-crimping-pliersfor-wire-end-ferrules;4054008;RITTAL;AS 4054008 Crimping pliersfor wire end ferrules;
rittal-as-4054020-crimping-pliers-for-ring-terminals;4054020;RITTAL;AS 4054020 Crimping pliers for ring terminals;
rittal-as-4054021-crimping-pliers-for-ring-terminals;4054021;RITTAL;AS 4054021 Crimping pliers for ring terminals;
rittal-as-4054023-crimping-pliers-for-ring-terminals;4054023;RITTAL;AS 4054023 Crimping pliers for ring terminals;
rittal-as-4054024-crimping-pliers-for-ring-terminals;4054024;RITTAL;AS 4054024 Crimping pliers for ring terminals;
rittal-as-4054030-flex-crimping-tool-for-wire-end-ferrules;4054030;RITTAL;AS 4054030;
rittal-as-4054080-crimping-pliers-for-crimp-tab-terminals;4054080;RITTAL;AS 4054080 Crimping pliers for crimp tab terminals;
rittal-as-4054081-crimping-pliers-for-crimp-tab-terminals;4054081;RITTAL;AS 4054081 Crimping pliers for crimp tab terminals;
rittal-as-4054140-crimping-pliers-for-ring-terminals;4054140;RITTAL;AS 4054140 Kablo Sıkma Pensesi;
rittal-as-4054141-crimping-pliers-for-ring-terminals;4054141;RITTAL;AS 4054141 Crimping pliers for ring terminals;
rittal-as-4054300-wire-stripper;4054300;RITTAL;AS 4054300 Wire stripper;
rittal-as-4054305-wire-stripper;4054305;RITTAL;AS 4054305 Wire stripper;
rittal-as-4054310-wire-stripper;4054310;RITTAL;AS 4054310 Wire stripper;
rittal-as-4054315-wire-stripper;4054315;RITTAL;AS 4054315 Wire stripper;
rittal-as-4054400-stripping-tool-for-cables-o-2-5-11-mm;4054400;RITTAL;AS 4054400 Stripping tool for cables Ø 2.5 - 11 mm;
rittal-as-4054405-stripping-tool-for-cables-o-8-13-mm;4054405;RITTAL;AS 4054405 Stripping tool for cables;
rittal-as-4054410-stripping-tool-for-cables-o-4-5-40-mm;4054410;RITTAL;AS 4054410 Stripping tool for cables Ø 4.5 - 40 mm;
rittal-as-4054600-side-cutter;4054600;RITTAL;AS 4054600 Side cutter;
rittal-as-4054650-cable-cutter;4054650;RITTAL;AS 4054650 Cable cutter;
rittal-as-4054660-cable-cutter;4054660;RITTAL;AS 4054660 Cable cutter;
rittal-as-4054700-electricians-scissors-elektrikci-makasi;4054700;RITTAL;AS 4054700 Elektrikçi makası;
rittal-as-4054750-electronic-side-cutter;4054750;RITTAL;AS 4054750 Electronic side cutter;
rittal-as-4054800-combination-pliers-kombine-penseler;4054800;RITTAL;AS 4054800 Combination pliers /Kombine pense;
rittal-as-4054850-needle-nose-pliers-kargaburun;4054850;RITTAL;AS 4054850 Needle-nose pliers / Kargaburun;
rittal-as-4054860-electronic-needle-nose-pliers-elektronik-sivri-uclu-pense;4054860;RITTAL;AS 4054860 Elektronik sivri uçlu pense;
rittal-as-4054870-cross-member-cutter-ayirici-cita-bicagi;4054870;RITTAL;AS 4054870 Cross member cutter Ayırıcı çıta bıçağı;
rittal-as-4054900-slip-joint-pliers-ingiliz-anahtari;4054900;RITTAL;AS 4054900 Slip-joint pliers / İngiliz anahtarı;
rittal-as-4055000-manual-hydraulic-punch-manuel-hidrolik-delici;4055000;RITTAL;AS 4055000 Manual hydraulic punch;
rittal-as-4055010-manual-hydraulic-punch-manuel-hidrolik-delici;4055010;RITTAL;AS 4055010 Manuel hidrolik delici;
rittal-as-4055020-manual-hydraulic-punch-manuel-hidrolik-delici;4055020;RITTAL;AS 4055020 Manual hydraulic punch;
rittal-as-4055041-electric-hydraulic-punch-elektrikli-hidrolik-delici;4055041;RITTAL;AS 4055041 Elektrikli hidrolik delici;
rittal-as-4055070-manual-hydraulic-punch-set-m16-m63;4055070;RITTAL;AS 4055070 Manual hydraulic punch set;
rittal-as-4055080-manual-hydraulic-punch-set-m16-m40;set,M16;RITTAL;AS 4055080 Manual hydraulic punch set;
rittal-as-4055085-manual-hydraulic-punch-set-pg-9-pg-48;4055085;RITTAL;AS 4055085 Manual hydraulic punch set;
rittal-as-4055115-splitter-hole-punch-round-for-stainless-steel-with-triple-splitting-bolmeli-sac-delici-yuvarlak-paslanmaz-celik-icin-3-kat-bolmeli;4055115;RITTAL;AS 4055115;
rittal-as-4055116-splitter-hole-punch-round-for-stainless-steel-with-triple-splitting-bolmeli-sac-delici-yuvarlak-paslanmaz-celik-icin-3-kat-bolmeli;4055116;RITTAL;AS 4055116;
rittal-as-4055118-splitter-hole-punch-round-for-stainless-steel-with-triple-splitting-bolmeli-sac-delici-yuvarlak-paslanmaz-celik-icin-3-kat-bolmeli;4055118;RITTAL;AS 4055118;
rittal-as-4055120-splitter-hole-punch-round-for-stainless-steel-with-triple-splitting-bolmeli-sac-delici-yuvarlak-paslanmaz-celik-icin-3-kat-bolmeli;4055120;RITTAL;AS 4055120;
rittal-as-4055122-splitter-hole-punch-round-for-stainless-steel-with-triple-splitting-bolmeli-sac-delici-yuvarlak-paslanmaz-celik-icin-3-kat-bolmeli;4055122;RITTAL;AS 4055122;
rittal-as-4055125-splitter-hole-punch-round-for-stainless-steel-with-triple-splitting-bolmeli-sac-delici-yuvarlak-paslanmaz-celik-icin-3-kat-bolmeli;4055125AS;RITTAL;AS 4055125;
rittal-as-4055128-splitter-hole-punch-round-for-stainless-steel-with-triple-splitting-bolmeli-sac-delici-yuvarlak-paslanmaz-celik-icin-3-kat-bolmeli;4055128;RITTAL;AS 4055128;
rittal-as-4055130-splitter-hole-punch-round-for-stainless-steel-with-triple-splitting-bolmeli-sac-delici-yuvarlak-paslanmaz-celik-icin-3-kat-bolmeli;4055130;RITTAL;AS 4055130;
rittal-as-4055132-splitter-hole-punch-round-for-stainless-steel-with-triple-splitting-bolmeli-sac-delici-yuvarlak-paslanmaz-celik-icin-3-kat-bolmeli;4055132;RITTAL;AS 4055132;
rittal-as-4055134-splitter-hole-punch-round-for-stainless-steel-with-triple-splitting-bolmeli-sac-delici-yuvarlak-paslanmaz-celik-icin-3-kat-bolmeli;4055134;RITTAL;AS 4055134;
rittal-as-4055137-splitter-hole-punch-round-for-stainless-steel-with-triple-splitting-bolmeli-sac-delici-yuvarlak-paslanmaz-celik-icin-3-kat-bolmeli;4055137;RITTAL;AS 4055137;
rittal-as-4055140-splitter-hole-punch-round-for-stainless-steel-with-triple-splitting-bolmeli-sac-delici-yuvarlak-paslanmaz-celik-icin-3-kat-bolmeli;4055140;RITTAL;AS 4055140;
rittal-as-4055143-splitter-hole-punch-round-for-stainless-steel-with-triple-splitting-bolmeli-sac-delici-yuvarlak-paslanmaz-celik-icin-3-kat-bolmeli;4055143;RITTAL;AS 4055143;
rittal-as-4055147-splitter-hole-punch-round-for-stainless-steel-with-triple-splitting-bolmeli-sac-delici-yuvarlak-paslanmaz-celik-icin-3-kat-bolmeli;4055147;RITTAL;AS 4055147;
rittal-as-4055149-splitter-hole-punch-round-for-stainless-steel-with-triple-splitting-bolmeli-sac-delici-yuvarlak-paslanmaz-celik-icin-3-kat-bolmeli;4055149;RITTAL;AS 4055149;
rittal-as-4055150-splitter-hole-punch-round-for-stainless-steel-with-triple-splitting-bolmeli-sac-delici-yuvarlak-paslanmaz-celik-icin-3-kat-bolmeli;4055150;RITTAL;AS 4055150;
rittal-as-4055154-splitter-hole-punch-round-for-stainless-steel-with-triple-splitting-bolmeli-sac-delici-yuvarlak-paslanmaz-celik-icin-3-kat-bolmeli;4055154;RITTAL;AS 4055154;
rittal-as-4055160-splitter-hole-punch-round-for-stainless-steel-with-triple-splitting-bolmeli-sac-delici-yuvarlak-paslanmaz-celik-icin-3-kat-bolmeli;4055160;RITTAL;AS 4055160;
rittal-as-4055161-splitter-hole-punch-round-for-stainless-steel-with-triple-splitting-bolmeli-sac-delici-yuvarlak-paslanmaz-celik-icin-3-kat-bolmeli;4055161;RITTAL;AS 4055161;
rittal-as-4055163-splitter-hole-punch-round-for-stainless-steel-with-triple-splitting-bolmeli-sac-delici-yuvarlak-paslanmaz-celik-icin-3-kat-bolmeli;4055163;RITTAL;AS 4055163;
rittal-as-4055180-splitter-hole-punch-set-metric-for-stainless-steel-round-with-triple-splitting-bolmeli-sac-delici-seti-metrik-paslanmaz-celik-icin-3-kat-bolmeli;4055180;RITTAL;AS 4055180;
rittal-as-4055212-hole-punch-round-for-sheet-steel;4055212;RITTAL;AS 4055212;
rittal-as-4055215-hole-punch-round-for-sheet-steel;4055215;RITTAL;AS 4055215;
rittal-as-4055216-hole-punch-round-for-sheet-steel;4055216;RITTAL;AS 4055216;
rittal-as-4055218-hole-punch-round-for-sheet-steel;4055218;RITTAL;AS 4055218;
rittal-as-4055220-hole-punch-round-for-sheet-steel;4055220;RITTAL;AS 4055220;
rittal-as-4055222-hole-punch-round-for-sheet-steel;4055222AS;RITTAL;AS 4055222;
rittal-as-4055225-hole-punch-round-for-sheet-steel;4055225;RITTAL;AS 4055225;
rittal-as-4055228-hole-punch-round-for-sheet-steel;4055228;RITTAL;AS 4055228;
rittal-as-4055232-hole-punch-round-for-sheet-steel;4055232;RITTAL;AS 4055232;
rittal-as-4055237-hole-punch-round-for-sheet-steel;4055237;RITTAL;AS 4055237;
rittal-as-4055240-hole-punch-round-for-sheet-steel;4055240;RITTAL;AS 4055240;
rittal-as-4055247-hole-punch-round-for-sheet-steel;4055247;RITTAL;AS 4055247;
rittal-as-4055250-hole-punch-round-for-sheet-steel;4055250;RITTAL;AS 4055250;
rittal-as-4055254-hole-punch-round-for-sheet-steel;4055254;RITTAL;AS 4055254;
rittal-as-4055260-hole-punch-round-for-sheet-steel;4055260;RITTAL;AS 4055260;
rittal-as-4055263-hole-punch-round-for-sheet-steel;4055263;RITTAL;AS 4055263;
rittal-as-4055322-hole-punch-square-for-sheet-steel-sac-delici-kare-celik-sac-icin;4055322;RITTAL;AS 4055322;
rittal-as-4055345-hole-punch-square-for-sheet-steel-sac-delici-kare-celik-sac-icin;4055345;RITTAL;AS 4055345;
rittal-as-4055346-hole-punch-square-for-sheet-steel;4055346;RITTAL;AS 4055346;
rittal-as-4055350-hole-punch-square-for-sheet-steel;4055350;RITTAL;AS 4055350;
rittal-as-4055368-hole-punch-square-for-sheet-steel;4055368;RITTAL;AS 4055368;
rittal-as-4055392-hole-punch-square-for-sheet-steel;4055392;RITTAL;AS 4055392;
as-4055400;4055400;RITTAL;AS 4055400;
as-4055401;4055401;RITTAL;AS 4055401;
as-4055402;4055402;RITTAL;AS 4055402;
as-4055403-sac-delici-dikdortgen-celik-sac-icin;4055403;RITTAL;AS 4055403 Sac delici dikdörtgen çelik sac için;
as-4055440;4055440;RITTAL;AS 4055440;
as-4055441-sac-delici-ozel-konturlu-celik-sac-icin;4055441;RITTAL;AS 4055441 Sac delici özel konturlu çelik sac için;
as-4055460;4055460;RITTAL;AS 4055460;
as-4055461;4055461;RITTAL;AS 4055461;
as-4055463;4055463;RITTAL;AS 4055463;
as-4055465-celik-sac-delici;4055465;RITTAL;AS 4055465 Çelik Sac Delici;
rittal-as-4055480-hole-punch-set-metric-for-sheet-steel-sac-delici-seti-metrik-celik-sac-icin;4055480;RITTAL;AS 4055480;
rittal-as-4055481-hole-punch-set-pg-for-sheet-steel-sac-delici-seti-pg-celik-sac-icin;4055481;RITTAL;AS 4055481;
rittal-as-4055512-splitter-hole-punch-round-for-sheet-steel-with-triple-splitting-bolmeli-sac-delici-yuvarlak-celik-sac-icin-3-kat-bolmeli;4055512;RITTAL;AS 4055512;
rittal-as-4055515-splitter-hole-punch-round-for-sheet-steel-with-triple-splitting-bolmeli-sac-delici-yuvarlak-celik-sac-icin-3-kat-bolmeli;4055515;RITTAL;AS 4055515;
rittal-as-4055516-splitter-hole-punch-round-for-sheet-steel-with-triple-splitting-bolmeli-sac-delici-yuvarlak-celik-sac-icin-3-kat-bolmeli;4055516;RITTAL;AS 4055516;
rittal-as-4055518-splitter-hole-punch-round-for-sheet-steel-with-triple-splitting-bolmeli-sac-delici-yuvarlak-celik-sac-icin-3-kat-bolmeli;4055518;RITTAL;AS 4055518;
rittal-as-4055520-splitter-hole-punch-round-for-sheet-steel-with-triple-splitting-bolmeli-sac-delici-yuvarlak-celik-sac-icin-3-kat-bolmeli;4055520;RITTAL;AS 4055520;
rittal-as-4055522-splitter-hole-punch-round-for-sheet-steel-with-triple-splitting-bolmeli-sac-delici-yuvarlak-celik-sac-icin-3-kat-bolmeli;4055522;RITTAL;AS 4055522;
rittal-as-4055525-splitter-hole-punch-round-for-sheet-steel-with-triple-splitting-bolmeli-sac-delici-yuvarlak-celik-sac-icin-3-kat-bolmeli;4055525;RITTAL;AS 4055525;
rittal-as-4055528-splitter-hole-punch-round-for-sheet-steel-with-triple-splitting-bolmeli-sac-delici-yuvarlak-celik-sac-icin-3-kat-bolmeli;4055528;RITTAL;AS 4055528;
rittal-as-4055532-splitter-hole-punch-round-for-sheet-steel-with-triple-splitting-bolmeli-sac-delici-yuvarlak-celik-sac-icin-3-kat-bolmeli;4055532;RITTAL;AS 4055532;
rittal-as-4055537-splitter-hole-punch-round-for-sheet-steel-with-triple-splitting-bolmeli-sac-delici-yuvarlak-celik-sac-icin-3-kat-bolmeli;4055537;RITTAL;AS 4055537;
rittal-as-4055540-splitter-hole-punch-round-for-sheet-steel-with-triple-splitting-bolmeli-sac-delici-yuvarlak-celik-sac-icin-3-kat-bolmeli;4055540;RITTAL;AS 4055540;
rittal-as-4055547-splitter-hole-punch-round-for-sheet-steel-with-triple-splitting-bolmeli-sac-delici-yuvarlak-celik-sac-icin-3-kat-bolmeli;4055547;RITTAL;AS 4055547;
rittal-as-4055550-splitter-hole-punch-round-for-sheet-steel-with-triple-splitting-bolmeli-sac-delici-yuvarlak-celik-sac-icin-3-kat-bolmeli;4055550;RITTAL;AS 4055550;
rittal-as-4055554-splitter-hole-punch-round-for-sheet-steel-with-triple-splitting-bolmeli-sac-delici-yuvarlak-celik-sac-icin-3-kat-bolmeli;4055554;RITTAL;AS 4055554;
rittal-as-4055560-splitter-hole-punch-round-for-sheet-steel-with-triple-splitting-bolmeli-sac-delici-yuvarlak-celik-sac-icin-3-kat-bolmeli;4055560;RITTAL;AS 4055560;
rittal-as-4055563-splitter-hole-punch-round-for-sheet-steel-with-triple-splitting-bolmeli-sac-delici-yuvarlak-celik-sac-icin-3-kat-bolmeli;4055563;RITTAL;AS 4055563;
rittal-as-4055580-splitter-hole-punch-set-m16-to-m40;4055580;RITTAL;AS 4055580;
rittal-as-4055581-splitter-hole-punch-set-m12-to-m40;4055581;RITTAL;AS 4055581;
rittal-as-4055582-splitter-hole-punch-set-pg-9-to-pg-21;4055582;RITTAL;AS 4055582;
as-4055600-tension-screw-cekme-vidasi;4055600AS;RITTAL;AS 4055600 Tension screw / Çekme vidası;
as-4055601-tension-screw-cekme-vidasi;4055601;RITTAL;AS 4055601 Tension screw / Çekme vidası;
as-4055602-tension-screw-cekme-vidasi;4055602;RITTAL;AS 4055602 Tension screw / Çekme vidası;
as-4055603-tension-screw-cekme-vidasi;4055603;RITTAL;AS 4055603 Tension screw / Çekme vidası;
as-4055630-cekme-vidasi-bilyali-rulmanli;4055630;RITTAL;AS 4055630 Çekme vidası bilyalı rulmanlı;
as-4055631-tension-screw;4055631;RITTAL;AS 4055631 Tension screw;
as-4055632-tension-screw;4055632;RITTAL;AS 4055632 Tension screw;
as-4055633-cekme-vidasi-bilyali-rulmanli;4055633;RITTAL;AS 4055633 Çekme vidası bilyalı rulmanlı;
as-4055634-tension-screw-cekme-vidasi;4055634;RITTAL;AS 4055634 Tension screw / Çekme vidası;
as-4055660;4055660;RITTAL;AS 4055660;
as-4055661;4055661;RITTAL;AS 4055661;
as-4055662;4055662;RITTAL;AS 4055662;
as-4055663;4055663;RITTAL;AS 4055663;
as-4055664;4055664;RITTAL;AS 4055664;
as-4055665;4055665;RITTAL;AS 4055665;
as-4055690-notching-pliers-centik-pensesi;4055690;RITTAL;AS 4055690 Notching pliers / Çentik pensesi;
ax-2730010-gozetleme-penceresi-ax-serisi-icin;2730010;RITTAL;AX 2730010 Gözetleme penceresi AX serisi için;
ax-2731010-gozetleme-penceresi-ax-serisi-icin;2731010;RITTAL;AX 2731010 Gözetleme penceresi AX serisi için;
ax-2732010-gozetleme-penceresi-ax-serisi-icin;2732010;RITTAL;AX 2732010 Gözetleme penceresi AX serisi için;
ax-2733010-gozetleme-penceresi-ax-serisi-icin;2733010;RITTAL;AX 2733010 Gözetleme penceresi AX serisi için;
ax-2740010-kumanda-tablosu-ax-serisi-icin;2740010;RITTAL;AX 2740010 Kumanda tablosu AX serisi için;
ax-2741010-kumanda-tablosu-ax-serisi-icin;2741.010;RITTAL;AX 2741010 Kumanda tablosu AX serisi için;
ax-2742010-kumanda-tablosu-ax-serisi-icin;2742010AX;RITTAL;AX 2742010 Kumanda tablosu AX serisi için;
ax-2743010-kumanda-tablosu-ax-serisi-icin;2743010;RITTAL;AX 2743010 Kumanda tablosu AX serisi için;
ax-2744010-kumanda-tablosu-ax-serisi-icin;2744010;RITTAL;AX 2744010 Kumanda tablosu AX serisi için;
ax-2745010-kumanda-tablosu-ax-serisi-icin;2745010;RITTAL;AX 2745010 Kumanda tablosu AX serisi için;
ax-2746010-kumanda-tablosu-ax-serisi-icin;2746010;RITTAL;AX 2746010 Kumanda tablosu AX serisi için;
ax-2749100-cam-lock-kumanda-tablosu-icin;2749100;RITTAL;AX 2749100 Cam Lock kumanda tablosu için;
ax-2760010-gozetleme-penceresi-ax-serisi-icin;2760010;RITTAL;AX 2760010 Gözetleme penceresi AX serisi için;
ax-2761010-gozetleme-penceresi-ax-serisi-icin;2761010;RITTAL;AX 2761010 Gözetleme penceresi AX serisi için;
ax-2762010-gozetleme-penceresi-ax-serisi-icin;2762010;RITTAL;AX 2762010 Gözetleme penceresi AX serisi için;
ax-2763010-gozetleme-penceresi-ax-serisi-icin;2763010;RITTAL;AX 2763010 Gözetleme penceresi AX serisi için;
air-handling-unit-high-efficiency-room-cooling-for-large-data-centres;;RITTAL;Air Handling Unit High-efficiency room cooling for large data centres;
sk-aksiyel-fan-3396-245;3396.245;RITTAL;Aksiyal Fan AS4C250 SK 3396245;
aksiyal-fan-sk-3396022;3396022;RITTAL;Aksiyal Fan SK 3396022;
aksiyal-fan-sk-3396024;3396024;RITTAL;Aksiyal Fan SK 3396024;
aksiyal-fan-sk-3396085;3396085;RITTAL;Aksiyal Fan SK 3396085;
aksiyal-fan-sk-3396087;3396087;RITTAL;Aksiyal Fan SK 3396087;
aksiyal-fan-sk-3396088;3396088;RITTAL;Aksiyal Fan SK 3396088;
aksiyal-fan-sk-3396097;3396097;RITTAL;Aksiyal Fan SK 3396097;
aksiyal-fan-sk-3396155;3396155;RITTAL;Aksiyal Fan SK 3396155;
aksiyal-fan-sk-3396159;3396159;RITTAL;Aksiyal Fan SK 3396159;
aksiyal-fan-as4t300-sk-3396246;3396246;RITTAL;Aksiyal Fan SK 3396246;
aksiyal-fan-as4t315-sk-3396247;3396247;RITTAL;Aksiyal Fan SK 3396247;
axial-fan-sk-3396393;3396393;RITTAL;Aksiyal Fan SK 3396393;
axial-fan-sk-3396396;3396.396;RITTAL;Aksiyal Fan SK 3396396;
axial-fan-sk-3396397;3396397;RITTAL;Aksiyal Fan SK 3396397;
axial-fan-sk-3396398;3396398;RITTAL;Aksiyal Fan SK 3396398;
axial-fan-sk-3396400;3396400;RITTAL;Aksiyal Fan SK 3396400;
axial-fan-sk-3396401;3396401;RITTAL;Aksiyal Fan SK 3396401;
axial-fan-sk-3396402;3396402;RITTAL;Aksiyal Fan SK 3396402;
axial-fan-sk-3396403;3396403;RITTAL;Aksiyal Fan SK 3396403;
axial-fan-sk-3396406;3396406;RITTAL;Aksiyal Fan SK 3396406;
axial-fan-sk-3396408;3396408;RITTAL;Aksiyal Fan SK 3396408;
aksiyal-fan-sk-3396657;3396657;RITTAL;Aksiyal Fan SK 3396657;
aksiyal-fan-sk-3396659;3396659;RITTAL;Aksiyal Fan SK 3396659;
aksiyal-fan-sk-3396705;3396705;RITTAL;Aksiyal Fan SK 3396705;
axial-fan-sk-3397475;3397475;RITTAL;Aksiyal Fan SK 3397475;
aksiyal-fan-sk-3398074;3398074;RITTAL;Aksiyal Fan SK 3398074;
aksiyal-fan-sk-3398077;3398077;RITTAL;Aksiyal Fan SK 3398077;
aksiyal-fan-sk-3398078;3398078;RITTAL;Aksiyal Fan SK 3398078;
aksiyal-fan-sk-3398093;3398093;RITTAL;Aksiyal Fan SK 3398093;
axial-fan-sk-3396409;3396409;RITTAL;Aksiyel Fan SK 3396409;
axial-fan-sk-3396410;3396410;RITTAL;Aksiyel Fan SK 3396410;
axial-fan-sk-3396411;3396.411;RITTAL;Aksiyel Fan SK 3396411;
axial-fan-sk-3396415;3396415;RITTAL;Aksiyel Fan SK 3396415;
axial-fan-sk-3396418;3396418;RITTAL;Aksiyel Fan SK 3396418;
axial-fan-sk-3396554;3396554;RITTAL;Aksiyel Fan SK 3396554;
axial-fan-sk-3396578;3396578;RITTAL;Aksiyel Fan SK 3396578;
axial-fan-sk-3396601;3396601;RITTAL;Aksiyel Fan SK 3396601;
axial-fan-sk-3396602;3396602;RITTAL;Aksiyel Fan SK 3396602;
axial-fan-sk-3396603;3396603;RITTAL;Aksiyel Fan SK 3396603;
axial-fan-sk-3396604;3396604;RITTAL;Aksiyel Fan SK 3396604;
axial-fan-sk-3396624;3396624;RITTAL;Aksiyel Fan SK 3396624;
axial-fan-sk-3396658;3396658;RITTAL;Aksiyel Fan SK 3396658;
axial-fan-sk-3398029;3398029;RITTAL;Aksiyel Fan SK 3398029;
axial-fan-sk-3398076;3398076;RITTAL;Aksiyel Fan SK 3398076;
axial-fan-sk-3398102;3398102;RITTAL;Aksiyel Fan SK 3398102;
axial-fan-sk-3398133;3398133;RITTAL;Aksiyel Fan SK 3398133;
axial-fan-sk-3398134;3398134;RITTAL;Aksiyel Fan SK 3398134;
axial-fan-sk-3398135;3398135;RITTAL;Aksiyel Fan SK 3398135;
axial-fan-sk-3398148;3398148;RITTAL;Aksiyel Fan SK 3398148;
axial-fan-sk-3398193;3398193;RITTAL;Aksiyel Fan SK 3398193;
axial-fan-sk-3398357;3398357;RITTAL;Aksiyel Fan SK 3398357;
axial-fan-sk-3398363;3398363;RITTAL;Aksiyel Fan SK 3398363;
axial-fan-sk-3398391;3398391;RITTAL;Aksiyel Fan SK 3398391;
axial-fan-sk-3398392;3398392;RITTAL;Aksiyel Fan SK 3398392;
axial-fan-sk-3398394;3398394;RITTAL;Aksiyel Fan SK 3398394;
akis-sensoru-sk-3396690;3396690;RITTAL;Akış Sensörü SK 3396690;
akis-sensoru-sk-3396691;3396691;RITTAL;Akış Sensörü SK 3396691;
akis-olcer-sk-3396231;3396231;RITTAL;Akış Ölçer SK 3396231;
akis-olcer-sk-3396455;3396455;RITTAL;Akış Ölçer SK 3396455;
akis-olcer-sk-3396458;3396458;RITTAL;Akış Ölçer SK 3396458;
akis-olcer-sk-3396460;3396460;RITTAL;Akış Ölçer SK 3396460;
akis-olcer-sk-3396462;3396462;RITTAL;Akış Ölçer SK 3396462;
akis-olcer-sk-3397911;3397911;RITTAL;Akış Ölçer SK 3397911;
akis-olcer-sk-3397912;3397912;RITTAL;Akış Ölçer SK 3397912;
akis-olcer-sk-3397913;3397913;RITTAL;Akış Ölçer SK 3397913;
akis-olcer-sk-3398067;3398067;RITTAL;Akış Ölçer SK 3398067;
akis-olcer-sk-3398132;3398132;RITTAL;Akış Ölçer SK 3398132;
akis-olcer-sk-3398400;3398400;RITTAL;Akış Ölçer SK 3398400;
rittal-as-4053000-tool-bag;3397282;RITTAL;Alet çantası boş;
sk-fault-indicator-module;3312924;RITTAL;Arıza Gösterge Modülü SK 3312924;
sk-snmp-board-f-lcp-rack-inline-room-dx;3398097;RITTAL;Arıza Gösterge Modülü SK 3398097;
basinc-anahtari-sk-3396499;3396499;RITTAL;Basınç Anahtarı SK 3396499;
basinc-sivici-3232829-icin-40-bar-sk-3398050;3398050;RITTAL;Basınç Switch 3232829 için SK 3398050;
basinc-switch-sk-3396496;3396496;RITTAL;Basınç Switch SK 3396496;
basinc-transmiteri-sk-3397907;3397907;RITTAL;Basınç Transmiteri SK 3397907;
basinc-transmiteri-sk-3397908;3397908;RITTAL;Basınç Transmiteri SK 3397908;
basinc-transmiteri-sk-3397909;3397.909;RITTAL;Basınç Transmiteri SK 3397909;
pressure-transmitter-sk-3397910;3397910;RITTAL;Basınç Transmiteri SK 3397910;
pressure-transmitter-sk-3398186;3398186;RITTAL;Basınç Transmiteri SK 3398186;
pressure-transmitter-sk-3398188;3398188;RITTAL;Basınç Transmiteri SK 3398188;
pressure-transducer-sk-3398401;3398401;RITTAL;Basınç Transmiteri SK 3398401;
basinc-olcer-ps3-wf5-hnu25-18-sk-3397160;3397160;RITTAL;Basınç Ölçer SK 3397160;
cmc-iii-access-the-secure-solution;;RITTAL;CMC III access The secure solution;
cmc-iii-monitoring-system;;RITTAL;CMC III – Monitoring system;
crac-dx-cw-climate-control-for-large-data-centres;;RITTAL;CRAC DX/CW – Climate control for large data centres;
cooling-units-blue-e-it-rack-cooling-with-innovative-hybrid-technology;;RITTAL;Cooling units Rack cooling with innovative hybrid technology;
sk-cover-baslik-29;3397312;RITTAL;Cover Başlık;
rittal-dk-2506120-socket;2506120;RITTAL;DK 2506120 Socket;
rittal-dk-7000630-socket-strip-earthing-pin-with-plastic-housing;7000630;RITTAL;DK 7000630;
rittal-dk-7000630-with-power-measurement;7000630;RITTAL;DK 7000630 with power measurement;
rittal-dk-7000684-mounting-kit-for-psm-busbars;7000684;RITTAL;DK 7000684 Mounting kit for PSM busbars;
dk-7030000-cmc-iii-processing-unit-sensor-32-maks;7030000;RITTAL;DK 7030000 CMC III Processing Unit Sensor 32;
dk-7030010-cmc-iii-processing-unit-compact-sensor-4-maks;7030010;RITTAL;DK 7030010 CMC III Processing Unit Compact Sensor 4;
dk-7030030-cmc-iii-can-bus-unitesi;7030030;RITTAL;DK 7030030 CMC III CAN-Bus ünitesi;
dk-7030040-cmc-iii-i-o-uniteleri;7030040;RITTAL;DK 7030040 CMC III I/O üniteleri;
dk-7030050-cmc-iii-guc-uniteleri;7030050;RITTAL;DK 7030050 CMC III güç üniteleri;
dk-7030051-interference-suppressor-for-fans-cmc-iii;7030051;RITTAL;DK 7030051 Interference suppressor for fans /;
dk-7030060-cmc-iii-power-pack-for-pu-pu-compact-led-light-strip-door-control-module;7030060;RITTAL;DK 7030060;
dk-7030071-mounting-unit;7030071;RITTAL;DK 7030071 Mounting unit;
dk-7030080-programming-cable;7030080;RITTAL;DK 7030080 Programming cable;
dk-7030087-cable-clamp-strap;7030087;RITTAL;DK 7030087 Cable clamp strap;
dk-7030088-mounting-unit-1-u;7030088;RITTAL;DK 7030088 Mounting unit, 1 U;
cmc-iii-can-bus-kablosu-rj45-0-5m;7030090;RITTAL;DK 7030090 CAN bus connection cable;
cmc-iii-baglanti-kablosu-rj45-1m;7030091;RITTAL;DK 7030091 CAN bus connection cable;
cmc-iii-can-bus-kablosu-rj45-1-5m;7030092;RITTAL;DK 7030092 CAN bus connection cable;
cmc-iii-can-bus-kablosu-rj45-2m;7030093;RITTAL;DK 7030093 CAN bus connection cable;
cmc-iii-can-bus-kablosu-rj45-5m;7030094;RITTAL;DK 7030094 CAN bus connection cable;
cmc-iii-can-bus-kablosu-rj45-10m;7030095;RITTAL;DK 7030095 CAN bus connection cable;
dk-7030100-cmc-iii-can-bus-sensor;7030100;RITTAL;DK 7030100 CMC III CAN bus sensor;
dk-7030110-temperature-sensor;7030110;RITTAL;DK 7030110 Temperature sensor;
dk-7030111-temperature-humidity-sensor;7030111;RITTAL;DK 7030111 Temperature/humidity sensor;
dk-7030120-infrared-access-sensor;7030120;RITTAL;DK 7030120 Infrared access sensor;
dk-7030128;7030128;RITTAL;DK 7030128;
dk-7030130-vandalism-sensor;7030130;RITTAL;DK 7030130 Vandalism sensor;
dk-7030140-analog-airflow-sensor;7030140;RITTAL;DK 7030140 Analog airflow sensor;
dk-7030150-analog-differential-pressure-sensor;7030150;RITTAL;DK 7030150 Analog differential pressure sensor;
dk-7030190-universal-sensor;7030190;RITTAL;DK 7030190 Universal sensor;
dk-7030200-cmc-iii-can-bus-access;7030200;RITTAL;DK 7030200 CMC III CAN bus access;
dk-7030202-cmc-iii-access-control;7030202;RITTAL;DK 7030202 CMC III access control;
dk-7030220-cmc-iii-reader-units-coded-lock;7030220;RITTAL;DK 7030220 CMC III reader units– Coded lock;
dk-7030223-cmc-iii-reader-units-coded-lock;7030223;RITTAL;DK 7030223 CMC III reader units– Coded lock;
dk-7030233-transponder-reader;7030233;RITTAL;DK 7030233 Transponder reader;
dk-7030240-door-kit-for-ts-it-magnetic-system-with-damper;7030240;RITTAL;DK 7030240 Rittal magnetic system with damper;
dk-7030241-door-kit-for-ts-it-magnetic-system-with-damper;7030241;RITTAL;DK 7030241 magnetic system with damper;
dk-7030250-door-kit-for-ts-it-magnetic-system-with-damper;7030250;RITTAL;DK 7030250 magnetic system with damper;
dk-7030261-door-kit-extension-for-ts-it-lcp-spindle-motor;7030261;RITTAL;DK 7030261 spindle motor;
dk-7030400-smoke-detector;7030400;RITTAL;DK 7030400 Smoke detector;
dk-7030430-leak-sensor;7030430;RITTAL;DK 7030430 Leak sensor;
dk-7030440-leak-sensor-15-m;7030440;RITTAL;DK 7030440 Leak sensor, 15 m;
cmc-iii-can-baglanti-kablosu-rj45-3m;7030480;RITTAL;DK 7030480 CAN bus connection cable;
cmc-iii-can-bus-cable-4-m;7030490;RITTAL;DK 7030490 CAN bus connection cable;
dk-7030500-door-control-module;7030500;RITTAL;DK 7030500 Door control module;
dk-7030570-cmc-iii-gsm-unit;7030570;RITTAL;DK 7030570 CMC III GSM unit;
dk-7030571-cmc-iii-lte-unit;7030571;RITTAL;DK 7030571 CMC III LTE unit;
dk-7030690-cmc-iii-wireless-unit-for-radio-comfort-handle-vx;7030690;RITTAL;DK 7030690 CMC III Wireless Unit for radio comfort handle VX;
dk-7200210-connection-cable-extension;7200210;RITTAL;DK 7200210 Connection cable/extension;
dk-7200215-connection-cable-extension;7200215;RITTAL;DK 7200215 Connection cable/extension;
dk-7200216-connection-cable-extension;7200216;RITTAL;DK 7200216 Connection cable/extension;
dk-7200217-connection-cable-extension;7200217;RITTAL;DK 7200217 Connection cable/extension;
rittal-dk-7240110-power-supply-socket-strips-earthing-pin-connector-type;7240110;RITTAL;DK 7240110;
rittal-dk-7240120-power-supply-socket-strips-earthing-pin-connector-type;7240120;RITTAL;DK 7240120 Power supply Socket strips Earthing-pin connector type;
rittal-dk-7240200-power-supply-socket-strips-c13-connector-type;7240200;RITTAL;DK 7240200;
rittal-dk-7240201-power-supply-socket-strips-c13-connector-type;7240201;RITTAL;DK 7240201 konnektör tipi güç kaynağı;
rittal-dk-7240210-power-supply-socket-strips-earthing-pin-connector-type;7240210;RITTAL;DK 7240210;
rittal-dk-7240220-power-supply-socket-strips-earthing-pin-connector-type;7240220;RITTAL;DK 7240220;
rittal-dk-7240230-power-supply-socket-strips-earthing-pin-connector-type;7240230;RITTAL;DK 7240230;
rittal-dk-7240240-power-supply-socket-strips-earthing-pin-connector-type;7240240;RITTAL;DK 7240240;
rittal-dk-7240260-power-supply-socket-strips-earthing-pin-connector-type;7240260;RITTAL;DK 7240260 Rittal 7'li Priz;
rittal-dk-7240280-power-supply-socket-strips-earthing-pin-connector-type;7240280;RITTAL;DK 7240280;
rittal-dk-7240310-power-supply-socket-strips-earthing-pin-connector-type;7240310;RITTAL;DK 7240310;
rittal-dk-7240330-power-supply-socket-strips-earthing-pin-connector-type;7240330;RITTAL;DK 7240330;
rittal-dk-7240510-power-supply-socket-strips-earthing-pin-connector-type;7240510;RITTAL;DK 7240510;
rittal-dk-7280035-junction-box-with-multi-functional-bracket;7280035;RITTAL;DK 7280035 Junction box with multi-functional bracket;
rittal-dk-7280100-service-socket-for-enclosure-frame-attachment-16-a;prizi/16;RITTAL;DK 7280100;
dk-7320530-cmc-tc-access-sensor;7320530;RITTAL;DK 7320530 CMC-TC access sensor;
dk-7320570-cmc-tc-motion-detector;7320570;RITTAL;DK 7320570 CMC-TC motion detector;
dk-7320721-ts-8-handle-with-master-key-function;7320721;RITTAL;DK 7320721 TS 8 handle with master key function;
dk-7320793-door-switch;7320793;RITTAL;DK 7320793 Door switch;
dk-7320794-door-comfort-handle-with-door-opener-function;7320794;RITTAL;DK 7320794;
dk-7320814-connection-extension-cable-rj12;7320814;RITTAL;DK 7320814 Connection/extension cable RJ12;
dk-7338121-det-ac-iii-master;7338121;RITTAL;DK 7338121 DET-AC III master;
dk-7338130-pipe-kit-for-det-ac-iii-efd-iii;7338130;RITTAL;DK 7338130 Pipe kit for DET-AC III/EFD III;
dk-7338135-sealing-kit-for-vx-it-and-lcp;7338135;RITTAL;DK 7338135 Sealing kit for VX IT and LCP;
dk-7338221-efd-iii;7338221;RITTAL;DK 7338221 EFD III;
dk-7338321-det-ac-iii-slave;7338321;RITTAL;DK 7338321 DET-AC III slave;
rittal-dk-7480035-energy-box-3-u-482-6-mm-19;7480035;RITTAL;DK 7480035 Energy-Box;
rittal-dk-7480300-energy-box-3-u-482-6-mm-19;7480300;RITTAL;DK 7480300 Energy-Box;
rittal-dk-7856014-connection-cable-for-psm-busbars;7856014;RITTAL;DK 7856014 Connection cable for PSM busbars;
rittal-dk-7856025-connection-cable-for-psm-busbars;7856025;RITTAL;DK 7856025 Connection cable for PSM busbars;
rittal-dk-7856026-connection-cable-for-psm-busbars;7856026;RITTAL;DK 7856026 Connection cable for PSM busbars;
rittal-dk-7856027-connection-cable-for-psm-busbars;7856027;RITTAL;DK 7856027 Connection cable for PSM busbars;
rittal-dk-7856030-connection-cable-for-psm-busbars;7856030;RITTAL;DK 7856030 Connection cable for PSM busbars;
rittal-dk-7856170-overvoltage-protection-psm;7856170;RITTAL;DK 7856170 Overvoltage protection PSM;
dk-7857421-server-shutdown-software-for-cmc-iii;7857421;RITTAL;DK 7857421 Server shutdown software for CMC III;
rittal-dk-7859050-psm-measurement-bar-for-cmc-iii;7859050;RITTAL;DK 7859050 PSM measurement bar for CMC III;
rittal-dk-7859053-psm-measurement-bar-for-cmc-iii;7859053;RITTAL;DK 7859053 PSM measurement bar for CMC III;
rittal-dk-7859060-mounting-kit-for-psm-busbars;7859060;RITTAL;DK 7859060 Mounting kit for PSM busbars;
rittal-dk-7859065-mounting-kit-for-psm-busbars;7859065;RITTAL;DK 7859065 Mounting kit for PSM busbars;
rittal-dk-7859080-modular-busbars-psm-zero-u-space;7859080;RITTAL;DK 7859080 Modular busbars PSM zero-U space;
rittal-dk-7859081-modular-busbars-psm-zero-u-space;7859081;RITTAL;DK 7859081 Modular busbars PSM zero-U space;
rittal-dk-7859090-modular-busbars-psm-zero-u-space;7859090;RITTAL;DK 7859090 Modular busbars PSM zero-U space;
rittal-dk-7859410-psm-measurement-modules-with-can-bus;7859410;RITTAL;DK 7859410 PSM measurement modules with CAN bus;
rittal-dk-7859420-psm-measurement-modules-with-can-bus;7859420;RITTAL;DK 7859420 PSM measurement modules with CAN bus;
rittal-dk-7859430-psm-measurement-modules-with-can-bus;7859430;RITTAL;DK 7859430 PSM measurement modules with CAN bus;
rittal-dk-7966035-fan-mounting-plate;7966035;RITTAL;DK 7966035 Fan mounting plate;
rittal-dk-7968035-fan-mounting-plate;7968035;RITTAL;DK 7968035 Fan mounting plate;
dk-7979102-pdu-basic-version;7979102;RITTAL;DK 7979102 PDU basic version;
dk-7979103-pdu-basic-version;7979103;RITTAL;DK 7979103 PDU basic version;
dk-7979104-pdu-basic-version;7979104;RITTAL;DK 7979104 PDU basic version;
dk-7979110-pdu-basic-version;7979110;RITTAL;DK 7979110 PDU basic version;
dk-7979111-pdu-basic-version;7979111;RITTAL;DK 7979111 PDU basic version;
dk-7979112-pdu-basic-version;7979112;RITTAL;DK 7979112 PDU basic version;
dk-7979113-pdu-basic-version;7979113;RITTAL;DK 7979113 PDU basic version;
dk-7979114-pdu-basic-version;7979114;RITTAL;DK 7979114 PDU basic version;
dk-7979115-pdu-basic-version;7979115;RITTAL;DK 7979115 PDU basic version;
dk-7979116-pdu-basic-version;7979116;RITTAL;DK 7979116 PDU basic version;
dk-7979130-pdu-basic-version;7979130;RITTAL;DK 7979130 PDU basic version;
dk-7979131-pdu-basic-version;7979131;RITTAL;DK 7979131 PDU basic version;
dk-7979132-pdu-basic-version;7979133;RITTAL;DK 7979132 PDU basic version;
dk-7979133-pdu-basic-version;7979133;RITTAL;DK 7979133 PDU basic version;
dk-7979134-pdu-basic-version;7979134;RITTAL;DK 7979134 PDU basic version;
dk-7979135-pdu-basic-version;7979135;RITTAL;DK 7979135 PDU basic version;
dk-7979136-pdu-basic-version;7979136;RITTAL;DK 7979136 PDU basic version;
dk-7979137-pdu-basic-version;7979137;RITTAL;DK 7979137 PDU basic version;
dk-7979138-pdu-basic-version;7979138;RITTAL;DK 7979138 PDU basic version;
dk-7979139-pdu-basic-version;7979139;RITTAL;DK 7979139 PDU basic version;
dk-7979140-pdu-basic-version;7979140;RITTAL;DK 7979140 PDU basic version;
dk-7979141-pdu-basic-version;7979141;RITTAL;DK 7979141 PDU basic version;
dk-7979142-pdu-basic-version;7979142;RITTAL;DK 7979142 PDU basic version;
dk-7979143-pdu-basic-version;7979143;RITTAL;DK 7979143 PDU basic version;
dk-7979202-pdu-metered-version;7979202;RITTAL;DK 7979202 PDU,metered version;
dk-7979203-pdu-metered-version;7979203;RITTAL;DK 7979203 PDU metered version;
dk-7979204-pdu-metered-version;7979204;RITTAL;DK 7979204 PDU metered version;
dk-7979210-pdu-metered-version;7979210;RITTAL;DK 7979210 PDU metered version;
dk-7979211-pdu-metered-version;7979211;RITTAL;DK 7979211 PDU metered version;
dk-7979212-pdu-metered-version;7979212;RITTAL;DK 7979212 PDU metered version;
dk-7979213-pdu-metered-version;7979213;RITTAL;DK 7979213 PDU metered version;
dk-7979214-pdu-metered-version;7979214;RITTAL;DK 7979214 PDU metered version;
dk-7979215-pdu-metered-version;7979215;RITTAL;DK 7979215 PDU metered version;
dk-7979216-pdu-metered-version;7979216;RITTAL;DK 7979216 PDU metered version;
dk-7979230-pdu-metered-version;7979230;RITTAL;DK 7979230 PDU metered version;
dk-7979231-pdu-metered-version;7979231;RITTAL;DK 7979231 PDU metered version;
dk-7979232-pdu-metered-version;7979232;RITTAL;DK 7979232 PDU metered version;
dk-7979233-pdu-metered-version;7979233;RITTAL;DK 7979233 PDU metered version;
dk-7979234-pdu-metered-version;7979234;RITTAL;DK 7979234 PDU metered version;
dk-7979235-pdu-metered-version;7979235;RITTAL;DK 7979235 PDU metered version;
dk-7979236-pdu-metered-version;7979236;RITTAL;DK 7979236 PDU metered version;
dk-7979237-pdu-metered-version;7979237;RITTAL;DK 7979237 PDU metered version;
dk-7979238-pdu-metered-version;7979238;RITTAL;DK 7979238 PDU metered version;
dk-7979239-pdu-metered-version;7979239;RITTAL;DK 7979239 PDU metered version;
dk-7979240-pdu-metered-version;7979240;RITTAL;DK 7979240 PDU metered version;
dk-7979242-pdu-metered-version;7979242;RITTAL;DK 7979242 PDU metered version;
dk-7979302-pdu-switched-version;7979302;RITTAL;DK 7979302 PDU switched version;
dk-7979303-pdu-switched-version;7979303;RITTAL;DK 7979303 PDU switched version;
dk-7979310-pdu-switched-version-1;7979310;RITTAL;DK 7979310 PDU switched version;
dk-7979310-pdu-switched-version;7979310;RITTAL;DK 7979310 PDU switched version;
dk-7979311-pdu-switched-version;7979311;RITTAL;DK 7979311 PDU switched version;
dk-7979312-pdu-switched-version;7979313;RITTAL;DK 7979312 PDU switched version;
dk-7979313-pdu-switched-version;7979313;RITTAL;DK 7979313 PDU switched version;
dk-7979314-pdu-switched-version;7979314;RITTAL;DK 7979314 PDU switched version;
dk-7979315-pdu-switched-version;7979315;RITTAL;DK 7979315 PDU switched version;
dk-7979316-pdu-switched-version;7979316;RITTAL;DK 7979316 PDU switched version;
dk-7979330-pdu-switched-version;7979330;RITTAL;DK 7979330 PDU switched version;
dk-7979331-pdu-switched-version;7979331;RITTAL;DK 7979331 PDU switched version;
dk-7979332-pdu-switched-version;7979332;RITTAL;DK 7979332 PDU switched version;
dk-7979333-pdu-switched-version;7979333;RITTAL;DK 7979333 PDU switched version;
dk-7979334-pdu-switched-version;7979334;RITTAL;DK 7979334 PDU switched version;
dk-7979335-pdu-switched-version;7979335;RITTAL;DK 7979335 PDU switched version;
dk-7979336-pdu-switched-version;7979336;RITTAL;DK 7979336 PDU switched version;
dk-7979337-pdu-switched-version;7979337;RITTAL;DK 7979337 PDU switched version;
dk-7979338-pdu-switched-version;7979338;RITTAL;DK 7979338 PDU switched version;
dk-7979339-pdu-switched-version;7979339;RITTAL;DK 7979339 PDU switched version;
dk-7979340-pdu-switched-version;7979340;RITTAL;DK 7979340 PDU switched version;
dk-7979342-pdu-switched-version;7979342;RITTAL;DK 7979342 PDU switched version;
dk-7979402-pdu-managed-version;7979402;RITTAL;DK 7979402 PDU managed version;
dk-7979403-pdu-managed-version;7979403;RITTAL;DK 7979403 PDU managed version;
dk-7979404-pdu-managed-version;7979404;RITTAL;DK 7979404 PDU managed version;
dk-7979410-pdu-managed-version;7979410;RITTAL;DK 7979410 PDU managed version;
dk-7979411-pdu-managed-version;7979411;RITTAL;DK 7979411 PDU managed version;
dk-7979412-pdu-managed-version;7979412;RITTAL;DK 7979412 PDU managed version;
dk-7979413-pdu-managed-version;7979413;RITTAL;DK 7979413 PDU managed version;
dk-7979414-pdu-managed-version;7979414;RITTAL;DK 7979414 PDU managed version;
dk-7979415-pdu-managed-version;7979415;RITTAL;DK 7979415 PDU managed version;
dk-7979416-pdu-managed-version;7979416;RITTAL;DK 7979416 PDU managed version;
dk-7979430-pdu-managed-version;7979430;RITTAL;DK 7979430 PDU managed version;
dk-7979431-pdu-managed-version;7979431;RITTAL;DK 7979431 PDU managed version;
dk-7979432-pdu-managed-version;7979432;RITTAL;DK 7979432 PDU managed version;
dk-7979433-pdu-managed-version;7979433;RITTAL;DK 7979433 PDU managed version;
dk-7979434-pdu-managed-version;7979434DK;RITTAL;DK 7979434 PDU managed version;
dk-7979435-pdu-managed-version;7979435;RITTAL;DK 7979435 PDU managed version;
dk-7979436-pdu-managed-version;7979436;RITTAL;DK 7979436 PDU managed version;
dk-7979437-pdu-managed-version;7979437;RITTAL;DK 7979437 PDU managed version;
dk-7979438-pdu-managed-version;7979438;RITTAL;DK 7979438 PDU managed version;
dk-7979439-pdu-managed-version;7979439;RITTAL;DK 7979439 PDU managed version;
dk-7979440-pdu-managed-version;7979440;RITTAL;DK 7979440 PDU managed version;
dk-7979442-pdu-managed-version;7979442;RITTAL;DK 7979442 PDU managed version;
dk-7979502-pdu-metered-plus-version;7979502;RITTAL;DK 7979502 PDU metered plus version;
dk-7979503-pdu-metered-plus-version;7979503;RITTAL;DK 7979503 PDU metered plus version;
dk-7979504-pdu-metered-plus-version;7979504;RITTAL;DK 7979504 PDU metered plus version;
dk-7979510-pdu-metered-plus-version;7979510;RITTAL;DK 7979510 PDU metered plus version;
dk-7979511-pdu-metered-plus-version;7979511;RITTAL;DK 7979511 PDU metered plus version;
dk-7979512-pdu-metered-plus-version;7979512;RITTAL;DK 7979512 PDU metered plus version;
dk-7979513-pdu-metered-plus-version;7979513;RITTAL;DK 7979513 PDU, metered plus version;
dk-7979514-pdu-metered-plus-version;7979514;RITTAL;DK 7979514 PDU, metered plus version;
dk-7979515-pdu-metered-plus-version;7979515;RITTAL;DK 7979515 PDU, metered plus version;
dk-7979516-pdu-metered-plus-version;7979516;RITTAL;DK 7979516 PDU, metered plus version;
dk-7979530-pdu-metered-plus-version;7979530;RITTAL;DK 7979530 PDU, metered plus version;
dk-7979531-pdu-metered-plus-version;7979531;RITTAL;DK 7979531 PDU, metered plus version;
dk-7979532-pdu-metered-plus-version;7979532;RITTAL;DK 7979532 PDU, metered plus version;
dk-7979533-pdu-metered-plus-version;7979533;RITTAL;DK 7979533 PDU, metered plus version;
dk-7979534-pdu-metered-plus-version;7979534;RITTAL;DK 7979534 PDU, metered plus version;
dk-7979535-pdu-metered-plus-version;7979535;RITTAL;DK 7979535 PDU, metered plus version;
dk-7979536-pdu-metered-plus-version;7979536;RITTAL;DK 7979536 PDU, metered plus version;
dk-7979537-pdu-metered-plus-version;7979537;RITTAL;DK 7979537 PDU, metered plus version;
dk-7979538-pdu-metered-plus-version;7979538;RITTAL;DK 7979538 PDU metered plus version;
dk-7979539-pdu-metered-plus-version;7979539;RITTAL;DK 7979539 PDU metered plus version;
dk-7979540-pdu-metered-plus-version;7979540;RITTAL;DK 7979540 PDU metered plus version;
dk-7979542-pdu-metered-plus-version;7979542;RITTAL;DK 7979542 PDU metered plus version;
dk-7979711-rcm-measurement-module;7979711;RITTAL;DK 7979711 RCM measurement module;
dk-7979712-rcm-measurement-module;7979712;RITTAL;DK 7979712 RCM measurement module;
dk-7979713-rcm-measurement-module;7979713;RITTAL;DK 7979713 RCM measurement module;
dk-7979714-rcm-measurement-module;7979714;RITTAL;DK 7979714 RCM measurement module;
dk-7979721;7979721;RITTAL;DK 7979721;
dk-7979722;7979722;RITTAL;DK 7979722;
dk-7979723;7979723;RITTAL;DK 7979723;
dk-7979724;7979724;RITTAL;DK 7979724;
dk-7979801-pdu-uk-basic-version;7979801;RITTAL;DK 7979801 PDU UK, basic version;
dk-7979811-pdu-uk-basic-version;7979811;RITTAL;DK 7979811 PDU UK basic version;
dk-7979812-pdu-uk-basic-version;7979812;RITTAL;DK 7979812 PDU UK, basic version;
dk-7979813-pdu-uk-basic-version;7979813;RITTAL;DK 7979813 PDU UK, basic version;
dk-7979814-pdu-uk-basic-version;7979814;RITTAL;DK 7979814 PDU UK, basic version;
dk-7979815-pdu-uk-basic-version;7979815;RITTAL;DK 7979815 PDU UK, basic version;
dk-7979821-pdu-uk-metered-version;7979821;RITTAL;DK 7979821 PDU UK, metered version;
dk-7979822-pdu-uk-metered-version;7979822;RITTAL;DK 7979822 PDU UK, metered version;
dk-7979823-pdu-uk-metered-version;7979823;RITTAL;DK 7979823 PDU UK, metered version;
dk-7990101-rizone-appliance-standard;7990101;RITTAL;DK 7990101 Rizone Appliance Standard;
dk-7990103-rizone-appliance-standard;7990103;RITTAL;DK 7990103 Rizone Appliance Standard;
dk-7990203-rizone-appliance-standard;7990203;RITTAL;DK 7990203 Rizone Appliance Standard;
dk-7990206-rizone-appliance-ip-node-licence;7990206;RITTAL;DK 7990206 RiZone Appliance IP node licence;
dk-7990208-rizone-appliance-ip-node-licence;7990208;RITTAL;DK 7990208 RiZone Appliance IP node licence;
dk-7990303-rizone-appliance-standard;7990303;RITTAL;DK 7990303 Rizone Appliance Standard;
dk-7990306-rizone-appliance-ip-node-licence;7990306;RITTAL;DK 7990306 RiZone Appliance IP node licence;
dk-7990308-rizone-appliance-ip-node-licence;7990308;RITTAL;DK 7990308 RiZone Appliance IP node licence;
dk-7990402-rizone-appliance-standard;7990402;RITTAL;DK 7990402 Rizone Appliance Standard;
dk-7990502-rizone-appliance-standard;7990502;RITTAL;DK 7990502 Rizone Appliance Standard;
dk-7999009-micro-data-center-level-e;7999009;RITTAL;DK 7999009 Micro Data Center Level E;
dk-7999709-micro-data-center-level-b;7999709;RITTAL;DK 7999709 Micro Data Center Level B;
dk-9055310-monitor-keyboard-unit-1-u-with-17-tft-display-and-vga-dvi-connection;9055310;RITTAL;DK 9055310 Monitor/keyboard unit;
dk-9055312-monitor-keyboard-unit-1-u-with-17-tft-display-and-vga-dvi-connection;9055312;RITTAL;DK 9055312 Monitor/keyboard unit;
dk-9055410-monitor-keyboard-unit-1-u-with-17-tft-display-and-vga-dvi-connection;9055410;RITTAL;DK 9055410;
dk-9055412-monitor-keyboard-unit-1-u-with-17-tft-display-and-vga-dvi-connection;9055412;RITTAL;DK 9055412 Rittal monitör klavye ünitesi;
data-centre-container;;RITTAL;Data centre container;
data-centre-infrastructure-management-rizone;;RITTAL;Data centre infrastructure management – RiZone;
debi-anahtari-sk-3397341;3397341;RITTAL;Debi Anahtarı SK 3397341;
flow-meter-sk-3396111;3396111;RITTAL;Debi Ölçer SK 3396111;
flow-meter-sk-3396220;3396220;RITTAL;Debi Ölçer SK 3396220;
flow-meter-sk-3396221;3396221;RITTAL;Debi Ölçer SK 3396221;
flow-meter-sk-3396299;3396299;RITTAL;Debi Ölçer SK 3396299;
flow-meter-sk-3396456;3396456;RITTAL;Debi Ölçer SK 3396456;
flow-meter-sk-3396457;3396457;RITTAL;Debi Ölçer SK 3396457;
flow-meter-sk-3396461;3396461;RITTAL;Debi Ölçer SK 3396461;
flow-meter-sk-3396463;3396463;RITTAL;Debi Ölçer SK 3396463;
flow-meter-sk-3396464;3396464;RITTAL;Debi Ölçer SK 3396464;
flow-meter-sk-3396551;3396551;RITTAL;Debi Ölçer SK 3396551;
flow-meter-sk-3396565;3396565;RITTAL;Debi Ölçer SK 3396565;
flow-swich-sk-3397340;3397340;RITTAL;Debi Ölçer SK 3397340;
flow-meter-sk-3398040;3398040;RITTAL;Debi Ölçer SK 3398040;
flow-meter-sk-3398271;3398271;RITTAL;Debi Ölçer SK 3398271;
sensor-for-flowmeter-sk-3396729;3396.729;RITTAL;Debimetre için Sensör SK 3396729;
sensor-for-flowmeter-sk-3396730;3396730;RITTAL;Debimetre için Sensör SK 3396730;
edge-data-center-reliable-and-redundant-with-split-cooling-solutions;;RITTAL;Edge Data Center;
edge-data-center-the-modular-concept-in-a-security-safe-or-container;;RITTAL;Edge Data Center The modular concept in a security safe or container;
edge-data-center-with-effi-cient-plug-play-solutions-and-innovative-cooling-technology;;RITTAL;Edge Data Center With effi cient plug & play solutions and innovative cooling technology;
evaparator-fan-3302110-icin-sk-3396267;3396267;RITTAL;Evaparator Fan 3302110 için SK 3396267;
evaparator-fan-3290100-icin-sk-3396076;3396076;RITTAL;Evaparator Fan SK 3396076;
evaparator-fan-3304-icin-sk-3396258;3396258;RITTAL;Evaparator Fan SK 3396258;
sk-radial-fan-3396-259;3396.259;RITTAL;Evaparator fan, 3305540 için SK 3396259;
3332540-icin-evaparator-fan-sk-3396270;3396270;RITTAL;Evaparatör Fan SK 3396270;
evaparator-fan-3385540-icin-sk-3396645;3396645;RITTAL;Evaparatör Fan, 3385540 için SK 3396645;
evaporator-fan-3328500-icin-sk-3396652;3396652;RITTAL;Evaporatör Fan 3328500 için SK 3396652;
evaporator-fan-3305500-icin-sk-3396647;3396647;RITTAL;Evaporatör Fan, 3305500 için SK 3396647;
evaporator-fan-3328540-icin-sk-3396316;3396316;RITTAL;Evaporatör Fan, 3328540 için SK 3396316;
ft-2730000-gozetleme-penceresi-ae-serisi-icin;2730000;RITTAL;FT 2730000 Gözetleme penceresi AE serisi için;
ft-2731000-gozetleme-penceresi-ae-serisi-icin;2731000;RITTAL;FT 2731000 Gözetleme penceresi AE serisi için;
ft-2732000-gozetleme-penceresi-ae-serisi-icin;2732000;RITTAL;FT 2732000 Gözetleme penceresi AE serisi için;
ft-2733000-gozetleme-penceresi-ae-serisi-icin;2733000;RITTAL;FT 2733000 Gözetleme penceresi AE serisi için;
ft-2734000-gozetleme-penceresi-ae-serisi-icin;2734000;RITTAL;FT 2734000 Gözetleme penceresi AE serisi için;
ft-2735250-sistem-penceresi-vx-ts-se-icin;2735250;RITTAL;FT 2735250 Sistem penceresi VX, TS, SE için;
ft-2735500-sistem-penceresi-vx-ts-se-icin;2735500;RITTAL;FT 2735500 Sistem penceresi VX, TS, SE için;
ft-2735510-sistem-penceresi-vx-ts-se-icin;2735510;RITTAL;FT 2735510 Sistem penceresi VX, TS, SE için;
ft-2735520-sistem-penceresi-vx-ts-se-icin;2735520;RITTAL;FT 2735520 Sistem penceresi VX, TS, SE için;
ft-2735530-sistem-penceresi-vx-ts-se-icin;2735530;RITTAL;FT 2735530 Sistem penceresi VX, TS, SE için;
ft-2735540-sistem-penceresi-vx-ts-se-icin;2735540;RITTAL;FT 2735540 Sistem penceresi VX, TS, SE için;
ft-2735560-sistem-penceresi-vx-ts-se-icin;2735560;RITTAL;FT 2735560 Sistem penceresi VX, TS, SE için;
ft-2735570-sistem-penceresi-vx-ts-se-icin;2735570;RITTAL;FT 2735570 Sistem penceresi VX, TS, SE için;
ft-2735580-sistem-penceresi-vx-ts-se-icin;2735580;RITTAL;FT 2735580 Sistem penceresi VX, TS, SE için;
ft-2735590-sistem-penceresi-vx-ts-se-icin;2735590;RITTAL;FT 2735590 Sistem penceresi VX, TS, SE için;
ft-2736500-sistem-penceresi-vx-ts-se-icin;2736500;RITTAL;FT 2736500 Sistem penceresi VX, TS, SE için;
ft-2736510-sistem-penceresi-vx-ts-se-icin;2736510;RITTAL;FT 2736510 Sistem penceresi VX, TS, SE için;
ft-2736520-sistem-penceresi-vx-ts-se-icin;2736520;RITTAL;FT 2736520 Sistem penceresi VX, TS, SE için;
ft-2736530-sistem-penceresi-vx-ts-se-icin;2736530;RITTAL;FT 2736530 Sistem penceresi VX, TS, SE için;
ft-2736540-sistem-penceresi-vx-ts-se-icin;2736540;RITTAL;FT 2736540 Sistem penceresi VX, TS, SE için;
ft-2740000-operating-panel;2740000;RITTAL;FT 2740000 Operating panel;
ft-2741000-kontrol-panel-tablosu;2741000;RITTAL;FT 2741000 Kontrol Panel Tablosu;
ft-2742000-kontrol-panel-tablosu;2742000;RITTAL;FT 2742000 Kontrol Panel Tablosu;
ft-2743000-kontrol-panel-tablosu;2743000;RITTAL;FT 2743000 Kontrol Panel Tablosu;
ft-2744000-operating-panel;2744000;RITTAL;FT 2744000 Operating panel;
ft-2745000-operating-panel;2745000;RITTAL;FT 2745000 Operating panel;
ft-2746000-operating-panel;2746000;RITTAL;FT 2746000 Operating panel;
ft-2749000-cam-lock;2749000;RITTAL;FT 2749000 Cam lock;
ft-2760000-viewing-window-for-ae;2760000;RITTAL;FT 2760000 Viewing window for AE;
ft-2761000-viewing-window-for-ae;2761000;RITTAL;FT 2761000 Viewing window for AE;
ft-2762000-viewing-window-for-ae;2762000;RITTAL;FT 2762000 Viewing window for AE;
ft-2763000-viewing-window-for-ae;2763000;RITTAL;FT 2763000 Viewing window for AE;
ft-2772000-katlanabilir-ft-kilidi-gozetleme-penceresi-icin;2772000;RITTAL;FT 2772000 Katlanabilir FT kilidi gözetleme penceresi;
ft-2780000-akrilik-cam-kapak;2780000;RITTAL;FT 2780000 Akrilik cam kapak;
ft-2781000-akrilik-cam-kapak;2781000;RITTAL;FT 2781000 Akrilik cam kapak;
ft-2782000-akrilik-cam-kapak;2782000;RITTAL;FT 2782000 Akrilik cam kapak;
ft-2784000-akrilik-cam-kapak;2784000FT;RITTAL;FT 2784000 Akrilik cam kapak;
ft-2785000-akrilik-cam-kapak;2785000;RITTAL;FT 2785000 Akrilik cam kapak;
ft-2786000-akrilik-cam-kapak;2786000;RITTAL;FT 2786000 Akrilik cam kapak;
ft-2787000-acrylic-glazed-cover;2787000;RITTAL;FT 2787000 Acrylic glazed cover;
ft-2788000-acrylic-glazed-cover;2788000;RITTAL;FT 2788000 Acrylic glazed cover;
ft-2789000-acrylic-glazed-cover;2789.000;RITTAL;FT 2789000 Acrylic glazed cover;
ft-2791000-kontrol-panel-tablosu;2791000;RITTAL;FT 2791000 Kontrol Panel Tablosu;
ft-2792000-kontrol-panel-tablosu;2792000;RITTAL;FT 2792000 Kontrol Panel Tablosu;
ft-2793560-gozetleme-penceresi-paslanmaz-celik;2793560;RITTAL;FT 2793560 Gözetleme penceresi Paslanmaz çelik;
fan-unit-sk-3396021;3396021;RITTAL;Fan Ünitesi SK 3396021;
fan-unit-sk-3396333;3396333;RITTAL;Fan Ünitesi SK 3396333;
fan-unit-sk-3396535;3396535;RITTAL;Fan Ünitesi SK 3396535;
fan-unit-sk-3396543;3396543;RITTAL;Fan Ünitesi SK 3396543;
fan-unit-sk-3396635;3396635;RITTAL;Fan Ünitesi SK 3396635;
fan-unit-sk-3398156;3398156;RITTAL;Fan Ünitesi SK 3398156;
kuyruklu-drayer-3397-523;3397523;RITTAL;Filtre Dryer SK 3397.523;
it-7030230-transponder-reader;7030230;RITTAL;IT 7030230 Transponder reader;
it-7030628-transponder-card-mifare-classic;7030628;RITTAL;IT 7030628 Transponder card Mifare classic;
it-7030950-led-light-strip-for-cmc-iii;7030950;RITTAL;IT 7030950 LED light strip for CMC III;
it-chillers-a-continuous-supply-of-cool-water;;RITTAL;IT chillers – A continuous supply of cool water;
it-cooling-tailor-made-solutions-for-every-application;;RITTAL;IT cooling Tailor-made solutions for every application;
temperature-sensor-sk-3396046;3396046;RITTAL;Isı Sensörü SK 3396046;
temperature-sensor-sk-3396074;3396074;RITTAL;Isı Sensörü SK 3396074;
temperature-sensor-sk-3396209;3396209;RITTAL;Isı Sensörü SK 3396209;
temperature-sensor-sk-3396614;3396614;RITTAL;Isı Sensörü SK 3396614;
isi-sensoru-sk-3397025;3397.025;RITTAL;Isı Sensörü SK 3397025;
temperature-sensor-sk-3397105;3397105;RITTAL;Isı Sensörü SK 3397105;
isi-sensoru-1800mm-sk-3397183;3397183;RITTAL;Isı Sensörü SK 3397183;
temperature-sensor-sk-3397184;3397184;RITTAL;Isı Sensörü SK 3397184;
temperature-sensor-sk-3397185;3397185;RITTAL;Isı Sensörü SK 3397185;
temperature-sensor-sk-3397186;3397186;RITTAL;Isı Sensörü SK 3397186;
temperature-sensor-sk-3397280;3397280;RITTAL;Isı Sensörü SK 3397280;
isi-sensoru-sk-3397541;3397.025;RITTAL;Isı Sensörü SK 3397541;
temperature-sensor-sk-3397543;3397543;RITTAL;Isı Sensörü SK 3397543;
temperature-sensor-sk-3397682;3397682;RITTAL;Isı Sensörü SK 3397682;
temperature-sensor-sk-3397776;3397776;RITTAL;Isı Sensörü SK 3397776;
temperature-sensor-sk-3397777;3397777;RITTAL;Isı Sensörü SK 3397777;
isi-sensoru-su-donusu-sk-3397794;3397794;RITTAL;Isı Sensörü SK 3397794;
temperature-sensor-sk-3397798;3397.798;RITTAL;Isı Sensörü SK 3397798;
temperature-sensor-sk-3397799;3397799;RITTAL;Isı Sensörü SK 3397799;
temperature-sensor-sk-3397800;3397800;RITTAL;Isı Sensörü SK 3397800;
temperature-sensor-sk-3397801;3397.801;RITTAL;Isı Sensörü SK 3397801;
temperature-sensor-sk-3397880;3397880;RITTAL;Isı Sensörü SK 3397880;
temperature-sensor-sk-3397881;3397881;RITTAL;Isı Sensörü SK 3397881;
temperature-sensor-sk-3397882;3397882;RITTAL;Isı Sensörü SK 3397882;
temperature-sensor-sk-3397883;3397883;RITTAL;Isı Sensörü SK 3397883;
temperature-sensor-sk-3397884;3397884;RITTAL;Isı Sensörü SK 3397884;
temperature-sensor-sk-3397885;3397885;RITTAL;Isı Sensörü SK 3397885;
temperature-sensor-sk-3397938;3397938;RITTAL;Isı Sensörü SK 3397938;
temperature-sensor-sk-3397939;3397.939;RITTAL;Isı Sensörü SK 3397939;
temperature-sensor-sk-3397955;3397955;RITTAL;Isı Sensörü SK 3397955;
temperature-sensor-sk-3397997;3397997;RITTAL;Isı Sensörü SK 3397997;
temperature-sensor-sk-3397998;3397998;RITTAL;Isı Sensörü SK 3397998;
temperature-sensor-sk-3398109;3398109;RITTAL;Isı Sensörü SK 3398109;
temperature-sensor-sk-3398184;3398184;RITTAL;Isı Sensörü SK 3398184;
temperature-sensor-sk-3398185;3398185;RITTAL;Isı Sensörü SK 3398185;
isi-sensoru-sk-3398228;3398228;RITTAL;Isı Sensörü SK 3398228;
conductivitycontroller-sk-3398230;3398230;RITTAL;Isı Sensörü SK 3398230;
temperature-sensor-sk-3398231;3398231;RITTAL;Isı Sensörü SK 3398231;
isi-sensoru-sk-3398247;3398247;RITTAL;Isı Sensörü SK 3398247;
isi-sensoru-sk-3398262;3398262;RITTAL;Isı Sensörü SK 3398262;
isi-sensoru-sk-3398270;3398270;RITTAL;Isı Sensörü SK 3398270;
isi-sensoru-sk-3398382;3398382;RITTAL;Isı Sensörü SK 3398382;
temperature-sensor-sk-5050274;5050274;RITTAL;Isı Sensörü SK 5050274;
isi-sensoru-su-donusu-sk-3396694;3396694;RITTAL;Isı Sensörü Su dönüşü SK 3396694;
isi-sensoru-su-donusu-sk-3397779;3397779;RITTAL;Isı Sensörü Su dönüşü SK 3397779;
isi-sensoru-su-kaynagi-sk-3396693;3396693;RITTAL;Isı Sensörü Su kaynağı SK 3396693;
isi-sensoru-su-kaynagi-sk-3397778;3397778;RITTAL;Isı Sensörü Su kaynağı SK 3397778;
isi-sensoru-su-kaynagi-sk-3397793;3397793;RITTAL;Isı Sensörü Su kaynağı SK 3397793;
isi-sensoru-su-kaynagi-sk-3397802;3397.802;RITTAL;Isı Sensörü Su kaynağı SK 3397802;
isi-sensoru-su-kaynagi-sk-3397877;3397.877;RITTAL;Isı Sensörü Su kaynağı SK 3397877;
isi-sensoru-sicak-soguk-hava-sk-3396119;3396.119;RITTAL;Isı Sensörü Sıcak/Soğuk Hava SK 3396119;
isi-sensoru-sicak-soguk-hava-sk-3396692;3396692;RITTAL;Isı Sensörü Sıcak/Soğuk Hava SK 3396692;
isi-sensoru-sicak-soguk-hava-sk-3397026;3397026;RITTAL;Isı Sensörü Sıcak/Soğuk Hava SK 3397026;
isi-sensoru-sicak-soguk-hava-sk-3397030;3397030;RITTAL;Isı Sensörü Sıcak/Soğuk Hava SK 3397030;
isi-sensoru-sicak-soguk-hava-sk-3397062;3397062;RITTAL;Isı Sensörü Sıcak/Soğuk Hava SK 3397062;
isi-sensoru-sicak-soguk-hava-sk-3397069;3397069;RITTAL;Isı Sensörü Sıcak/Soğuk Hava SK 3397069;
isi-sensoru-sicak-soguk-hava-sk-3397180;3397180;RITTAL;Isı Sensörü Sıcak/Soğuk Hava SK 3397180;
isi-sensoru-sicak-soguk-hava-sk-3397181;3397181;RITTAL;Isı Sensörü Sıcak/Soğuk Hava SK 3397181;
isi-sensoru-sicak-soguk-hava-sk-3397182;3397182;RITTAL;Isı Sensörü Sıcak/Soğuk Hava SK 3397182;
isi-sensoru-sk-5050273;5050273;RITTAL;Isı sensörü SK 5050273;
kacak-sensoru-sk-3397063;3397063;RITTAL;Kaçak Sensörü SK 3397063;
kacak-sensoru-sk-3397281;3397281;RITTAL;Kaçak Sensörü SK 3397281;
leak-sensor-sk-3397768;3397768;RITTAL;Kaçak Sensörü SK 3397768;
rb173yfy-kompresor-3397-103;3397103;RITTAL;Kompresör SK 3397.103;
sk-kompresor-sk3397-104;3397104;RITTAL;Kompresör SK 3397.104;
sk-kompresor-sk-3397-760;3397.760;RITTAL;Kompresör SK 3397.760;
kondansator;3396122;RITTAL;Kondansatör SK 3396122;
kondansator-1;3397077;RITTAL;Kondansatör SK 3397077;
kondanser-fan-3332540-icin-sk-3396317;3396.317;RITTAL;Kondanser Fan 3332540 için SK 3396317;
kondanser-fan-sk-3396284;3396284;RITTAL;Kondanser Fan SK 3396284;
kondanser-fan-sk-3396286;3396286;RITTAL;Kondanser Fan SK 3396286;
kondanser-fan-sk-3396314;3396314;RITTAL;Kondanser Fan SK 3396314;
kondanser-fan-3290100-icin-sk-3396010;3396010;RITTAL;Kondanser Fan, 3290100 için SK 3396010;
sk-radial-fan-3396-273;3396.273;RITTAL;Kondanser fan SK 3396273;
yogusma-suyu-pompasi;3397771;RITTAL;Kondens Pompası SK 3397771;
kondens-sensoru-sk-3397547;3397.547;RITTAL;Kondens Sensörü SK 3397547;
kondenser-fan-3361500-icin-sk-3396649;3396649;RITTAL;Kondenser Fan, 3361500 için SK 3396649;
kondenser-fan-3361500-icin-sk-3396656;3396656;RITTAL;Kondenser Fan, 3361500 için SK 3396656;
koruyucu-folyo;3397085;RITTAL;Koruyucu Folyo 3397085;
leak-sensor-sk-3396688;3396688;RITTAL;Leak sensor SK 3396688;
liquid-cooling-packages-cw-high-performance-cooling;;RITTAL;Liquid Cooling Packages High-performance cooling;
liquid-cooling-unit-dx-efficient-cooling-with-no-loss-of-space;;RITTAL;Liquid Cooling Unit DX Efficient cooling with no loss of space;
manometer-sk-3397928;3397928;RITTAL;Manometer SK 3397928;
manometer-sk-3397950;3397.950;RITTAL;Manometer SK 3397950;
manometer-sk-3397951;3397.951;RITTAL;Manometer SK 3397951;
manometer-sk-3397952;3397.952;RITTAL;Manometer SK 3397952;
nd-pressostat-sk-3396242;3396242;RITTAL;ND Pressostat SK 3396242;
open-compute-project-ocp-rack-design-for-greater-flexibility;;RITTAL;Open Compute Project (OCP) Rack design;
pano;3397249;RITTAL;Pano 3397249;
pano-5;3397844;RITTAL;Pano SK 3397844;
pressostat-sk-3396123;3396.123;RITTAL;Pressostat SK 3396123;
pressostat-sk-3396239;3396239;RITTAL;Pressostat SK 3396239;
pressostat-sk-3396240;3396240;RITTAL;Pressostat SK 3396240;
pressostat-sk-3396243;3396243;RITTAL;Pressostat SK 3396243;
pressostat-sk-3396497;3396497;RITTAL;Pressostat SK 3396497;
pressostat-sk-3396498;3396498;RITTAL;Pressostat SK 3396498;
pressostat-sk-3396500;3396500;RITTAL;Pressostat SK 3396500;
pressostat-sk-3396501;3396501;RITTAL;Pressostat SK 3396501;
pressostat-sk-3396502;3396502;RITTAL;Pressostat SK 3396502;
pressostat-sk-3396505;3396505;RITTAL;Pressostat SK 3396505;
pressostat-sk-3396509;3396509;RITTAL;Pressostat SK 3396509;
pressostat-sk-3396580;3396580;RITTAL;Pressostat SK 3396580;
pressostat-sk-3396581;3396581;RITTAL;Pressostat SK 3396581;
pressostat-sk-3396613;3396613;RITTAL;Pressostat SK 3396613;
pressostat-sk-3396621;3396621;RITTAL;Pressostat SK 3396621;
rittal-sk-3293100-pano-klimasi;3293100;RITTAL;RITTAL SK 3293100 Pano Kliması;
radial-fan-sk-3396252;3396252;RITTAL;Radial Fan SK 3396252;
radial-fan-sk-3396287;3396287;RITTAL;Radial Fan SK 3396287;
radial-fan-sk-3396290;3396290;RITTAL;Radial Fan SK 3396290;
radial-fan-sk-3396291;3396291;RITTAL;Radial Fan SK 3396291;
radial-fan-sk-3396294;3396.294;RITTAL;Radial Fan SK 3396294;
radial-fan-sk-3396295;3396295;RITTAL;Radial Fan SK 3396295;
radial-fan-sk-3396331;3396331;RITTAL;Radial Fan SK 3396331;
radial-fan-sk-3396413;3396413;RITTAL;Radial Fan SK 3396413;
radial-fan-sk-3396414;3396414;RITTAL;Radial Fan SK 3396414;
radial-fan-sk-3396514;3396514;RITTAL;Radial Fan SK 3396514;
radial-fan-sk-3396534;3396534;RITTAL;Radial Fan SK 3396534;
radial-fan-sk-3396541;3396541;RITTAL;Radial Fan SK 3396541;
radial-fan-sk-3396561;3396561;RITTAL;Radial Fan SK 3396561;
radial-fan-sk-3396563;3396563;RITTAL;Radial Fan SK 3396563;
radial-fan-sk-3396567;3396567;RITTAL;Radial Fan SK 3396567;
radial-fan-sk-3396630;3396630;RITTAL;Radial Fan SK 3396630;
radial-fan-sk-3396632;3396632;RITTAL;Radial Fan SK 3396632;
radial-fan-sk-3396633;3396633;RITTAL;Radial Fan SK 3396633;
radial-fan-sk-3396643;3396643;RITTAL;Radial Fan SK 3396643;
radial-fan-sk-3396687;3396687;RITTAL;Radial Fan SK 3396687;
radial-fan-sk-3396718;3396718;RITTAL;Radial Fan SK 3396718;
radial-fan-sk-3397879;3397879;RITTAL;Radial Fan SK 3397879;
radial-fan-sk-3398036;3398036;RITTAL;Radial Fan SK 3398036;
radial-fan-sk-3398039;3398039;RITTAL;Radial Fan SK 3398039;
radial-fan-sk-3398079;3398079;RITTAL;Radial Fan SK 3398079;
radial-fan-sk-3398080;3398080;RITTAL;Radial Fan SK 3398080;
radial-fan-sk-3398081;3398081;RITTAL;Radial Fan SK 3398081;
radial-fan-sk-3398082;3398082;RITTAL;Radial Fan SK 3398082;
radial-fan-sk-3398083;3398083;RITTAL;Radial Fan SK 3398083;
radial-fan-sk-3398157;3398157;RITTAL;Radial Fan SK 3398157;
radial-fan-sk-3398165;3398165;RITTAL;Radial Fan SK 3398165;
radial-fan-sk-3398166;3398166;RITTAL;Radial Fan SK 3398166;
radial-fan-sk-3398169;3398169;RITTAL;Radial Fan SK 3398169;
radial-fan-sk-3398170;3398170;RITTAL;Radial Fan SK 3398170;
radial-fan-sk-3398183;3398183;RITTAL;Radial Fan SK 3398183;
radial-fan-sk-3398202;3398202;RITTAL;Radial Fan SK 3398202;
radial-fan-sk-3398208;3398208;RITTAL;Radial Fan SK 3398208;
radial-fan-sk-3398252;3398252;RITTAL;Radial Fan SK 3398252;
radial-fan-sk-3398267;3398267;RITTAL;Radial Fan SK 3398267;
radial-fan-sk-3398286;3398286;RITTAL;Radial Fan SK 3398286;
radial-fan-sk-3398362;3398362;RITTAL;Radial Fan SK 3398362;
radial-fan-sk-3396120;3396120;RITTAL;Radial fan SK 3396120;
sk-radial-fan-3396660;3396660;RITTAL;Radial fan SK 3396660;
sk-radial-santrifuj-fan-kelvin-3398151-vba0009898;3398.151;RITTAL;Radial fan SK 3398151;
radial-fan-sk-3398355;3398355;RITTAL;Radial fan SK 3398355;
radyal-fan-r2e133bh66-24-sk-3396265;3396265;RITTAL;Radyal Fan 3396265;
radial-fan-sk-3396004;3396004;RITTAL;Radyal Fan SK 3396004;
radial-fan-sk-3396005;3396005;RITTAL;Radyal Fan SK 3396005;
radial-fan-sk-3396006;3396006;RITTAL;Radyal Fan SK 3396006;
radial-fan-sk-3396007;3396007;RITTAL;Radyal Fan SK 3396007;
radial-fan-sk-3396011;3396011;RITTAL;Radyal Fan SK 3396011;
radial-fan-sk-3396012;3396012;RITTAL;Radyal Fan SK 3396012;
radial-fan-sk-3396014;3396014;RITTAL;Radyal Fan SK 3396014;
radial-fan-sk-3396016;3396016;RITTAL;Radyal Fan SK 3396016;
radial-fan-sk-3396017;3396017;RITTAL;Radyal Fan SK 3396017;
radial-fan-sk-3396018;3396018;RITTAL;Radyal Fan SK 3396018;
radial-fan-sk-3396019;3396019;RITTAL;Radyal Fan SK 3396019;
radial-fan-sk-3396027;3396027;RITTAL;Radyal Fan SK 3396027;
radial-fan-sk-3396030;3396030;RITTAL;Radyal Fan SK 3396030;
radyal-fan-sk-3396033;3396033;RITTAL;Radyal Fan SK 3396033;
radyal-fan-sk-3396034;3396034;RITTAL;Radyal Fan SK 3396034;
radyal-fan-sk-3396035;3396035;RITTAL;Radyal Fan SK 3396035;
radyal-fan-sk-3396037;3396037;RITTAL;Radyal Fan SK 3396037;
radyal-fan-sk-3396038;3396038;RITTAL;Radyal Fan SK 3396038;
radyal-fan-sk-3396040;3396040;RITTAL;Radyal Fan SK 3396040;
radyal-fan-sk-3396041;3396041;RITTAL;Radyal Fan SK 3396041;
radyal-fan-sk-3396043;3396043;RITTAL;Radyal Fan SK 3396043;
radyal-fan-sk-3396044;3396044;RITTAL;Radyal Fan SK 3396044;
radyal-fan-sk-3396048;3396048;RITTAL;Radyal Fan SK 3396048;
radyal-fan-sk-3396050;3396050;RITTAL;Radyal Fan SK 3396050;
radyal-fan-sk-3396077;3396077;RITTAL;Radyal Fan SK 3396077;
radyal-fan-sk-3396080;3396080;RITTAL;Radyal Fan SK 3396080;
radyal-fan-sk-3396081;3396081;RITTAL;Radyal Fan SK 3396081;
radyal-fan-sk-3396082;3396082;RITTAL;Radyal Fan SK 3396082;
radyal-fan-sk-3396083;3396083;RITTAL;Radyal Fan SK 3396083;
radyal-fan-sk-3396084;3396084;RITTAL;Radyal Fan SK 3396084;
radyal-fan-sk-3396086;3396086;RITTAL;Radyal Fan SK 3396086;
radyal-fan-sk-3396089;3396089;RITTAL;Radyal Fan SK 3396089;
radyal-fan-sk-3396121;3396121;RITTAL;Radyal Fan SK 3396121;
radyal-fan-sk-3396248;3396248;RITTAL;Radyal Fan SK 3396248;
radyal-fan-sk-3396250;3396250;RITTAL;Radyal Fan SK 3396250;
radyal-fan-sk-3396253;3396253;RITTAL;Radyal Fan SK 3396253;
radyal-fan-sk-3396256;3396256;RITTAL;Radyal Fan SK 3396256;
radyal-fan-sk-3396268;3396268;RITTAL;Radyal Fan SK 3396268;
radyal-fan-sk-3396272;3396272;RITTAL;Radyal Fan SK 3396272;
radyal-fan-sk-3396283;3396.283;RITTAL;Radyal Fan SK 3396283;
radyal-fan-sk-3396285;3396285;RITTAL;Radyal Fan SK 3396285;
radyal-fan-sk-3396305;3396305;RITTAL;Radyal Fan SK 3396305;
radyal-fan-sk-3396322;3396322;RITTAL;Radyal Fan SK 3396322;
radyal-fan-sk-3396326;3396.326;RITTAL;Radyal Fan SK 3396326;
radyal-fan-sk-3396562;3396562;RITTAL;Radyal Fan SK 3396562;
radyal-fan-sk-3396564;3396564;RITTAL;Radyal Fan SK 3396564;
radyal-fan-sk-3396566;3396566;RITTAL;Radyal Fan SK 3396566;
radyal-fan-sk-3396644;3396644;RITTAL;Radyal Fan SK 3396644;
radyal-fan-sk-3396646;3396646;RITTAL;Radyal Fan SK 3396646;
radyal-fan-sk-3396648;3396648;RITTAL;Radyal Fan SK 3396648;
radyal-fan-sk-3396650;3396650;RITTAL;Radyal Fan SK 3396650;
radyal-fan-sk-3396651;3396651;RITTAL;Radyal Fan SK 3396651;
radyal-fan-sk-3396653;3396653;RITTAL;Radyal Fan SK 3396653;
radyal-fan-sk-3396654;3396654;RITTAL;Radyal Fan SK 3396654;
radyal-fan-sk-3396655;3396655;RITTAL;Radyal Fan SK 3396655;
radyal-fan-sk-3396732;3396732;RITTAL;Radyal Fan SK 3396732;
radial-fan-sk-3398234;3398234;RITTAL;Radyal Fan SK 3398234;
radyal-fan-sk-3398293;3398293;RITTAL;Radyal Fan SK 3398293;
radyal-fan-sk-3398294;3398294;RITTAL;Radyal Fan SK 3398294;
radyal-fan-sk-3398333;3398333;RITTAL;Radyal Fan SK 3398333;
radyal-fan-sk-3398393;3398393;RITTAL;Radyal Fan SK 3398393;
radyal-fan-sk-3398415;3398415;RITTAL;Radyal Fan SK 3398415;
radyal-kondanser-fan-sk-3396254;3396254;RITTAL;Radyal Kondanser Fan SK 3396254;
sk-radial-fan-3396-257;3396257;RITTAL;Radyal Kondanser fan SK 3396257;
sk-radial-fan-3396-255;3396.255;RITTAL;Radyal fan SK 3396255;
sk-radial-fan-3396315;3396315;RITTAL;Radyal fan SK 3396315;
rimatrix-data-cube-modules-with-maximum-scalability;;RITTAL;RiMatrix Data Cube Modules with maximum scalability;
rimatrix-s-the-standardised-data-centre;;RITTAL;RiMatrix S The standardised data centre;
rittal-327365-condensate-evaporator;3397721;RITTAL;Rittal 327365 Condensate Evaporator;
rittal-3396-733-invertor;3396733;RITTAL;Rittal 3396.733 İnvertör;
sk-grille-1;3396510;RITTAL;Rittal 3396510 Grille;
kapak-7;3397224;RITTAL;Rittal 3397224 Kapak;
sk-cover-baslik-24;3397307;RITTAL;Rittal 3397307 Cover Başlık;
sk-kapak;3397548;RITTAL;Rittal 3397548 Kapak;
sk-cover-baslik-40;3397549;RITTAL;Rittal 3397549 Cover Başlık;
sk-cover-3;3397550;RITTAL;Rittal 3397550 Cover;
sk-cover-4;3397551;RITTAL;Rittal 3397551 Cover;
sk-cover-baslik-41;3397593;RITTAL;Rittal 3397593 Cover Başlık;
sk-cover-baslik-43;3397599;RITTAL;Rittal 3397599 Cover Başlık;
sk-cover-baslik-44;3397606;RITTAL;Rittal 3397606 Cover Başlık;
sk-cover-baslik-45;3397608;RITTAL;Rittal 3397608 Cover Başlık;
sk-cover-baslik-46;3397612;RITTAL;Rittal 3397612 Cover Başlık;
sk-cover-7;3397811;RITTAL;Rittal 3397811 Cover Başlık;
sk-cover-baslik-50;3397873;RITTAL;Rittal 3397873 Cover Başlık;
sk-cover-baslik-51;3397874;RITTAL;Rittal 3397874 Cover Başlık;
sk-fan-plastik-kapagi-on-3304-icin;3398305;RITTAL;Rittal 3398305 Fan Plastik Kapağı, ön, 3304 için;
sk-inverter;3398342;RITTAL;Rittal 3398342 İnverter;
sk-cover-11;3398349;RITTAL;Rittal 3398349 Cover;
aksesuar-cantasi-2;3398356;RITTAL;Rittal 3398356 Aksesuar Çantası;
sk-inverter-1;3398408;RITTAL;Rittal 3398408 İnvertör;
rittal-3398428-invertor;3398428;RITTAL;Rittal 3398428 İnvertör;
rittal-3398433-invertor;3398433;RITTAL;Rittal 3398433 İnvertör;
ax-2435100-comfort-handle-ax;2435100;RITTAL;Rittal AX 2435100 Comfort handle AX;
ax-2435200-comfort-handle-ax;2435200;RITTAL;Rittal AX 2435200 Comfort handle AX;
ax-2435300-comfort-handle-ax;2435300;RITTAL;Rittal AX 2435300 Comfort handle AX;
ax-2435400-comfort-handle-ax;2435400;RITTAL;Rittal AX 2435400 Comfort handle AX;
rittal-ax-2449010-180deg-hinges-mentese;2449010;RITTAL;Rittal AX 2449010 180° hinges / Menteşe;
rittal-ax-2515200-celik-sac-proje-cebi-degisken-genislik-ax-icin;2515200;RITTAL;Rittal AX 2515200 Çelik sac proje cebi;
rittal-ax-2515300-celik-sac-proje-cebi-degisken-genislik-ax-icin;2515300;RITTAL;Rittal AX 2515300 Çelik sac proje cebi;
rittal-ax-2515400-celik-sac-proje-cebi-degisken-genislik-ax-icin;2515400;RITTAL;Rittal AX 2515400 Çelik sac proje cebi;
ax-2537100-mini-comfort-handle-ax;2537100;RITTAL;Rittal AX 2537100 Mini-comfort handle AX;
ax-2537300-mini-comfort-handle-ax;2537300;RITTAL;Rittal AX 2537300 Mini-comfort handle AX;
rittal-ax-2561200;2561200;RITTAL;Rittal AX 2561200 metrik kabartmalı kablo giriş plakası;
rittal-ax-2562200;2562200;RITTAL;Rittal AX 2562200 Plastik kablo giriş plakası;
rittal-ax-2563200;2563200;RITTAL;Rittal AX 2563200 metrik kabartmalı kablo giriş plakası;
rittal-ax-2564200;2564200;RITTAL;Rittal AX 2564200 Plastik kablo giriş plakası;
rittal-ax-2565200;2565200;RITTAL;Rittal AX 2565200 metrik kabartmalı kablo giriş plakası;
rittal-ax-2566200;2566200;RITTAL;Rittal AX 2566200 metrik kabartmalı kablo giriş plakası;
rittal-ax-2567200;2567200;RITTAL;Rittal AX 2567200 metrik kabartmalı kablo giriş plakası;
rittal-ax-2580000;2580000;RITTAL;Rittal AX 2580000 Sızdırmazlık elemanı küçük kapalı;
rittal-ax-2580003;2580003;RITTAL;Rittal AX 2580003 Sızdırmazlık elemanı 3 mm 4 mm;
rittal-ax-2580004;2580004;RITTAL;Rittal AX 2580004 Sızdırmazlık elemanı 4 mm 5 mm;
rittal-ax-2580005;2580005;RITTAL;Rittal AX 2580005 Sızdırmazlık elemanı 5 mm 6 mm;
rittal-ax-2580006;2580006;RITTAL;Rittal AX 2580006 Sızdırmazlık elemanı 6 mm 7 mm;
rittal-ax-2580007;2580007;RITTAL;Rittal AX 2580007 Sızdırmazlık elemanı 7 mm 8 mm;
rittal-ax-2580008;2580008;RITTAL;Rittal AX 2580008 Sızdırmazlık elemanı 8 mm 9 mm;
rittal-ax-2580009;2580009;RITTAL;Rittal AX 2580009 Sızdırmazlık elemanı 9 mm10 mm;
rittal-ax-2580010;2580010;RITTAL;Rittal AX 2580010 Sızdırmazlık elemanı10mm11 mm;
rittal-ax-2580011;2580011;RITTAL;Rittal AX 2580011 Sızdırmazlık elemanı11 mm12mm;
rittal-ax-2580012;2580012;RITTAL;Rittal AX 2580012 Sızdırmazlık elemanı12 mm13mm;
rittal-ax-2580013;2580013;RITTAL;Rittal AX 2580013 Sızdırmazlık elemanı13 mm14 mm;
rittal-ax-2580014;2580014;RITTAL;Rittal AX 2580014 Sızdırmazlık elemanı14- 15 mm;
rittal-ax-2580100;2580100;RITTAL;Rittal AX 2580100 Sızdırmazlık elemanı, büyük kapalı;
rittal-ax-2580115;2580115;RITTAL;Rittal AX 2580115 Sızdırmazlık elemanı15 mm 16 mm;
rittal-ax-2580116;2580116;RITTAL;Rittal AX 2580116 Sızdırmazlık elemanı16 mm 17 mm;
rittal-ax-2580117;2580117;RITTAL;Rittal AX 2580117 Sızdırmazlık elemanı17 mm 18 mm;
rittal-ax-2580118;2580118;RITTAL;Rittal AX 2580118 Sızdırmazlık elemanı18 mm 19 mm;
rittal-ax-2580119;2580119;RITTAL;Rittal AX 2580119 Sızdırmazlık elemanı19 mm 20 mm;
rittal-ax-2580120;2580120;RITTAL;Rittal AX 2580120 Sızdırmazlık elemanı 20 mm 21 mm;
rittal-ax-2580121;2580121;RITTAL;Rittal AX 2580121 Sızdırmazlık elemanı 21 mm 22 mm;
rittal-ax-2580122;2580122;RITTAL;Rittal AX 2580122 Sızdırmazlık elemanı 22 mm 23 mm;
rittal-ax-2580123;2580123;RITTAL;Rittal AX 2580123 Sızdırmazlık elemanı 23 mm 24 mm;
rittal-ax-2580124;2580124;RITTAL;Rittal AX 2580124 Sızdırmazlık elemanı 24 mm 25 mm;
rittal-ax-2580125;2580125;RITTAL;Rittal AX 2580125 Sızdırmazlık elemanı;
rittal-ax-2582100;2582100;RITTAL;Rittal AX 2582100 modüler sızdırmazlık çerçevesi;
rittal-ax-2582200;2582200;RITTAL;Rittal AX 2582200 Dolgu modüler plastik flanş plakası;
rittal-ax-2582400;2582400;RITTAL;Rittal AX 2582400 Dolgu modüler plastik flanş plakası;
rittal-ax-2582600;2582600;RITTAL;Rittal AX 2582600 Dolgu modüler plastik flanş plakası;
rittal-ax-2583080;2583080;RITTAL;Rittal AX 2583080 Sızdırmazlık çerçevesi, modüler;
rittal-ax-2583100;2583100;RITTAL;Rittal AX 2583100 Sızdırmazlık çerçevesi modüler;
rittal-ax-2583120;2583120;RITTAL;Rittal AX 2583120 Sızdırmazlık kilitleme mandalı;
rittal-air-handling-unit-high-efficiency-room-cooling-for-large-data-centres;;RITTAL;Rittal Air Handling Unit High-efficiency room cooling for large data centres;
sk-fault-indicator-module-1;3397889;RITTAL;Rittal Arıza Gösterge Modülü SK 3397889;
baypas-valfi;3397.899;RITTAL;Rittal Baypas Valfi 3397899;
sk-blue-baglanti-fisi;3398404;RITTAL;Rittal Blue Bağlantı Fişi SK 3398404;
rittal-cm-2519200-kapi-tutucusu;2519200;RITTAL;Rittal CM 2519200 Kapı tutucusu;
rittal-cm-4115500-celik-sac-proje-cebi-vx-ts-cm-se-pc-tp-alt-parcasi-icin;4115500;RITTAL;Rittal CM 4115500 Çelik sac proje cebi;
rittal-cm-4116500-celik-sac-proje-cebi-vx-ts-cm-se-pc-tp-alt-parcasi-icin;4116500;RITTAL;Rittal CM 4116500 Çelik sac proje cebi;
rittal-cm-4118500-celik-sac-proje-cebi-vx-ts-cm-se-pc-tp-alt-parcasi-icin;4118500;RITTAL;Rittal CM 4118500 Çelik sac proje cebi;
rittal-cm-5001000-180deg-mentese-cm-standart-kapi-ral-9011-9006-3lu-pk;5001000;RITTAL;Rittal CM 5001000 180° menteşe;
rittal-cm-5001060-folding-lever-handle-for-cm;5001060;RITTAL;Rittal CM 5001060 Folding lever handle for CM;
rittal-cm-5001061-folding-lever-handle-for-cm;5001061;RITTAL;Rittal CM 5001061 Folding lever handle for CM;
rittal-cm-5001062-folding-lever-handle-for-cm;5001062;RITTAL;Rittal CM 5001062 Folding lever handle for CM;
rittal-cm-5001080-kablo-tutucu-ray-c-profili-montaj-plakalari-vx-ts-se-cm-tp-icin;5001080;RITTAL;Rittal CM 5001080 Kablo tutucu ray C profili;
rittal-cm-5001081-kablo-tutucu-ray-c-profili-montaj-plakalari-vx-ts-se-cm-tp-icin;5001081;RITTAL;Rittal CM 5001081 Kablo tutucu ray C profili;
rittal-cm-5001082-kablo-tutucu-ray-c-profili-montaj-plakalari-vx-ts-se-cm-tp-icin;5001082;RITTAL;Rittal CM 5001082 Kablo tutucu ray C profili;
rittal-cm-5001083-kablo-tutucu-ray-c-profili-montaj-plakalari-vx-ts-se-cm-tp-icin;5001083;RITTAL;Rittal CM 5001083 Kablo tutucu ray;
rittal-cp-6052000-kablo-tutturma-acisi;6052000;RITTAL;Rittal CP 6052000 Kablo Tutturma Açısı;
rittal-cp-6052500;6052500;RITTAL;Rittal CP 6052500 Kablo geçiş modülü;
rittal-cp-6206900-tasiyici-kol-sistemi-cp-60-icin-led-kompakt-moduler;6206900;RITTAL;Rittal CP 6206900;
rittal-cp-6212900-cp-120-ve-cp-180-tasiyici-kol-sistemi-icin-led-kompakt-moduler;6212900;RITTAL;Rittal CP 6212900 LED kompakt modüler;
rittal-crac-systems-precision-climate-control-units-for-data-centres;;RITTAL;Rittal CRAC systems Precision climate control units for data centres;
rittal-cs-9765150-enclosure-light-48-v-dc;9765150;RITTAL;Rittal CS 9765150 Enclosure light, 48 V DC;
cs-9785040-lock-and-push-button-inserts-and-profile-half-cylinders;9785040;RITTAL;Rittal CS 9785040;
cs-9785042-lock-and-push-button-inserts-and-profile-half-cylinders;9785042;RITTAL;Rittal CS 9785042;
sk-cover-10;3398203;RITTAL;Rittal Cover 3398203;
rittal-dk-5302027-potansiyel-dengeleme-kiti-vx-it-icin;5302027;RITTAL;Rittal DK 5302027 Potansiyel dengeleme kiti;
rittal-dk-5302043-kablo-tavasi-degisken-derinlik-ts-it-te-8000-icin;5302043;RITTAL;Rittal DK 5302043 Kablo tavası değişken derinlik;
rittal-dk-5302044-kablo-tutucu-ray-derinligi-degisken-vx-it-te-icin;5302044;RITTAL;Rittal DK 5302044 Kablo Tutucu Ray;
rittal-dk-5302046-kablo-duzenleme-kancasi-vx-it-icin;5302046;RITTAL;Rittal DK 5302046 Kablo düzenleme kancası VX IT;
rittal-dk-5302051-kablo-kanali-vx-it-te-icin;5302051;RITTAL;Rittal DK 5302051 Kablo kanalı VX IT, TE için;
rittal-dk-5302052-kablo-kanali-vx-it-te-icin;5302052;RITTAL;Rittal DK 5302052 Kablo kanalı VX IT, TE için;
rittal-dk-5302053-kablo-kanali-vx-it-te-icin;5302053;RITTAL;Rittal DK 5302053 Kablo kanalı VX IT;
rittal-dk-5302202-firca-citali-kablo-gecis-paneli-482-6-mm-19;5302202;RITTAL;Rittal DK 5302202 Fırça çıtalı kablo geçiş paneli;
rittal-dk-5302203-lwl-duzenleme-panosu-1-he-482-6-mm-19;5302203;RITTAL;Rittal DK 5302203 LWL düzenleme panosu;
rittal-dk-5502115-kablo-duzenleme-kancasi-vx-it-icin;5502115;RITTAL;Rittal DK 5502115 Kablo düzenleme kancası VX IT;
rittal-dk-5502155-cirt-bant-tutucu;5502155;RITTAL;Rittal DK 5502155 Cırt bant tutucu;
rittal-dk-5502205-duzenleme-panosu-celik-askili-1-u-55-mm-43-mm-ral-9005;5502205;RITTAL;Rittal DK 5502205 Düzenleme panosu çelik askılı;
rittal-dk-5502225-duzenleme-panosu-kablo-merdivenli;5502225;RITTAL;Rittal DK 5502225 Düzenleme panosu merdivenli;
rittal-dk-5502235-duzenleme-panosu-on-klapeli;5502235;RITTAL;Rittal DK 5502235 Düzenleme panosu ön klapeli;
rittal-dk-5502245-kablo-kilavuz-oluklari-panosu-482-6-mm-19;5502245;RITTAL;Rittal DK 5502245 Kablo kılavuz olukları panosu;
rittal-dk-5502405-kablo-yoneticisi;5502405;RITTAL;Rittal DK 5502405 Kablo yöneticisi;
rittal-dk-7000685-kablo-yonlendiricisi-te-icin;7000685;RITTAL;Rittal DK 7000685 Kablo yönlendiricisi TE için;
rittal-dk-7000688-pdu-mounting-adaptor-for-te;7000688;RITTAL;Rittal DK 7000688 PDU mounting adaptor for TE;
rittal-dk-7044010-montaj-cerceveleri-network-cable-organizer-icin;7044010;RITTAL;Rittal DK 7044010 Montaj çerçeve Network Cable;
rittal-dk-7044020-bosluk-kapama-kapagi-network-cable-organizer-icin;7044020;RITTAL;Rittal DK 7044020 Boşluk kapama kapağı;
rittal-dk-7044110-cat-6-komple-sistem-network-cable-organizer-icin;7044110;RITTAL;Rittal DK 7044110 CAT 6 komple sistem;
rittal-dk-7044113-cat-6-kasetleri-network-cable-organizer-icin;7044113;RITTAL;Rittal DK 7044113 kasetleri Network Cable Organizer;
rittal-dk-7044120-cat-6-komple-sistem-network-cable-organizer-icin;7044120;RITTAL;Rittal DK 7044120 CAT 6 komple sistem;
rittal-dk-7044123-cat-6-kasetleri-network-cable-organizer-icin;7044123;RITTAL;Rittal DK 7044123 Network Cable Organizer için;
rittal-dk-7044130-cat-6-komple-sistem-network-cable-organizer-icin;7044130;RITTAL;Rittal DK 7044130;
rittal-dk-7044133-cat-6-kasetleri-network-cable-organizer-icin;7044133;RITTAL;Rittal DK 7044133 CAT 6 kasetleri Network Cable;
rittal-dk-7044140-cat-6-komple-sistem-network-cable-organizer-icin;7044140;RITTAL;Rittal DK 7044140;
rittal-dk-7044143-cat-6-kasetleri-network-cable-organizer-icin;7044143;RITTAL;Rittal DK 7044143 CAT 6 kasetleri Network Cable;
rittal-dk-7044150-cat-6-komple-sistem-network-cable-organizer-icin;7044150;RITTAL;Rittal DK 7044150 komple sistem Network Cable;
rittal-dk-7044153-cat-6-kasetleri-network-cable-organizer-icin;7044153;RITTAL;Rittal DK 7044153 CAT 6 kasetleri Network Cable;
rittal-dk-7044160-cat-6-komple-sistem-network-cable-organizer-icin;7044160;RITTAL;Rittal DK 7044160 komple sistem Network Cable;
rittal-dk-7044163-cat-6-kasetleri-network-cable-organizer-icin;7044163;RITTAL;Rittal DK 7044163 CAT 6 kasetleri Network Cable;
rittal-dk-7044170-cat-6-komple-sistem-network-cable-organizer-icin;7044170;RITTAL;Rittal DK 7044170 komple sistem Network Cable;
rittal-dk-7044173-cat-6-kasetleri-network-cable-organizer-icin;7044173;RITTAL;Rittal DK 7044173 Network Cable Organizer için;
rittal-dk-7044178-yazma-etiketleri-network-cable-organizer-icin;7044178;RITTAL;Rittal DK 7044178 Yazma etiketleri Network;
rittal-dk-7044210-fiber-optik-kasetleri-network-cable-organizer-icin;7044210;RITTAL;Rittal DK 7044210 Network Cable Organizer için;
rittal-dk-7044211-fiber-optik-kasetleri-network-cable-organizer-icin;7044211;RITTAL;Rittal DK 7044211 Network Cable Organizer için;
rittal-dk-7044230-fiber-optik-kasetleri-network-cable-organizer-icin;7044230;RITTAL;Rittal DK 7044230 Network Cable Organizer için;
rittal-dk-7044231-fiber-optik-kasetleri-network-cable-organizer-icin;7044231;RITTAL;Rittal DK 7044231 Network Cable Organizer için;
rittal-dk-7044240-fiber-optik-kasetleri-network-cable-organizer-icin;7044240;RITTAL;Rittal DK 7044240 Fiber optik kasetleri;
rittal-dk-7044241-fiber-optik-kasetleri-network-cable-organizer-icin;7044241;RITTAL;Rittal DK 7044241 Network Cable Organizer;
rittal-dk-7063200-cekmece-19-kablo-fazlaliklarini-yerlestirmek-icin;7063200;RITTAL;Rittal DK 7063200 Kablo Çekmecesi;
rittal-dk-7072100;7072100;RITTAL;Rittal DK 7072100 Kenar koruması;
rittal-dk-7072200-cita-fircasi;7072200;RITTAL;Rittal DK 7072200 Çıta fırçası;
rittal-dk-7072220-cirt-bant-g-20-mm-u-130-mm-cap-30-mm;7072220;RITTAL;Rittal DK 7072220 Cırt bant G 20 mm U 130 mm;
rittal-dk-7072230-cirt-bant-g-20-mm-u-200-mm-cap-50-mm;7072230;RITTAL;Rittal DK 7072230 Cırt bant G 20 mm U 200 mm;
rittal-dk-7072240-cirt-bant-g-20-mm-u-300-mm-cap-90-mm;7072240;RITTAL;Rittal DK 7072240 Cırt bant G 20 mm U 300 mm;
rittal-dk-7077000-kablo-kelepcesi-c-profil-raylari-kombine-raylar-icin-6-mm-14-mm;7077000;RITTAL;Rittal DK 7077000 Kablo kelepçesi;
rittal-dk-7078000-kablo-kelepcesi-c-profil-raylari-kombine-raylar-icin-12-mm-18-mm;7078000;RITTAL;Rittal DK 7078000 Kablo kelepçesi;
rittal-dk-7097000-kablo-kelepcesi-c-profil-raylari-kombine-raylar-icin-18-mm-22-mm;7097000;RITTAL;Rittal DK 7097000 Kablo kelepçesi;
rittal-dk-7097220-kablo-kelepcesi-c-profil-raylari-kombine-raylar-icin-22-mm-26-mm;7097220;RITTAL;Rittal DK 7097220 Kablo kelepçesi;
rittal-dk-7097260-kablo-kelepcesi-c-profil-raylari-kombine-raylar-icin-26-mm-30-mm;7097260;RITTAL;Rittal DK 7097260 Kablo kelepçesi C profil rayları;
rittal-dk-7097300-kablo-kelepcesi-c-profil-raylari-kombine-raylar-icin-30-mm-34-mm;7097300;RITTAL;Rittal DK 7097300 Kablo kelepçesi;
rittal-dk-7097340-kablo-kelepcesi-c-profil-raylari-kombine-raylar-icin-34-mm-38-mm;7097340;RITTAL;Rittal DK 7097340 Kablo Kelepçesi;
rittal-dk-7098000-kablo-kelepcesi-c-profil-raylari-kombine-raylar-icin-38-mm-42-mm;7098000;RITTAL;Rittal DK 7098000 Kablo kelepçesi kombine raylar için;
rittal-dk-7098100-kablo-kelepcesi-c-profil-raylari-kombine-raylar-icin-42-mm-56-mm;7098100;RITTAL;Rittal DK 7098100 Kablo kelepçesi;
rittal-dk-7099000-kablo-kelepcesi-c-profil-raylari-kombine-raylar-icin-56-mm-64-mm;7099000;RITTAL;Rittal DK 7099000 Kablo Kelepçesi;
rittal-dk-7109200-light-1-u-lamba-1-he;7109200;RITTAL;Rittal DK 7109200 Light 1 U Lamba 1 HE;
rittal-dk-7111000-kablo-kilavuz-askisi-g-65-mm-d-125-mm;7111000;RITTAL;Rittal DK 7111000 Kablo kılavuz askısı;
rittal-dk-7111212-universal-kullanim-icin-kablo-cubuklari;7111212;RITTAL;Rittal DK 7111212 Üniversal kullanım için kablo;
rittal-dk-7111214-kablo-cubuklari-19-sabitleme;7111214;RITTAL;Rittal DK 7111214 Kablo çubukları, 19'' sabitleme;
rittal-dk-7111222-universal-kullanim-icin-kablo-cubuklari;7111222;RITTAL;Rittal DK 7111222 Üniversal kullanım için kablo çubuk;
rittal-dk-7111224-kablo-cubuklari-19-sabitleme;7111224;RITTAL;Rittal DK 7111224 Kablo çubukları 19'' sabitleme;
rittal-dk-7111250-dagitici-askilar;7111250;RITTAL;Rittal DK 7111250 Dağıtıcı askılar;
rittal-dk-7111252-dagitici-askilar;7111252;RITTAL;Rittal DK 7111252 Dağıtıcı askılar;
rittal-dk-7111300-oturtulan-kablo-kilavuzu;7111300;RITTAL;Rittal DK 7111300 Oturtulan kablo kılavuzu;
rittal-dk-7111310-oturtulan-kablo-kilavuzu;7111310;RITTAL;Rittal DK 7111310 Oturtulan kablo kılavuzu;
rittal-dk-7111350-cirt-bant-kablo-tutucu-kendinden-yapiskanli;7111350;RITTAL;Rittal DK 7111350 Cırt bant kablo tutucu yapışkanlı;
rittal-dk-7111900-kablo-kilavuz-askisi-g-85-mm-d-125-mm;7111900;RITTAL;Rittal DK 7111900 Kablo kılavuz askısı;
rittal-dk-7112000-kablo-kilavuz-askisi-g-43-mm-d-85-mm;7112000;RITTAL;Rittal DK 7112000 Kablo kılavuz askısı G 43 mm D 85;
rittal-dk-7113000-topraklama-rayi-vx-vx-it-vx-se-ts-ts-it-se-icin;7113000;RITTAL;Rittal DK 7113000 Topraklama rayı;
rittal-dk-7116500-lwl-kilavuz-askisi;7116500;RITTAL;Rittal DK 7116500 LWL kılavuz askısı;
rittal-dk-7159017-duzenleme-panosu-plastik-askili;7159017;RITTAL;Rittal DK 7159017 Düzenleme panosu plastik askılı;
rittal-dk-7200800-comfort-handle-with-code-for-ts-ts-it-se;7200800;RITTAL;Rittal DK 7200800 Comfort handle with code;
rittal-dk-7200801-comfort-handle-with-code-for-ts-ts-it-se;7200801;RITTAL;Rittal DK 7200801 Comfort handle with code;
rittal-dk-7200810-ergoform-s-handle-with-numerical-code-for-te;7200810;RITTAL;Rittal DK 7200810;
rittal-dk-7220500-kablolarin-fazlaliklarinin-yerlestirilmesi;7220500;RITTAL;Rittal DK 7220500 Kabloların fazlalıkları yerleştirilmesi;
rittal-dk-7220600-dizme-askisi;7220600;RITTAL;Rittal DK 7220600 Dizme askısı;
rittal-dk-7257005-duzenleme-panosu-celik-askili-1-u-105-mm-43-mm-ral-9005;7257005;RITTAL;Rittal DK 7257005 Düzenleme panosu çelik askılı;
rittal-dk-7257035-duzenleme-panosu-celik-askili-1-u-105-mm-43-mm-ral-7035;7257035;RITTAL;Rittal DK 7257035;
rittal-dk-7257100-duzenleme-panosu-celik-askili-2-u-125-mm-85-mm-ral-7035;7257100;RITTAL;Rittal DK 7257100;
rittal-dk-7257105-duzenleme-panosu-celik-askili-2-u-125-mm-85-mm-ral-9005;7257105;RITTAL;Rittal DK 7257105;
rittal-dk-7257200-duzenleme-panosu-celik-askili-1-u-55-mm-43-mm-ral-7035;7257200;RITTAL;Rittal DK 7257200 Düzenleme panosu çelik askılı;
dk-7320700-ergoform-s-handle-electromagnetic-for-te-8000-ral-7035;7320.700;RITTAL;Rittal DK 7320700 Ergoform-S handle;
rittal-dk-7541000-topraklama-rayi-dikey-vx-vx-it-ts-ts-it-icin;7541000;RITTAL;Rittal DK 7541000 Topraklama rayı;
rittal-dk-7542000-earth-rail-vertical;7542000;RITTAL;Rittal DK 7542000 Earth rail, vertical;
rittal-dk-7543000-topraklama-rayi-dikey-vx-vx-it-ts-ts-it-icin;7543000;RITTAL;Rittal DK 7543000 Topraklama rayı;
rittal-dk-7544000-earth-rail-vertical;7544000;RITTAL;Rittal DK 7544000 Earth rail, vertical;
rittal-dk-7545000-topraklama-rayi-dikey-vx-vx-it-ts-ts-it-icin;7545000;RITTAL;Rittal DK 7545000 Topraklama rayı, dikey VX, VX IT, TS, TS IT için;
rittal-dk-7546000-earth-rail-vertical;7546000;RITTAL;Rittal DK 7546000 Earth rail, vertical;
rittal-dk-7547000-topraklama-rayi-dikey-vx-vx-it-ts-ts-it-icin;7547000;RITTAL;Rittal DK 7547000 Topraklama rayı;
rittal-dk-7548000-earth-rail-vertical;7548000;RITTAL;Rittal DK 7548000 Earth rail, vertical;
rittal-dk-7549000-genisletme-seti-topraklama-rayi-icin-dikey;7549000;RITTAL;Rittal DK 7549000 Genişletme seti topraklama rayı;
rittal-dk-7705110-mini-comfort-handle-for-el-3-part-3-15-u;7705110;RITTAL;Rittal DK 7705110;
rittal-dk-7705120-mini-comfort-handle-for-el-3-part-3-15-u;7705120;RITTAL;Rittal DK 7705120 Mini-comfort handle;
rittal-dk-7752950-esd-baglanti-noktasi-esd-connection-point;7752950;RITTAL;Rittal DK 7752950 ESD bağlantı noktası;
rittal-dk-7824520-180deg-hinges-mentese-180derece-metal-kapi-icin;7824520;RITTAL;Rittal DK 7824520 180° hinges Menteşe;
rittal-dk-7824525-mentese-180derece-cam-kapi-icin;7824525;RITTAL;Rittal DK 7824525 Menteşe, 180derece, cam kapı için;
rittal-dk-7825375-cita-firca-yuksek-derecede-sizdirmaz;7825375;RITTAL;Rittal DK 7825375 Sızdırmaz Çıta Fırça;
rittal-dk-7829150-ts-it-topraklamasi-icin-genisletme-seti;7829150;RITTAL;Rittal DK 7829150;
rittal-dk-7829200-merkezi-topraklama-noktasi;7829200;RITTAL;Rittal DK 7829200 Merkezi topraklama noktası;
rittal-dk-7856005-modular-psm-busbar;7856005;RITTAL;Rittal DK 7856005 Modular PSM busbar;
rittal-dk-7856006-modular-psm-busbar;7856006;RITTAL;Rittal DK 7856006 Modular PSM busbar;
rittal-dk-7856008-modular-psm-busbar;7856008;RITTAL;Rittal DK 7856008 Modular PSM busbar;
rittal-dk-7856010-modular-psm-busbar;7856010;RITTAL;Rittal DK 7856010 Modular PSM busbar;
rittal-dk-7856013-cable-lock-psm;7856013;RITTAL;Rittal DK 7856013 Cable lock PSM;
rittal-dk-7856020-modular-psm-busbar;7856020;RITTAL;Rittal DK 7856020 Modular PSM busbar;
rittal-dk-7856070-psm-socket-modules;7856070;RITTAL;Rittal DK 7856070 PSM socket modules;
rittal-dk-7856080-psm-socket-modules;7856080;RITTAL;Rittal DK 7856080 PSM socket modules;
rittal-dk-7856082-psm-socket-modules;7856082;RITTAL;Rittal DK 7856082 PSM socket modules;
rittal-dk-7856090-psm-socket-modules;7856090;RITTAL;Rittal DK 7856090 PSM socket modules;
rittal-dk-7856100-psm-socket-modules;7856100;RITTAL;Rittal DK 7856100 PSM socket modules;
rittal-dk-7856120-psm-socket-modules;7856120;RITTAL;Rittal DK 7856120 PSM socket modules;
rittal-dk-7856191-psm-socket-modules;7856191;RITTAL;Rittal DK 7856191 PSM socket modules;
rittal-dk-7856220-psm-socket-modules;7856220;RITTAL;Rittal DK 7856220 PSM socket modules;
rittal-dk-7856230-psm-socket-modules;7856230;RITTAL;Rittal DK 7856230 PSM socket modules;
rittal-dk-7856240-psm-socket-modules;7856240;RITTAL;Rittal DK 7856240 PSM socket modules;
rittal-dk-7856321-modular-psm-busbar;7856321;RITTAL;Rittal DK 7856321 Modular PSM busbar;
rittal-dk-7856323-modular-psm-busbar;7856323;RITTAL;Rittal DK 7856323 Modular PSM busbar;
rittal-dk-7859000-it-led-system-light;7859000;RITTAL;Rittal DK 7859000 IT LED system light;
rittal-dk-7859010-it-led-system-light-connection-accessories;7859010;RITTAL;Rittal DK 7859010 IT LED system light;
rittal-dk-7859020-it-led-system-light-connection-accessories;7859020;RITTAL;Rittal DK 7859020 IT LED system light;
rittal-dk-7859120-psm-socket-modules;7859.120;RITTAL;Rittal DK 7859120 PSM socket modules;
rittal-dk-7859130-psm-socket-modules;7859130;RITTAL;Rittal DK 7859130 PSM socket modules;
rittal-dk-7955010-slot-cover-for-c13-and-c19-slots;7955010;RITTAL;Rittal DK 7955010 Slot cover for C13 and C19 slots;
rittal-dk-7955015-slot-cover-for-c13-and-c19-slots;7955015;RITTAL;Rittal DK 7955015 Slot cover for C13 and C19 slots;
rittal-dk-7979020-connector-lock-for-c14-and-c20-connectors;7979020;RITTAL;Rittal DK 7979020 Connector lock for C14 and C20 connectors;
rittal-dk-7986035-fan-mounting-plate;7986035;RITTAL;Rittal DK 7986035 Fan mounting plate;
rittal-dk-7988035-fan-mounting-plate;7988035;RITTAL;Rittal DK 7988035 Fan mounting plate;
ft-2796000-acrylic-glazed-cover;2796000;RITTAL;Rittal FT 2796000 Acrylic glazed cover;
fan-kaplamasi;3396682;RITTAL;Rittal Fan Kaplaması 3396682;
rittal-fan-and-filter-unit-m-n-sk-3327100-700m3-h;3327100;RITTAL;Rittal Fan and Filter Unit, M/N- SK 3327100 700m³/h;
rittal-hd-2304010-cam-lock-hd;2304010;RITTAL;Rittal HD 2304010 Cam Lock HD;
rittal-hd-2410001-kablo-rakoru-hd-standard-m12-x-1-5-3-mm-6-5-mm;2410001;RITTAL;Rittal HD 2410001 Kablo rakoru Standard;
rittal-hd-2410011-cable-gland-hygienic-design-standard-m16-x-1-5-5-mm-10-mm;2410011;RITTAL;Rittal HD 2410011 Cable gland Hygienic Design;
rittal-hd-2410021-kablo-rakoru-hd-standard-m20-x-1-5-6-mm-12-mm;2410021;RITTAL;Rittal HD 2410021 Kablo Rakoru Standart;
rittal-hd-2410031-cable-gland-hygienic-design-standard-m25-x-1-5-12-mm-17-mm;2410031;RITTAL;Rittal HD 2410031 Cable gland Hygienic Design;
rittal-hd-2410111-kablo-rakoru-hd-emc-m16-x-1-5-5-mm-10-mm;2410111;RITTAL;Rittal HD 2410111 Kablo Rakoru;
rittal-hd-2410121-cable-gland-hd-emc-m20-x-1-5-6-mm-12-mm;2410121;RITTAL;Rittal HD 2410121 Cable gland;
rittal-hd-2410131-kablo-rakoru-hd-emc-m25-x-1-5-12-mm-17-mm;2410131;RITTAL;Rittal HD 2410131 Kablo Rakoru;
rittal-hd-2410290-montaj-takimi-kablo-rakorlari-hd-icin;2410290;RITTAL;Rittal HD 2410290 Montaj takımı kablo rakorları için;
rittal-in-2203400-cirt-bant;2203400;RITTAL;Rittal IN 2203400 Cırt bant;
rittal-it-3311160-hava-yonlendirme-kiti-lcp-hybrid-icin;3311160;RITTAL;Rittal IT 3311160 Hava yönlendirme kiti LCP;
rittal-it-3312820-air-ductfor-wall-mounted-cooling-unit-blue-e-it;3312820;RITTAL;Rittal IT 3312820;
rittal-it-5302026-kombine-raylar-482-6-mm-19-in-icin;5302026;RITTAL;Rittal IT 5302026 Kombine raylar 482,6 mm;
rittal-it-7030601-comfort-handle-vx;7030601;RITTAL;Rittal IT 7030601 Comfort handle VX;
rittal-it-7030611-cmc-iii-online-comfort-handle-vx;7030611;RITTAL;Rittal IT 7030611 CMC III online comfort handle VX;
it-7030621-radio-comfort-handle-with-card-reader-for-vx-vx-it;7030621;RITTAL;Rittal IT 7030621 Radio comfort handle VX;
rittal-it-7030624-online-adaptor-for-radio-comfort-handle-vx;7030624;RITTAL;Rittal IT 7030624 Online adaptor for radio;
rittal-it-7030692-mounting-adaptor;7030692;RITTAL;Rittal IT 7030692 Mounting adaptor;
rittal-it-7030695-cable-routing-kit-for-doors-vx-vx-it;7030695;RITTAL;Rittal IT 7030695 Cable routing kit for doors VX, VX IT;
rittal-it-7548210-potansiyel-dengelemesi-icin-yildiz-noktasi-8-mm-topraklama-pimi-icin;7548210;RITTAL;Rittal IT 7548210;
rittal-it-chillers-precision-climate-control-units-for-high-cooling-outputs;;RITTAL;Rittal IT chillers Precision climate control units for high cooling outputs;
rittal-iw-6902770;6902770;RITTAL;Rittal IW 6902770 Kablo geçiş yeri;
sk-izgara-kapak-21;3398347;RITTAL;Rittal Izgara Kapak 3398347;
rittal-kl-1591000-yatay-acma-mentesesi-3-ciftli-pk;1591000;RITTAL;Rittal KL 1591000 Yatay açma menteşesi 3 çiftli pk;
rittal-kl-1592000-cover-hinge-for-kl-yatay-acma-mentesesi-6li-pk;1592000;RITTAL;Rittal KL 1592000 Cover hinge for KL;
rittal-kl-1592010-cover-hinge-for-kl-kapak-mentesesi-1-4404-2li-pk;1592010;RITTAL;Rittal KL 1592010 Cover hinge for KL Kapak menteşesi;
rittal-ks-1484000-plastic-handles;1484000;RITTAL;Rittal KS 1484000 Plastic handles;
rittal-ks-1484001-plastic-handles;1484001;RITTAL;Rittal KS 1484001 Plastic handles;
rittal-ks-1486000-lock-inserts;1486000;RITTAL;Rittal KS 1486000 Lock inserts;
rittal-ks-1488000-lock-inserts;1488000;RITTAL;Rittal KS 1488000 Lock inserts;
rittal-ks-1490010-ergoform-s-lock-system;1490010;RITTAL;Rittal KS 1490010 Ergoform-S lock system;
rittal-ks-1492000-lock-inserts;1492000;RITTAL;Rittal KS 1492000 Lock inserts;
rittal-kx-1592200-cover-hinge;1592200;RITTAL;Rittal KX 1592200 Cover hinge;
rittal-kx-1592210-cover-hinge;1592210;RITTAL;Rittal KX 1592210 Cover hinge;
kapak-2;3396709;RITTAL;Rittal Kapak 3396709;
kapak-3;3396710;RITTAL;Rittal Kapak 3396710;
kapak-5;3397091;RITTAL;Rittal Kapak 3397091;
kapi-tutucusu-ax-serisi-icin;2519010;RITTAL;Rittal Kapı tutucusu CM 2519010 serisi için;
kondansator-3;3398292;RITTAL;Rittal Kondansatör SK 3398292;
kondanser-fan-sk-3396251;3396251;RITTAL;Rittal Kondanser Fan SK 3396251;
ps-2413375-emc-koruyucu-ray;2413375;RITTAL;Rittal PS 2413375 EMC koruyucu ray;
ps-2413550-emc-koruyucu-ray;2413550;RITTAL;Rittal PS 2413550 EMC koruyucu ray;
rittal-ps-4114000-celik-sac-proje-cebi-vx-ts-cm-se-pc-tp-alt-parcasi-icin;4114000;RITTAL;Rittal PS 4114000 Çelik sac proje cebi;
rittal-ps-4115000-celik-sac-proje-cebi-vx-ts-cm-se-pc-tp-alt-parcasi-icin;4115000;RITTAL;Rittal PS 4115000 Çelik sac proje cebi;
rittal-ps-4116000-celik-sac-proje-cebi-vx-ts-cm-se-pc-tp-alt-parcasi-icin;4116000;RITTAL;Rittal PS 4116000 Çelik sac proje cebi;
rittal-ps-4118000-celik-sac-proje-cebi-vx-ts-cm-se-pc-tp-alt-parcasi-icin;4118000;RITTAL;Rittal PS 4118000 Çelik sac proje cebi;
rittal-ps-4120000-devre-semasi-masasi-vx-ts-se-cm-tp-pc-icin;4120000;RITTAL;Rittal PS 4120000 Devre şeması masası;
rittal-ps-4123000-celik-sac-proje-cebi-vx-ts-cm-se-pc-tp-alt-parcasi-icin;4123000;RITTAL;Rittal PS 4123000 Çelik sac proje cebi;
rittal-ps-4124000-celik-sac-proje-cebi-vx-ts-cm-se-pc-tp-alt-parcasi-icin;4124000;RITTAL;Rittal PS 4124000 Çelik sac proje cebi;
rittal-ps-4638600-muhafaza-masasi-vx-ts-se-cm-tp-pc-icin;4638600;RITTAL;Rittal PS 4638600 Muhafaza masası;
rittal-ps-4638800-muhafaza-masasi-vx-ts-se-cm-tp-pc-icin;4638800;RITTAL;Rittal PS 4638800 Muhafaza masası;
radial-fan-sk-3398200;3398200;RITTAL;Rittal Radial Fan SK 3398200;
radyal-fan-sk-3396271;3396271;RITTAL;Rittal Radyal Fan SK 3396271;
rittal-sg-2368001-baglanti-modulu-sinyal-sutunu-icin-birimsel;2368001;RITTAL;Rittal SG 2368001 Bağlantı modülü birimsel;
rittal-sg-2368002-baglanti-modulu-sinyal-sutunu-icin-birimsel;2368002;RITTAL;Rittal SG 2368002 Bağlantı modülü Sinyal sütunu için;
rittal-sg-2370151-led-sabit-isik-elemani-kirmizi-230-v;2370151;RITTAL;Rittal SG 2370151 LED sabit ışık Kırmızı 230 V;
rittal-sg-2370161-led-sabit-isik-elemani-yesil-230-v;2370161;RITTAL;Rittal SG 2370161 LED sabit ışık Yeşil 230 V;
rittal-sg-2370171-led-sabit-isik-elemani-sari-230-v;2370171;RITTAL;Rittal SG 2370171 LED sabit ışık elemanı Sarı 230 V;
rittal-sg-2370501-led-yanip-sonen-flashing-sinyal-elemani-kirmizi-24-v-ac-dc;2370501;RITTAL;Rittal SG 2370501 LED (flashing) Kırmızı 24 V;
rittal-sg-2370511-led-yanip-sonen-flashing-sinyal-elemani-yesil-24-v-ac-dc;2370511;RITTAL;Rittal SG 2370511 LED flashing sinyal Yeşil 24 V;
rittal-sg-2370521-led-yanip-sonen-flashing-sinyal-elemani-sari-24-v-ac-dc;2370521;RITTAL;Rittal SG 2370521 LED yanıp sönen flashing Sarı;
rittal-sg-2370531-led-yanip-sonen-flashing-sinyal-elemani-berrak-24-v-ac-dc;2370531;RITTAL;Rittal SG 2370531 LED flashing Berrak 24 V;
rittal-sg-2370541-led-yanip-sonen-flashing-sinyal-elemani-mavi-24-v-ac-dc;2370541;RITTAL;Rittal SG 2370541 LED yanıp sönen sinyal Mavi 24 V;
rittal-sg-2370551-led-yanip-sonen-flashing-sinyal-elemani-kirmizi-230-v;2370551;RITTAL;Rittal SG 2370551 LED yanıp sönen sinyal Kırmızı;
rittal-sg-2370571-led-yanip-sonen-flashing-sinyal-elemani-sari-230-v;2370571;RITTAL;Rittal SG 2370571 LED flashing sinyal Sarı 230 V;
rittal-sg-2371001-flas-isik-elemani-kirmizi-24-v-dc;2371001;RITTAL;Rittal SG 2371001 Flaş ışık Kırmızı 24 V (DC);
rittal-sg-2371021-flas-isik-elemani-sari-24-v-dc;2371021;RITTAL;Rittal SG 2371021 Flaş ışık Sarı 24 V (DC);
rittal-sg-2372001-led-sabit-isik-elemani-kirmizi-24-v-ac-dc;2372001;RITTAL;Rittal SG 2372001 LED sabit ışık Kırmızı 24 V;
rittal-sg-2372011-led-sabit-isik-elemani-yesil-24-v-ac-dc;2372011;RITTAL;Rittal SG 2372011 LED sabit ışık Yeşil 24 V;
rittal-sg-2372021-led-sabit-isik-elemani-sari-24-v-ac-dc;2372021;RITTAL;Rittal SG 2372021 LED sabit ışık Sarı 24 V;
rittal-sg-2372031-led-sabit-isik-elemani-berrak-24-v-ac-dc;2372031;RITTAL;Rittal SG 2372031 LED sabit ışık Berrak 24 V;
rittal-sg-2372041-led-sabit-isik-elemani-mavi-24-v-ac-dc;2372041;RITTAL;Rittal SG 2372041 LED sabit ışık elemanı Mavi;
rittal-sg-2372101-sinyal-lambasi-3lu-led-boru-montaji-icin;2372101;RITTAL;Rittal SG 2372101 Sinyal lambası 3'lü Boru montajı;
rittal-sg-2372102-sinyal-lambasi-3lu-led-duvar-yer-montaji-icin;2372102;RITTAL;Rittal SG 2372102 Sinyal lambası 3'lü LED;
rittal-sg-2374000-entegre-borulu-ayak-o-25-mm-110-mm-uzunluk-siyah-led-kompakt-moduler;2374000;RITTAL;Rittal SG 2374000 Entegre borulu ayak;
rittal-sg-2374010-tek-ayak-siyah-led-kompakt-moduler;2374010;RITTAL;Rittal SG 2374010 Siyah LED kompakt modül;
rittal-sg-2374020-tekli-boru-250-mm-uzunluk-aluminyum-led-kompakt-moduler;2374020;RITTAL;Rittal SG 2374020 Tekli boru;
rittal-sg-2374030-tekli-boru-400-mm-uzunluk-aluminyum-led-kompakt-moduler;2374.030;RITTAL;Rittal SG 2374030 Tekli boru LED kompakt modüler;
rittal-sg-2374040-baglanti-elemanlari-icin-aparat-moduler;2374040;RITTAL;Rittal SG 2374040 aparat modüler;
rittal-sg-2374050-boru-montaji-icin-dirsek-siyah-led-kompakt-moduler;2374050;RITTAL;Rittal SG 2374050 Boru montajı için dirsek;
rittal-sg-2374080-yan-kablo-cikisi-icin-moduler;2374080;RITTAL;Rittal SG 2374080 Yan kablo çıkışı için modüler;
rittal-sg-2374150-yazi-tahtasi-sinyal-sutunu-icin-birimsel;2374150;RITTAL;Rittal SG 2374150 Yazı tahtası Sinyal sütunu için;
rittal-sg-2375030-cp-40-tasiyici-kol-sistemi-icin-celik-led-kompakt-moduler;2375030;RITTAL;Rittal SG 2375030 CP 40 çelik LED kompakt modüler;
rittal-sg-2376001-kesintisiz-ses-veya-titresimli-105-db-24-v;2376001;RITTAL;Rittal SG 2376001 Kesintisiz ses ve titreşimli 105 dB;
rittal-sg-2376011-ses-seviyesi-ve-8-ses-tonu-ayarlanabilir-102-db-24-v;2376011;RITTAL;Rittal SG 2376011 102 dB 24 V;
rittal-sg-2376021-kesintisiz-ses-veya-titresimli-105-db-230-v;2376021;RITTAL;Rittal SG 2376021 105 dB 230 V;
rittal-sg-2376031-ses-seviyesi-ve-8-ses-tonu-ayarlanabilir-102-db-230-v;2376031;RITTAL;Rittal SG 2376031;
rittal-sk-3105430-rittal-fanli-isitici-800-w;3105430;RITTAL;Rittal SK 3105430 Rittal Fanlı Isıtıcı 800 W;
sk-termostat;3110000;RITTAL;Rittal SK 3110000 Thermostat;
sk-hidrostat;3118000;RITTAL;Rittal SK 3118000 Hygrostat;
rittal-sk-3126410-air-air-heat-exchangers;3126410;RITTAL;Rittal SK 3126410 Air/air heat exchangers;
sk-3126424-air-air-heat-exchangers;3126424;RITTAL;Rittal SK 3126424 Air/air heat exchangers;
sk-3129424-air-heat-exchangers;3129424;RITTAL;Rittal SK 3129424 Air/air heat exchangers;
rittal-sk-3140-510-tavan-monteli-fan-ec-teknolojili;3140.510;RITTAL;Rittal SK 3140.510 Tavan monteli fan, EC teknolojili;
rittal-sk-3164230-roof-mounted-fans-for-vx-vx-it-for-the-office-sector;3164230;RITTAL;Rittal SK 3164230 Roof-mounted fans;
rittal-sk-3164620-roof-mounted-fans-for-vx-vx-it-for-the-office-sector;3164620;RITTAL;Rittal SK 3164620 Roof-mounted fans;
rittal-sk-3165630-door-mounted-fan;3165630;RITTAL;Rittal SK 3165630 Door-mounted fan;
rittal-sk-3165830-door-mounted-fan;3165830;RITTAL;Rittal SK 3165830 Door-mounted fan;
rittal-sk-3201040-auto-range-power-pack-240-w;240;RITTAL;Rittal SK 3201040 Auto Range power pack 240 W;
rittal-sk-3202100-vip-small-cooling-units-useful-cooling-output-225-w;3202100;RITTAL;Rittal SK 3202100 225 W;
rittal-sk-3301320-vertical-shielding-for-vx-it;3301320;RITTAL;Rittal SK 3301320 Vertical shielding for VX IT;
rittal-sk-3301370-vertical-shielding-for-vx-it;3301370;RITTAL;Rittal SK 3301370 Vertical shielding for VX IT;
rittal-sk-3301380-vertical-shielding-for-vx-it;3301380;RITTAL;Rittal SK 3301380 Vertical shielding for VX IT;
rittal-sk-3301390-vertical-shielding-for-vx-it;3301390;RITTAL;Rittal SK 3301390 Vertical shielding for VX IT;
sk-3301392-rittal-yan-hava-emmeli-19-pasif-hava-kanali;3301392;RITTAL;Rittal SK 3301392 Air duct for side air routing;
rittal-sk-3301800-roof-mounted-cooling-units-for-cooling-it-equipment;3301800;RITTAL;Rittal SK 3301800 Tepe/Tava Montajlı Klima 3100 W;
rittal-sk-3302860-roof-plates-for-ts-it;3302860;RITTAL;Rittal SK 3302860 Roof plates for TS IT;
rittal-sk-3302880-roof-plates-for-ts-it;3302880;RITTAL;Rittal SK 3302880 Roof plates for TS IT;
rittal-sk-3303104-duvara-monte-klimalar-basic-kontrolor-nema-4x-500-w;3303104;RITTAL;Rittal SK 3303104;
rittal-sk-3303110-wall-mounted-cooling-units-500-w;3303110;RITTAL;Rittal SK 3303110 Wall-mounted cooling units 500 W;
rittal-sk-3303114-duvara-monte-klimalar-basic-kontrolor-nema-4x-500-w;3303114;RITTAL;Rittal SK 3303114;
rittal-sk-3303200-wall-mounted-cooling-units-500-w;3303200;RITTAL;Rittal SK 3303200 Wall-mounted cooling units 500 W;
rittal-sk-3303210-wall-mounted-cooling-units-500-w;3303210;RITTAL;Rittal SK 3303210 Wall-mounted cooling units 500 W;
rittal-sk-3304100-wall-mounted-cooling-units-basic-1000-w;3304100;RITTAL;Rittal SK 3304100 Wall-mounted cooling units Basic;
rittal-sk-3304104-duvara-monte-klimalar-basic-kontrolor-nema-4x-1000-w;3304104;RITTAL;Rittal SK 3304104;
rittal-sk-3304110-yana-kapi-montajli-temel-1000-w;3304110;RITTAL;Rittal SK 3304110 Yana Kapı Montajlı Temel 1000 W;
rittal-sk-3304114-duvara-monte-klimalar-basic-kontrolor-nema-4x-1000-w;3304114;RITTAL;Rittal SK 3304114;
rittal-sk-3304140-wall-mounted-cooling-units-basic-1000-w;3304140;RITTAL;Rittal SK 3304140 Wall-mounted cooling units Basic;
sk-3304142-rittal-yan-pnl-kapi-pano-klimasi-1000w;3304142;RITTAL;Rittal SK 3304142 Yan pnl-kapı Klima 1000 W;
rittal-sk-3304144-duvara-monte-klimalar-basic-kontrolor-nema-4x-1000-w;3304144;RITTAL;Rittal SK 3304144;
rittal-sk-3304200-yana-kapi-montajli-temel-1000-w;3304200;RITTAL;Rittal SK 3304200 Yana Kapı Montajlı Temel 1000 W;
rittal-sk-3304210-wall-mounted-cooling-units-basic-1000-w;3304210;RITTAL;Rittal SK 3304210 Wall-mounted cooling units;
rittal-sk-3304240-yana-kapi-montajli-temel-1000-w;3304240;RITTAL;Rittal SK 3304240 Yana Kapı Montajlı Temel 1000 W;
rittal-sk-3304530-wall-mounted-cooling-units-zone-22-dust-explosion-proof-1000-w;3304530;RITTAL;Rittal SK 3304530;
sk-3304542-rittal-yan-pnl-kapi-pano-klimasi-1000w;3304142;RITTAL;Rittal SK 3304542 Yan pnl-kapı Monteli Klima1000 W;
rittal-sk-3304560-wall-mounted-cooling-units-zone-22-dust-explosion-proof-1000-w;3304560;RITTAL;Rittal SK 3304560;
rittal-sk-3304610-wall-mounted-cooling-units-basic-1000-w;3304610;RITTAL;Rittal SK 3304610 Wall-mounted cooling units 1000W;
rittal-sk-3305104-duvara-monte-klimalar-basic-kontrolor-nema-4x-1500-w;3305104;RITTAL;Rittal SK 3305104;
rittal-sk-3305110-yana-kapi-montajli-temel-1500-w;3305110;RITTAL;Rittal SK 3305110 Yana / Kapı Montajlı 500 W;
rittal-sk-3305114-duvara-monte-klimalar-basic-kontrolor-nema-4x-1500-w;3305114;RITTAL;Rittal SK 3305114;
rittal-sk-3305140-wall-mounted-cooling-units-basic-1500-w;3305140;RITTAL;Rittal SK 3305140 Wall-mounted cooling units Basic;
sk-3305142-rittal-yan-pnl-kapi-pano-klimasi-1500w;3305.100;RITTAL;Rittal SK 3305142 Yan pnl-kapı Monteli Klima1500 W;
rittal-sk-3305144-duvara-monte-klimalar-basic-kontrolor-nema-4x-1500-w;3305144;RITTAL;Rittal SK 3305144;
rittal-sk-3305200-yana-kapi-montajli-temel-1500-w;3305200;RITTAL;Rittal SK 3305200 Yana Kapı Montajlı Temel 1500 W;
rittal-sk-3305210-wall-mounted-cooling-units-basic-1500-w;3305210;RITTAL;Rittal SK 3305210 Wall-mounted cooling units Basic;
rittal-sk-3305530-wall-mounted-cooling-units-zone-22-dust-explosion-proof-1500-w;3305530;RITTAL;Rittal SK 3305530;
sk-3305542-rittal-yan-pnl-kapi-pano-klimasi-1500w;3305.100;RITTAL;Rittal SK 3305542 Yan pnl-kapı Monte1500 W;
rittal-sk-3305560-wall-mounted-cooling-units-zone-22-dust-explosion-proof-1500-w;3305560;RITTAL;Rittal SK 3305560;
rittal-sk-3311011-fan-modulu;3311011;RITTAL;Rittal SK 3311011 Fan modülü;
rittal-sk-3311030-touchscreen-display-colour;3311030;RITTAL;Rittal SK 3311030 Touchscreen display, colour for LCP Rack/Inline CW;
rittal-sk-3311042-filter-mat-holder-for-lcp-inline-cw;3311042;RITTAL;Rittal SK 3311042 Filter mat holder for LCP Inline CW;
rittal-sk-3311043-filter-mat-for-lcp-inline-cw;3311043;RITTAL;Rittal SK 3311043 Filter mat for LCP Inline CW;
rittal-sk-3311080-arka-taraf-adaptoru-ral-7035-2000-mm-ts-it;3311080;RITTAL;Rittal SK 3311080 Arka taraf adaptörü RAL 7035 2000;
rittal-sk-3311161-door-element;3311161;RITTAL;Rittal SK 3311161 Door element;
rittal-sk-3311163-door-element;3311163;RITTAL;Rittal SK 3311163 Door element;
rittal-sk-3311170-roof-element-centre;3311170;RITTAL;Rittal SK 3311170 Roof element centre;
rittal-sk-3311180-roof-element-centre;3311180;RITTAL;Rittal SK 3311180 Roof element centre;
rittal-sk-3311190-roof-element-centre;3311190;RITTAL;Rittal SK 3311190 Roof element centre;
rittal-sk-3311200-roof-element-centre;3311200;RITTAL;Rittal SK 3311200 Roof element centre;
rittal-sk-3311270-roof-element-start-end;3311270;RITTAL;Rittal SK 3311270 Roof element start/end;
rittal-sk-3311280-roof-element-start-end;3311280;RITTAL;Rittal SK 3311280 Roof element start/end;
rittal-sk-3311320-snmp-card;3311320;RITTAL;Rittal SK 3311320 SNMP card;
rittal-sk-3311360-condenser-unit-for-lcp-dx;3311360;RITTAL;Rittal SK 3311360 Condenser unit for LCP DX;
rittal-sk-3311363-condenser-unit-for-lcp-dx;3311363;RITTAL;Rittal SK 3311363 Condenser unit for LCP DX;
rittal-sk-3311370-condenser-unit-for-lcp-dx;3311370;RITTAL;Rittal SK 3311370 Condenser unit for LCP DX;
rittal-sk-3311380-condenser-unit-for-lcp-dx;3311380;RITTAL;Rittal SK 3311380 Condenser unit for LCP DX;
rittal-sk-3311410-12-kw-ts-it-lcp-rack-dx;3311410;RITTAL;Rittal SK 3311410 12 kW TS IT LCP rack DX;
rittal-sk-3311420-12-kw-ts-it-lcp-rack-dx;3311420;RITTAL;Rittal SK 3311420 12 kW TS IT LCP rack DX;
rittal-sk-3311460-35-kw-ts-it-lcp-inline-dx-fc-ts-it;3311460;RITTAL;Rittal SK 3311460 TS IT LCP Inline DX/FC TS IT;
rittal-sk-3311470-35-kw-ts-it-lcp-inline-dx-ts-it;3311470;RITTAL;Rittal SK 3311470 35 kW TS IT LCP Inline DX TS IT;
rittal-sk-3311480-35-kw-ts-it-lcp-inline-dx-fc-ts-it;3311480;RITTAL;Rittal SK 3311480 TS IT LCP Inline DX/FC TS IT;
rittal-sk-3311495-refrigerant-lines-for-lcu-dx;3311495;RITTAL;Rittal SK 3311495 Refrigerant lines for LCU DX;
rittal-sk-3311496-refrigerant-lines-for-lcu-dx;3311496;RITTAL;Rittal SK 3311496 Refrigerant lines for LCU DX;
rittal-sk-3311610-lcp-hybrid-cw-10-kw;3311610;RITTAL;Rittal SK 3311610 LCP Hybrid CW 10 kW;
rittal-sk-3311700-lcp-hybrid-cw-20-kw;3311700;RITTAL;Rittal SK 3311700 LCP Hybrid CW 20 kW;
rittal-sk-3311710-lcp-hybrid-cw-10-kw;3311710;RITTAL;Rittal SK 3311710 LCP Hybrid CW 10 kW;
rittal-sk-3311800-lcp-hybrid-cw-20-kw;3311800;RITTAL;Rittal SK 3311800 LCP Hybrid CW 20 kW;
rittal-sk-3311810-lcp-hybrid-cw-10-kw;3311810;RITTAL;Rittal SK 3311810 LCP Hybrid CW 10 kW;
rittal-sk-3311900-lcp-hybrid-cw-20-kw;3311900;RITTAL;Rittal SK 3311900 LCP Hybrid CW 20 kW;
rittal-sk-3311910-lcp-hybrid-cw-10-kw;3311910;RITTAL;Rittal SK 3311910 LCP Hybrid CW 10 kW;
rittal-sk-3312012-condensate-pump-for-lcp-rack-inline-cw;3312012;RITTAL;Rittal SK 3312012 Condensate pump;
rittal-sk-3312016-fan-modulu;3312016;RITTAL;Rittal SK 3312016 Fan modülü;
rittal-sk-3312081-rear-adaptor-for-lcp-inline-cw;3312081;RITTAL;Rittal SK 3312081 Rear adaptor for LCP Inline CW;
rittal-sk-3312082-arka-taraf-adaptoru-ral-7035-2200-mm-vx-it;3312082;RITTAL;Rittal SK 3312082 Arka taraf adaptörü;
rittal-sk-3312083-arka-taraf-adaptoru-ral-9005-2000-mm-vx-it;3312083;RITTAL;Rittal SK 3312083 Arka taraf adaptörü;
rittal-sk-3312084-arka-taraf-adaptoru-ral-9005-2200-mm-vx-it;3312084;RITTAL;Rittal SK 3312084 Arka taraf adaptörü;
rittal-sk-3312130-30-kw-ts-it-lcp-rack-cw;3312130;RITTAL;Rittal SK 3312130 30 kW TS IT LCP rack CW;
rittal-sk-3312230-30-kw-ts-it-lcp-rack-cw;3312230;RITTAL;Rittal SK 3312230 30 kW TS IT LCP rack CW;
rittal-sk-3312250-35-kw-ts-it-lcp-rack-cw;3312250;RITTAL;Rittal SK 3312250 35 kW TS IT LCP rack CW;
rittal-sk-3312806-roof-plate-for-roof-mounted-cooling-unit-blue-e-it;3312806;RITTAL;Rittal SK 3312806;
rittal-sk-3312807-roof-plate-for-roof-mounted-cooling-unit-blue-e-it;3312.807;RITTAL;Rittal SK 3312807;
rittal-sk-3312815-sheet-steel-door-for-wall-mounted-cooling-unit-blue-e-it;3312815;RITTAL;Rittal SK 3312815 Sheet steel door for wall-mounted cooling unit;
rittal-sk-3312816-sheet-steel-door-for-wall-mounted-cooling-unit-blue-e-it;3312816;RITTAL;Rittal SK 3312816;
rittal-sk-3313016-fan-module-for-lcp-rack-inline-cw;3313016;RITTAL;Rittal SK 3313016 Fan module for LCP Rack/Inline;
rittal-3316200-a-w-heat-exchanger-wall;3316200;RITTAL;Rittal SK 3316.200 A/W Heat Exchanger Wall;
rittal-sk-3328104-duvara-monte-klimalar-basic-kontrolor-nema-4x-2000-w;3328104;RITTAL;Rittal SK 3328104;
rittal-sk-3328114-duvara-monte-klimalar-basic-kontrolor-nema-4x-2000-w;3328114;RITTAL;Rittal SK 3328114 Duvara monte klimalar;
rittal-sk-3328144-duvara-monte-klimalar-basic-kontrolor-nema-4x-2000-w;3328144;RITTAL;Rittal SK 3328144 Duvara monte klimalar;
rittal-sk-3329104-duvara-monte-klimalar-basic-kontrolor-nema-4x-2500-w;3329104;RITTAL;Rittal SK 3329104 Basic kontrolör 2500 W;
rittal-sk-3329114-duvara-monte-klimalar-basic-kontrolor-nema-4x-2500-w;3329114;RITTAL;Rittal SK 3329114 Duvara monte klimalar;
rittal-sk-3329144-duvara-monte-klimalar-basic-kontrolor-nema-4x-2500-w;3329144;RITTAL;Rittal SK 3329144;
rittal-sk-3331116-panels-for-installing-on-600-mm-deep-ts-8-enclosures-useful-cooling-output-1100-w;3331.116;RITTAL;Rittal SK 3331116;
rittal-sk-3331140-panels-for-installing-on-600-mm-deep-ts-8-enclosures-useful-cooling-output-1100-w;3331.140;RITTAL;Rittal SK 3331140;
rittal-sk-3331216-panels-for-installing-on-600-mm-deep-ts-8-enclosures-useful-cooling-output-1400-w;3331.216;RITTAL;Rittal SK 3331216;
rittal-sk-3331240-panels-for-installing-on-600-mm-deep-ts-8-enclosures-useful-cooling-output-1400-w;3331.240;RITTAL;Rittal SK 3331240;
rittal-sk-3331316-panels-for-installing-on-600-mm-deep-ts-8-enclosures-useful-cooling-output-1100-w;3331.316;RITTAL;Rittal SK 3331316;
rittal-sk-3331340-panels-for-installing-on-600-mm-deep-ts-8-enclosures-useful-cooling-output-1100-w;3331.340;RITTAL;Rittal SK 3331340;
rittal-sk-3331416-panels-for-installing-on-600-mm-deep-ts-8-enclosures-useful-cooling-output-1400-w;3331.416;RITTAL;Rittal SK 3331416 TS 8 400 W;
rittal-sk-3331440-panels-for-installing-on-600-mm-deep-ts-8-enclosures-useful-cooling-output-1400-w;3331.440;RITTAL;Rittal SK 3331440 TS 8 1400 W;
rittal-sk-3339100-recooling-systems;3339100;RITTAL;Rittal SK 3339100 Recooling systems;
rittal-sk-3339200-recooling-systems;3339200;RITTAL;Rittal SK 3339200 Recooling systems;
rittal-sk-3339250-recooling-systems;3339250;RITTAL;Rittal SK 3339250 Recooling systems;
rittal-sk-3339280-recooling-systems;3339280;RITTAL;Rittal SK 3339280 Recooling systems;
rittal-sk-3339300-recooling-systems;3339300;RITTAL;Rittal SK 3339300 Recooling systems;
rittal-sk-3339400-recooling-systems;3339400;RITTAL;Rittal SK 3339400 Recooling systems;
rittal-sk-3339450-recooling-systems;3339450;RITTAL;Rittal SK 3339450 Recooling systems;
rittal-sk-3341-024-19-hava-debisi-320-480m3-h-arasi-raf-tipi-fanlar;3341024;RITTAL;Rittal SK 3341.024 (19 '') hava debisi 320 - 480m³ / h;
rittal-sk-3359100-roof-mounted-cooling-units-750-w;3359100;RITTAL;Rittal SK 3359100 Roof-mounted cooling units 750 W;
rittal-sk-3359110-tepe-tava-montajli-klima-750-w;3359110;RITTAL;Rittal SK 3359110 Tepe/Tava Montajlı Klima 750 W;
rittal-sk-3359140-roof-mounted-cooling-units-750-w;3359140;RITTAL;Rittal SK 3359140 Roof-mounted cooling units 750 W;
rittal-sk-3359200-tepe-tava-montajli-klima-750-w;3359200;RITTAL;Rittal SK 3359200 Tepe/Tava Montajlı Klima 750 W;
rittal-sk-3359210-roof-mounted-cooling-units-750-w;3359210;RITTAL;Rittal SK 3359210 Roof-mounted cooling units 750 W;
rittal-sk-3359240-tepe-tava-montajli-klima-750-w;3359240;RITTAL;Rittal SK 3359240 Tepe/Tavan Montajlı Klima 750 W;
rittal-sk-3361100-wall-mounted-cooling-units-basic-750-w;3361100;RITTAL;Rittal SK 3361100 Wall-mounted cooling units 750 W;
rittal-sk-3361110-yana-kapi-montajli-temel-750-w;3361110;RITTAL;Rittal SK 3361110 Yana / Kapı Montajlı Temel 750 W;
rittal-sk-3361140-wall-mounted-cooling-units-basic-750-w;3361140;RITTAL;Rittal SK 3361140 Wall-mounted cooling units Basic;
rittal-sk-3361200-yana-kapi-montajli-temel-750-w;3361200;RITTAL;Rittal SK 3361200 Yana Kapı Montajlı Temel 750 W;
rittal-sk-3361210-wall-mounted-cooling-units-basic-750-w;3361210;RITTAL;Rittal SK 3361210 Basic 750 W;
rittal-sk-3361240-yana-kapi-montajli-temel-750-w;3361240;RITTAL;Rittal SK 3361240;
rittal-sk-3361640-wall-mounted-cooling-units-basic-750-w;3361640;RITTAL;Rittal SK 3361640 Wall-mounted cooling units Basic;
rittal-sk-3382100-roof-mounted-cooling-units-500-w;3382100;RITTAL;Rittal SK 3382100 Roof-mounted cooling units 500 W;
rittal-sk-3382110-tepe-tava-montajli-klima-500-w;3382110;RITTAL;Rittal SK 3382110 Tepe/Tava Montajlı Klima 500 W;
rittal-sk-3382200-roof-mounted-cooling-units-500-w;3382200;RITTAL;Rittal SK 3382200 Roof-mounted cooling units 500 W;
rittal-sk-3382210-tepe-tava-montajli-klima-500-w;3382210;RITTAL;Rittal SK 3382210 Tepe/Tava Montajlı Klima 500 W;
rittal-sk-3383100-tepe-tava-montajli-klima-1000-w;3383100;RITTAL;Rittal SK 3383100 Tepe/Tavan Montajlı Klima 1000 W;
rittal-sk-3383110-tepe-tava-montajli-klima-1000-w;3383110;RITTAL;Rittal SK 3383110 Tepe/Tava Montajlı Klima 1000 W;
rittal-sk-3383140-tepe-tava-montajli-klima-1000-w;3383140;RITTAL;Rittal SK 3383140 1000 W;
rittal-sk-3383200-tepe-tava-montajli-klima-1000-w;3383200;RITTAL;Rittal SK 3383200 Tepe/Tavan Montajlı 1000 W;
rittal-sk-3383210-tepe-tava-montajli-klima-1000-w;3383210;RITTAL;Rittal SK 3383210 Tepe/Tavan Montajlı 1000 W;
rittal-sk-3383240-tepe-tava-montajli-klima-1000-w;3383240;RITTAL;Rittal SK 3383240 Tepe/Tavan Klima 1000 W;
rittal-sk-3384100-roof-mounted-cooling-units-1500-w;3384100;RITTAL;Rittal SK 3384100 Roof-mounted cooling 1500 W;
rittal-sk-3384110-tepe-tava-montajli-klima-1500-w;3384110;RITTAL;Rittal SK 3384110 Tepe/Tavan Montajlı 1500 W;
rittal-sk-3384140-roof-mounted-cooling-units-1500-w;3384140;RITTAL;Rittal SK 3384140 Roof-mounted cooling units;
rittal-sk-3384200-tepe-tava-montajli-klima-1500-w;3384200;RITTAL;Rittal SK 3384200 Tepe/Tavan Montajlı 1500 W;
rittal-sk-3384210-roof-mounted-cooling-units-1500-w;3384210;RITTAL;Rittal SK 3384210 Roof-mounted cooling 1500W;
rittal-sk-3384240-tepe-tava-montajli-klima-1500-w;3384240;RITTAL;Rittal SK 3384240 Tepe/Tavan Montajlı 500 W;
rittal-sk-3385100-roof-mounted-cooling-units-2000-w;3385100;RITTAL;Rittal SK 3385100 Roof-mounted cooling 2000W;
rittal-sk-3385110-tepe-tava-montajli-klima-2000-w;3385110;RITTAL;Rittal SK 3385110 Tepe/Tavan Montajlı 2000 W;
rittal-sk-3385140-roof-mounted-cooling-units-2000-w;3385140;RITTAL;Rittal SK 3385140 Roof-mounted cooling 2000W;
rittal-sk-3385200-tepe-tava-montajli-klima-2000-w;3385200;RITTAL;Rittal SK 3385200 Tepe/Tava Montajlı Klima 2000 W;
rittal-sk-3385210-roof-mounted-cooling-units-2000-w;3385210;RITTAL;Rittal SK 3385210 Roof-mounted 2000W;
rittal-sk-3385240-tepe-tava-montajli-klima-2000-w;3385240;RITTAL;Rittal SK 3385240 Tepe/Tava Montajlı Klima 2000 W;
rittal-sk-3386140-tepe-tava-montajli-klima-3000-w;3386140;RITTAL;Rittal SK 3386140 Tepe/Tava Montajlı Klima 3000 W;
rittal-sk-3386240-tepe-tava-montajli-klima-3000-w;3386240;RITTAL;Rittal SK 3386240 Tepe/Tava Montajlı Klima 3000 W;
rittal-sk-3397288-pressostat;3397.288;RITTAL;Rittal SK 3397.288 Pressostat | Klimasun;
rittal-sk-5502010-fan-mounting-plate-for-vx-it-te;5502010;RITTAL;Rittal SK 5502010 Fan mounting plate for VX IT, TE;
rittal-sk-7999922-individual-project-planning-only;7999922;RITTAL;Rittal SK 7999922 Individual project planning only;
sm-2414000-temas-frezesi;2414000;RITTAL;Rittal SM 2414000 Temas frezesi;
sm-2414500-temas-frezesi;2414500;RITTAL;Rittal SM 2414500 Temas frezesi;
rittal-sm-2432000-hinge-pin-remover-mentese-pimi-cikarici-ae-cm;2432000;RITTAL;Rittal SM 2432000 Menteşe pimi çıkarıcı;
rittal-sv-9686300-bara-askisi-n-iletken;9686300;RITTAL;Rittal SV 9686300 Bara askısı N iletken;
rittal-sv-9686350-pe-pen-dirsek-vx-icin;9686350;RITTAL;Rittal SV 9686350 PE/PEN-Dirsek VX için;
rittal-sv-9686520-pe-pen-bara-e-cu-vx-icin;9686520;RITTAL;Rittal SV 9686520 PE/PEN-Bara E-Cu VX için;
rittal-sv-9686522-pe-pen-bara-e-cu-vx-icin;9686522;RITTAL;Rittal SV 9686522 PE/PEN-Bara E-Cu VX için;
rittal-sv-9686524-pe-pen-bara-e-cu-vx-icin;9686524;RITTAL;Rittal SV 9686524 PE/PEN-Bara E-Cu VX için;
rittal-sv-9686526-pe-pen-bara-e-cu-vx-icin;9686526;RITTAL;Rittal SV 9686526 PE/PEN-Bara E-Cu VX için;
rittal-sv-9686528-pe-pen-bara-e-cu-vx-icin;9686528;RITTAL;Rittal SV 9686528 PE/PEN-Bara E-Cu VX için;
rittal-sv-9686529-pe-pen-birlestirme-aparati-e-cu;9686539;RITTAL;Rittal SV 9686529 PE/PEN-Birleştirme aparatı E-Cu;
rittal-sv-9686530-pe-pen-bara-e-cu-vx-icin;9686530;RITTAL;Rittal SV 9686530 PE/PEN-Bara E-Cu VX için;
rittal-sv-9686532-pe-pen-bara-e-cu-vx-icin;9686532;RITTAL;Rittal SV 9686532 PE/PEN-Bara E-Cu VX için;
rittal-sv-9686534-pe-pen-bara-e-cu-vx-icin;9686534;RITTAL;Rittal SV 9686534 PE/PEN-Bara E-Cu VX için;
rittal-sv-9686536-pe-pen-bara-e-cu-vx-icin;9686536;RITTAL;Rittal SV 9686536 PE/PEN-Bara E-Cu VX için;
rittal-sv-9686538-pe-pen-bara-e-cu-vx-icin;9686538;RITTAL;Rittal SV 9686538 PE/PEN-Bara E-Cu VX için;
rittal-sv-9686539-pe-pen-birlestirme-aparati-e-cu;9686539;RITTAL;Rittal SV 9686539 PE/PEN-Birleştirme aparatı E-Cu;
rittal-sv-9686540-pe-pen-bara-e-cu-vx-icin;9686540;RITTAL;Rittal SV 9686540 PE/PEN-Bara E-Cu VX için;
rittal-sv-9686542-pe-pen-bara-e-cu-vx-icin;9686542;RITTAL;Rittal SV 9686542 PE/PEN-Bara E-Cu VX için;
rittal-sv-9686544-pe-pen-bara-e-cu-vx-icin;9686544;RITTAL;Rittal SV 9686544 PE/PEN-Bara E-Cu VX için;
rittal-sv-9686546-pe-pen-bara-e-cu-vx-icin;9686546;RITTAL;Rittal SV 9686546 PE/PEN-Bara E-Cu VX için;
rittal-sv-9686548-pe-pen-bara-e-cu-vx-icin;9686548;RITTAL;Rittal SV 9686548 PE/PEN-Bara E-Cu VX için;
rittal-sv-9686549-pe-pen-birlestirme-aparati-e-cu;9686549;RITTAL;Rittal SV 9686549 PE/PEN-Birleştirme aparatı E-Cu;
rittal-sv-9686580-pe-pen-bara-e-cu-vx-icin;9686580;RITTAL;Rittal SV 9686580 PE/PEN-Bara E-Cu VX için;
rittal-sv-9686582-pe-pen-bara-e-cu-vx-icin;9686582;RITTAL;Rittal SV 9686582 PE/PEN-Bara E-Cu VX için;
rittal-sv-9686584-pe-pen-bara-e-cu-vx-icin;9686584;RITTAL;Rittal SV 9686584 PE/PEN-Bara E-Cu VX için;
rittal-sv-9686586-pe-pen-bara-e-cu-vx-icin;9686586;RITTAL;Rittal SV 9686586 PE/PEN-Bara E-Cu VX için;
rittal-sv-9686588-pe-pen-bara-e-cu-vx-icin;9686588;RITTAL;Rittal SV 9686588 PE/PEN-Bara E-Cu VX için;
rittal-sv-9686589-pe-pen-birlestirme-aparati-e-cu;9686589;RITTAL;Rittal SV 9686589 PE/PEN-Birleştirme aparatı E-Cu;
rittal-sz-2304000-cam-locks;2304000;RITTAL;Rittal SZ 2304000 Cam locks;
rittal-sz-2304100-cam-lock-stainless-steel-for-ax-kx-e-box;2304100;RITTAL;Rittal SZ 2304100;
sz-2307000-lock-inserts-for-handles-and-enclosures;2307000;RITTAL;Rittal SZ 2307000;
rittal-sz-2308000-enclosure-key-for-fiat;2308000;RITTAL;Rittal SZ 2308000 Enclosure key For Fiat;
rittal-sz-2309110-cam-lock-stainless-steel-for-ax-kx-e-box;2309.110;RITTAL;Rittal SZ 2309110 Cam lock stainless steel;
rittal-sz-2311225-mesafe-pimleri;2311225;RITTAL;Rittal SZ 2311225 Mesafe pimleri;
rittal-sz-2311250-mesafe-pimleri;2311250;RITTAL;Rittal SZ 2311250 Mesafe pimleri;
rittal-sz-2334000-contact-washers;2334.000;RITTAL;Rittal SZ 2334000 Contact washers;
rittal-sz-2335000-temas-rondelalari;2335000;RITTAL;Rittal SZ 2335000 Temas rondelaları;
rittal-sz-2343000-temas-rondelalari;2343000;RITTAL;Rittal SZ 2343000 Temas rondelaları;
rittal-sz-2350000-aci-demir-kelepceleri-kablo-tutucu-raylari-icin-6-mm-12-mm;2350000;RITTAL;Rittal SZ 2350000 Demir kelepçeleri kablo tutucu;
rittal-sz-2351000-aci-demir-kelepceleri-kablo-tutucu-raylari-icin-12-mm-16-mm;2351000;RITTAL;Rittal SZ 2351000 Açı demir kablo tutucu rayları için;
rittal-sz-2352000-aci-demir-kelepceleri-kablo-tutucu-raylari-icin-14-mm-18-mm;2352000;RITTAL;Rittal SZ 2352000 Demir kelepçe kablo tutucu;
rittal-sz-2353000-aci-demir-kelepceleri-kablo-tutucu-raylari-icin-18-mm-22-mm;2353000;RITTAL;Rittal SZ 2353000 kelepçe kablo tutucu rayları için;
rittal-sz-2354000-aci-demir-kelepceleri-kablo-tutucu-raylari-icin-22-mm-26-mm;2354000;RITTAL;Rittal SZ 2354000 Açı demir kelepçe kablo tutucu ray;
rittal-sz-2355000-aci-demir-kelepceleri-kablo-tutucu-raylari-icin-26-mm-30-mm;2355000;RITTAL;Rittal SZ 2355000 Demir kelepçe kablo tutucu ray için;
rittal-sz-2356000-aci-demir-kelepceleri-kablo-tutucu-raylari-icin-30-mm-34-mm;2356000;RITTAL;Rittal SZ 2356000 Açı demir kelepçe kablo tutucu ray;
rittal-sz-2357000-aci-demir-kelepceleri-kablo-tutucu-raylari-icin-34-mm-38-mm;2357000;RITTAL;Rittal SZ 2357000 Açı demir kelepçe kablo tutucu;
rittal-sz-2358000-aci-demir-kelepceleri-kablo-tutucu-raylari-icin-38-mm-42-mm;2358000;RITTAL;Rittal SZ 2358000 Açı demir kelepçeleri kablo tutucu;
rittal-sz-2359000-aci-demir-kelepceleri-kablo-tutucu-raylari-icin-42-mm-46-mm;2359000;RITTAL;Rittal SZ 2359000 Açı demir kelepçe kablo tutucu;
rittal-sz-2360000-aci-demir-kelepceleri-kablo-tutucu-raylari-icin-46-mm-50-mm;2360000;RITTAL;Rittal SZ 2360000 Kelepçeleri Kablo Tutucu Raylar;
rittal-sz-2364000-koruyucu-iletken-barasi;2364000;RITTAL;Rittal SZ 2364000 Koruyucu iletken barası;
sz-2367040-emc-topraklama-kelepceler;2367040;RITTAL;Rittal SZ 2367040 EMC topraklama kelepçeler;
sz-2367060-emc-topraklama-kelepceler;2367060;RITTAL;Rittal SZ 2367060 EMC topraklama kelepçeler;
sz-2367080-emc-topraklama-kelepceler;2367080;RITTAL;Rittal SZ 2367080 EMC topraklama kelepçeler;
sz-2367120-emc-topraklama-kelepceler;2367120;RITTAL;Rittal SZ 2367120 EMC topraklama kelepçeler;
sz-2367160-emc-topraklama-kelepceler;2367160;RITTAL;Rittal SZ 2367160 EMC topraklama kelepçeler;
sz-2367200-emc-topraklama-kelepceler;2367200;RITTAL;Rittal SZ 2367200 EMC topraklama kelepçeler;
sz-2388050-emc-montaj-aparatlari-icin-ray-emc-koruma-askisi-ve-cekme-yukunu-azaltmak-icin;2388050;RITTAL;Rittal SZ 2388050;
sz-2388100-emc-kablo-tutucu;2388100;RITTAL;Rittal SZ 2388100 EMC kablo tutucu;
sz-2388125-emc-montaj-aparatlari-icin-ray-emc-koruma-askisi-ve-cekme-yukunu-azaltmak-icin;2388125;RITTAL;Rittal SZ 2388125;
sz-2388150-emc-kablo-tutuc;2388150;RITTAL;Rittal SZ 2388150 EMC kablo tutucu;
sz-2388200-emc-kablo-tutuc;2388200;RITTAL;Rittal SZ 2388200 EMC kablo tutucu;
sz-2388280-emc-kablo-tutuc;2388280;RITTAL;Rittal SZ 2388280 EMC kablo tutucu;
sz-2388650-emc-montaj-aparatlari-icin-ray-emc-koruma-askisi-ve-cekme-yukunu-azaltmak-icin;2388650;RITTAL;Rittal SZ 2388650 EMC ray koruma askısı;
sz-2388850-emc-montaj-aparatlari-icin-ray-emc-koruma-askisi-ve-cekme-yukunu-azaltmak-icin;2388850;RITTAL;Rittal SZ 2388850;
rittal-sz-2400000;2400000;RITTAL;Rittal SZ 2400000 Priz geçişi;
rittal-sz-2400300;2400300;RITTAL;Rittal SZ 2400300 Priz geçişi, küçük;
rittal-sz-2400500;2400500;RITTAL;Rittal SZ 2400500 Küçük Priz Geçişi;
rittal-sz-2411601-poliamid-kablo-rakoru;2411601;RITTAL;Rittal SZ 2411601 Poliamid kablo rakoru;
rittal-sz-2411611-poliamid-kablo-rakoru;2411611;RITTAL;Rittal SZ 2411611 Poliamid kablo rakoru;
rittal-sz-2411621-poliamid-kablo-rakoru;2411621;RITTAL;Rittal SZ 2411621 Poliamid kablo rakoru;
rittal-sz-2411631-poliamid-kablo-rakoru;2411631;RITTAL;Rittal SZ 2411631 Poliamid kablo rakoru;
rittal-sz-2411641-poliamid-kablo-rakoru;2411641;RITTAL;Rittal SZ 2411641 Poliamid kablo rakoru;
rittal-sz-2411651-poliamid-kablo-rakoru;2411651;RITTAL;Rittal SZ 2411651 Poliamid kablo rakoru;
rittal-sz-2411661-poliamid-kablo-rakoru;2411.661;RITTAL;Rittal SZ 2411661 Poliamid kablo rakoru;
rittal-sz-2411671-poliamid-kablo-rakoru;2411671;RITTAL;Rittal SZ 2411671 Poliamid kablo rakoru;
rittal-sz-2411801-pirinc-kablo-rakoru;2411801;RITTAL;Rittal SZ 2411801 Pirinç kablo rakoru;
rittal-sz-2411811-pirinc-kablo-rakoru;2411811;RITTAL;Rittal SZ 2411811 Pirinç kablo rakoru;
rittal-sz-2411821-pirinc-kablo-rakoru;2411821;RITTAL;Rittal SZ 2411821 Pirinç kablo rakoru;
rittal-sz-2411831-pirinc-kablo-rakoru;2411831;RITTAL;Rittal SZ 2411831 Pirinç kablo rakoru;
rittal-sz-2411841-pirinc-kablo-rakoru;2411841;RITTAL;Rittal SZ 2411841 Pirinç kablo rakoru;
rittal-sz-2411851-pirinc-kablo-rakoru;2411851;RITTAL;Rittal SZ 2411851 Pirinç kablo rakoru;
rittal-sz-2411861-pirinc-kablo-rakoru;2411861;RITTAL;Rittal SZ 2411861 Pirinç kablo rakoru;
rittal-sz-2411871-pirinc-kablo-rakoru;2411871;RITTAL;Rittal SZ 2411871 Pirinç kablo rakoru;
rittal-sz-2412210-orgulu-topraklama-seridi;2412210;RITTAL;Rittal SZ 2412210 Örgülü topraklama şeridi;
rittal-sz-2412216-earthing-braid;2412216;RITTAL;Rittal SZ 2412216 Earthing braid;
rittal-sz-2412225-orgulu-topraklama-seridi;2412225;RITTAL;Rittal SZ 2412225 Örgülü topraklama şeridi;
rittal-sz-2412310-earthing-braid;2412310;RITTAL;Rittal SZ 2412310 Earthing braid;
rittal-sz-2412316-orgulu-topraklama-seridi;2412316;RITTAL;Rittal SZ 2412316 Örgülü topraklama şeridi;
rittal-sz-2412325-earthing-braid;2412325;RITTAL;Rittal SZ 2412325 Earthing braid;
sz-2415000-temas-cilasi;2415000;RITTAL;Rittal SZ 2415000 Temas cilası;
rittal-sz-2416000-safety-lock-emniyet-kilidi;2416000;RITTAL;Rittal SZ 2416000 Safety lock Emniyet kilidi;
rittal-sz-2418000-safety-lock-emniyet-kilidi;2418000;RITTAL;Rittal SZ 2418000 Safety lock Emniyet kilidi;
rittal-sz-2419000-safety-lock-emniyet-kilidi;2419000;RITTAL;Rittal SZ 2419000 Safety lock Emniyet kilidi;
rittal-sz-2420000-cam-locks;2420000;RITTAL;Rittal SZ 2420000 Cam locks;
rittal-sz-2430000-cam-locks;2430000;RITTAL;Rittal SZ 2430000 Cam Kilidi;
rittal-sz-2435000-ergoform-s-lock-system;2435000;RITTAL;Rittal SZ 2435000 Ergoform-S lock system;
rittal-sz-2446000-saklama-kutusu;2446000;RITTAL;Rittal SZ 2446000 Saklama kutusu;
rittal-sz-2449000-mentese-180deg-ae-icin;2449000;RITTAL;Rittal SZ 2449000 Menteşe 180°;
rittal-sz-2452000-ergoform-s-lock-system;2452000;RITTAL;Rittal SZ 2452000 Ergoform-S lock system;
rittal-sz-2453000-ergoform-s-lock-system;2453000;RITTAL;Rittal SZ 2453000 Ergoform-S lock system;
rittal-sz-2455010-ergoform-s-lock-system;2455010;RITTAL;Rittal SZ 2455010 Ergoform-S lock system;
rittal-sz-2456500-ergoform-s-lock-system;2456500;RITTAL;Rittal SZ 2456500 Ergoform-S lock system;
sz-2460000-lock-inserts-for-handles-and-enclosures;2460000;RITTAL;Rittal SZ 2460000;
sz-2460650-lock-inserts-for-handles-and-enclosures;2460650;RITTAL;Rittal SZ 2460650;
sz-2461000-lock-inserts-for-handles-and-enclosures;2461000;RITTAL;Rittal SZ 2461000;
sz-2462000-lock-inserts-for-handles-and-enclosures;2462000;RITTAL;Rittal SZ 2462000;
sz-2463000-lock-inserts-for-handles-and-enclosures;2463000;RITTAL;Rittal SZ 2463000;
sz-2464000-lock-inserts-for-handles-and-enclosures;2464000;RITTAL;Rittal SZ 2464000;
sz-2465000-lock-inserts-for-handles-and-enclosures;2465000;RITTAL;Rittal SZ 2465000;
sz-2466000-lock-inserts-for-handles-and-enclosures;2466000;RITTAL;Rittal SZ 2466000;
sz-2467000-lock-and-push-button-inserts-and-profile-half-cylinders;2467000;RITTAL;Rittal SZ 2467000;
sz-2468000-lock-and-push-button-inserts-and-profile-half-cylinders;2468000;RITTAL;Rittal SZ 2468000;
sz-2469000-lock-and-push-button-inserts-and-profile-half-cylinders;2469000;RITTAL;Rittal SZ 2469000 Lock and push-button inserts and profile half-cylinders;
rittal-sz-2476000-semi-cylinder-lock;2476000;RITTAL;Rittal SZ 2476000 Semi-cylinder lock;
rittal-sz-2476100-lock-cover-muhurlenebilir-kilit-kapagi;2476100;RITTAL;Rittal SZ 2476100 Mühürlenebilir Kilit kapağı;
rittal-sz-2482210-arayuz-uzatma-duvar-baglantisi-ile;2482210;RITTAL;Rittal SZ 2482210 Arayüz uzatma duvar bağlantısı ile;
rittal-sz-2482220-arayuz-uzatma-duvar-baglantisi-ile;2482220;RITTAL;Rittal SZ 2482220 Arayüz uzatma duvar bağlantısı ile;
rittal-sz-2482230-arayuz-uzatma-duvar-baglantisi-ile;2482230;RITTAL;Rittal SZ 2482230 Arayüz uzatma duvar bağlantısı ile;
rittal-sz-2482300-arayuz-kapagi-moduler-tekli-montaj-cercevesi-plastik-kapakli-yari-transparan;2482300;RITTAL;Rittal SZ 2482300;
rittal-sz-2482310-arayuz-kapagi-moduler-ikili-montaj-cercevesi-plastik-kapakli-yari-transparan;2482310;RITTAL;Rittal SZ 2482310;
rittal-sz-2482320-mounting-frame-tekli-montaj-cercevesi-metal-kapakli;2482320;RITTAL;Rittal SZ 2482320 Tekli montaj çerçevesi metal kapak;
rittal-sz-2482330-mounting-frame-ikili-montaj-cercevesi-metal-kapakli;2482330;RITTAL;Rittal SZ 2482330 İkili montaj çerçevesi metal kapaklı;
rittal-sz-2482400-socket-modules-almanya-priz-modulleri-vde-yayli-terminaller-maks-2-x-2-5-mm2-arka-baglanti;2482400;RITTAL;Rittal SZ 2482400;
rittal-sz-2482410-socket-modules-almanya-priz-modulleri-vde-vidali-terminaller-maks-6-mm2-arka-baglanti-renk-sari-ral-1016-ana-salterinin-onune-montaj-icin;2482410;RITTAL;Rittal SZ 2482410;
rittal-sz-2482500-interface-inserts-arayuz-elemanlari-2-x-sub-d9-soket-pim;2482500;RITTAL;Rittal SZ 2482500 Interface inserts Arayüz elemanı;
rittal-sz-2482510-interface-inserts-arayuz-ek-parcasi-sub-d9-soket-soket;2482510;RITTAL;Rittal SZ 2482510 Interface inserts Arayüz ek parçası;
rittal-sz-2482540-interface-inserts-arayuz-elemanlari-2-x-usb-a-soket-soket;2482540;RITTAL;Rittal SZ 2482540 Interface inserts Arayüz elemanları;
rittal-sz-2482550-interface-inserts-arayuz-elemanlari-rj-45-soket-soket-cat-5e-sub-d9-soket-soket-sub-d9-pim-pim;2482550;RITTAL;Rittal SZ 2482550;
rittal-sz-2482560-interface-inserts-arayuz-elemanlari-2-x-rj-45-soket-soket-cat-5e;2482560;RITTAL;Rittal SZ 2482560;
rittal-sz-2482570-interface-inserts-arayuz-elemanlari-usb-a-soket-soket-rj-45-soket-soket-cat-5e-sub-d9-soket-pim;2482570;RITTAL;Rittal SZ 2482570;
rittal-sz-2482590-interface-inserts-arayuz-elemanlari-kor-plaka-yassi-ozel-donatim-icin-kullanilabilir-alan-45-x-75-mm;2482590;RITTAL;Rittal SZ 2482590;
rittal-sz-2482600-arayuz-kapagi-rc-sigortasi-icin;2482600;RITTAL;Rittal SZ 2482600 Arayüz kapağı RC sigortası için;
rittal-sz-2482700-arayuz-uzatma-duvar-baglantisi-ile;2482700;RITTAL;Rittal SZ 2482700 Arayüz uzatma duvar bağlantısı ile;
rittal-sz-2482710-arayuz-uzatma-duvar-baglantisi-ile;2482710;RITTAL;Rittal SZ 2482710 Arayüz uzatma duvar bağlantısı ile;
rittal-sz-2482720-arayuz-uzatma-duvar-baglantisi-ile;2482720;RITTAL;Rittal SZ 2482720 Arayüz uzatma duvar bağlantısı ile;
rittal-sz-2482730-rj45-montaj-modulu;2482730;RITTAL;Rittal SZ 2482730 RJ45-Montaj modülü;
sz-2483000-lock-inserts-for-handles-and-enclosures;2483000;RITTAL;Rittal SZ 2483000;
rittal-sz-2484000-lock-inserts-3-mm-double-bit;2484000;RITTAL;Rittal SZ 2484000 Lock inserts 3 mm double-bit;
sz-2485000-plastic-handles;2485000;RITTAL;Rittal SZ 2485000 Plastic handles;
sz-2485100-plastic-handles;2485100;RITTAL;Rittal SZ 2485100 Plastic handles;
rittal-sz-2493000-lock-cover-for-padlocks-or-multiple-locks;2493000;RITTAL;Rittal SZ 2493000;
rittal-sz-2493500-multiple-lock-coklu-kilit-6-asma-kilit-icin;2493500;RITTAL;Rittal SZ 2493500 Multiple lock Çoklu Kilit 6 Asma Kilit için;
rittal-sz-2500100-400-lm-100-v-240-v-1-50-hz-60-hz-priz-yok;2500100;RITTAL;Rittal SZ 2500100;
rittal-sz-2500104-400-lm-100-v-240-v-1-50-hz-60-hz-priz-yok;2500104;RITTAL;Rittal SZ 2500104;
rittal-sz-2500110-600-lm-100-v-240-v-1-50-hz-60-hz-priz-yok;2500110;RITTAL;Rittal SZ 2500110;
rittal-sz-2500114-600-lm-100-v-240-v-1-50-hz-60-hz-priz-yok;2500114;RITTAL;Rittal SZ 2500114;
rittal-sz-2500200-900-lm-100-v-240-v-1-50-hz-60-hz-priz-yok;2500200;RITTAL;Rittal SZ 2500200;
rittal-sz-2500210-900-lm-100-v-240-v-1-50-hz-60-hz-prizli;2500210;RITTAL;Rittal SZ 2500210;
rittal-sz-2500211-900-lm-100-v-240-v-1-50-hz-60-hz-prizli;2500211;RITTAL;Rittal SZ 2500211;
rittal-sz-2500212-900-lm-100-v-240-v-1-50-hz-60-hz-prizli;2500212;RITTAL;Rittal SZ 2500212;
rittal-sz-2500213-900-lm-100-v-240-v-1-50-hz-60-hz-prizli;2500213;RITTAL;Rittal SZ 2500213;
rittal-sz-2500214-900-lm-100-v-125-v-1-50-hz-60-hz-prizli;2500214;RITTAL;Rittal SZ 2500214;
rittal-sz-2500220-900-lm-24-v-dc-priz-yok;2500220;RITTAL;Rittal SZ 2500220;
rittal-sz-2500300-1200-lm-100-v-240-v-1-50-hz-60-hz-hareket-dedektorlu;2500300;RITTAL;Rittal SZ 2500300;
rittal-sz-2500310-1200-lm-100-v-240-v-1-50-hz-60-hz-prizli-ve-hareket-dedektorlu;2500310;RITTAL;Rittal SZ 2500310;
rittal-sz-2500311-1200-lm-100-v-240-v-1-50-hz-60-hz-prizli-ve-hareket-dedektorlu;2500311;RITTAL;Rittal SZ 2500311;
rittal-sz-2500312-1200-lm-100-v-240-v-1-50-hz-60-hz-prizli-ve-hareket-dedektorlu;2500312;RITTAL;Rittal SZ 2500312;
rittal-sz-2500313-1200-lm-100-v-240-v-1-50-hz-60-hz-prizli-ve-hareket-dedektorlu;2500313;RITTAL;Rittal SZ 2500313;
rittal-sz-2500314-1200-lm-100-v-125-v-1-50-hz-60-hz-prizli-ve-hareket-dedektorlu;2500314;RITTAL;Rittal SZ 2500314;
rittal-sz-2500320-1200-lm-24-v-56-v-dc-hareket-dedektorlu;2500320;RITTAL;Rittal SZ 2500320 Hareket dedektörlü lamba;
rittal-sz-2500400-baglanti-hatti-connection-cable;2500400;RITTAL;Rittal SZ 2500400 Bağlantı hattı / Connection cable;
rittal-sz-2500410-baglanti-hatti-connection-cable;2500410;RITTAL;Rittal SZ 2500410 Bağlantı hattı / Connection cable;
rittal-sz-2500420-baglanti-hatti-connection-cable;2500420;RITTAL;Rittal SZ 2500420 Bağlantı hattı / Connection cable;
rittal-sz-2500430-baglanti-hatti-connection-cable;2500430;RITTAL;Rittal SZ 2500430 Bağlantı hattı / Connection cable;
rittal-sz-2500435-baglanti-hatti-connection-cable;2500435;RITTAL;Rittal SZ 2500435 Bağlantı hattı / Connection cable;
rittal-sz-2500440-baglanti-hatti-connection-cable;2500440;RITTAL;Rittal SZ 2500440 Bağlantı hattı / Connection cable;
rittal-sz-2500450-baglanti-hatti-connection-cable;2500450;RITTAL;Rittal SZ 2500450 Bağlantı hattı / Connection cable;
rittal-sz-2500460-door-operated-switch;2500460;RITTAL;Rittal SZ 2500460 Door-operated switch;
rittal-sz-2500470-door-operated-switch;2500470;RITTAL;Rittal SZ 2500470 Door-operated switch;
rittal-sz-2500490-miknatis-sabitleme-setleri-sistem-lambasi-led-icin;2500490;RITTAL;Rittal SZ 2500490 Mıknatıs sabitleme setleri;
rittal-sz-2500500-baglanti-hatti-connection-cable;2500500;RITTAL;Rittal SZ 2500500 Bağlantı hattı / Connection cable;
rittal-sz-2500520-baglanti-hatti-connection-cable;2500520;RITTAL;Rittal SZ 2500520 Bağlantı hattı / Connection cable;
rittal-sz-2500530-baglanti-hatti-connection-cable;2500530;RITTAL;Rittal SZ 2500530 Bağlantı hattı / Connection cable;
rittal-sz-2500550-baglanti-hatti-connection-cable;2500550;RITTAL;Rittal SZ 2500550 Bağlantı hattı / Connection cable;
rittal-sz-2500600-baglanti-aksesuari-led-sistem-lambalari-icin-fis-soket;2500600;RITTAL;Rittal SZ 2500600;
rittal-sz-2500610-baglanti-aksesuari-led-sistem-lambalari-icin-fis-soket;2500610;RITTAL;Rittal SZ 2500610;
rittal-sz-2500620-baglanti-aksesuari-led-sistem-lambalari-icin-fis-soket;2500620;RITTAL;Rittal SZ 2500620;
rittal-sz-2500630-baglanti-aksesuari-led-sistem-lambalari-icin-fis-soket;2500630;RITTAL;Rittal SZ 2500630;
rittal-sz-2500640-baglanti-aksesuari-led-sistem-lambalari-icin-fis-soket;2500640;RITTAL;Rittal SZ 2500640;
rittal-sz-2500650-baglanti-aksesuari-led-sistem-lambalari-icin-fis-soket;2500650;RITTAL;Rittal SZ 2500650;
rittal-sz-2500660-connection-cable;2500660;RITTAL;Rittal SZ 2500660 Connection cable;
rittal-sz-2500670-connection-cable;2500670;RITTAL;Rittal SZ 2500670 Connection cable;
rittal-sz-2500680-iki-mansonlu-ve-bir-prizli-t-dagitici;2500680;RITTAL;Rittal SZ 2500680 İki manşonlu ve bir prizli T dağıtıcı;
rittal-sz-2500710-d-schuko-tip-f-cee-7-3-100-v-240-v-1-50-hz-60-hz;2500710;RITTAL;Rittal SZ 2500710;
rittal-sz-2500711-gb-tip-g-bs-1363-100-v-240-v-1-50-hz-60-hz;2500711;RITTAL;Rittal SZ 2500711;
rittal-sz-2500712-f-b-tip-e-cee-7-5-100-v-240-v-1-50-hz-60-hz;2500712;RITTAL;Rittal SZ 2500712;
rittal-sz-2500713-ch-tip-j-sev-1011-100-v-240-v-1-50-hz-60-hz;2500713;RITTAL;Rittal SZ 2500713;
rittal-sz-2500714-usa-cdn-tip-b-nema-5-15-100-v-125-v-1-50-hz-60-hz;2500714;RITTAL;Rittal SZ 2500714;
rittal-sz-2500715-cn-tip-i-gb-1002-100-v-240-v-1-50-hz-60-hz;2500715;RITTAL;Rittal SZ 2500715;
rittal-sz-2507100-gecis-kablolamasi-beslemesi-icin-soketler-496;2507100;RITTAL;Rittal SZ 2507100;
rittal-sz-2507200-baglanti-elemani-gecis-kablolari-icin-konektor-496;2507200;RITTAL;Rittal SZ 2507200;
rittal-sz-2507300-2-soketli-1-prizli-t-dagitici-496;2507300;RITTAL;Rittal SZ 2507300 2 soketli, 1 prizli T-dağıtıcı;
rittal-sz-2507400-kapi-sivici-kablosu-icin-fis-496;2507400;RITTAL;Rittal SZ 2507400 Kapı sivici kablosu için fiş;
rittal-sz-2507500-10-a-hat-koruma-salterli-baglanti-elemani;2507500;RITTAL;Rittal SZ 2507500 koruma şalterli bağlantı elemanı;
rittal-sz-2510000-seffaf-cantali-plastik-devre-semasi-cantalari;2510000;RITTAL;Rittal SZ 2510000 Şeffaf plastik devre şeması çantası;
rittal-sz-2512000-seffaf-cantali-plastik-devre-semasi-cantalari;2512000;RITTAL;Rittal SZ 2512000 Şeffaf çantalı plastik devre şeması çantaları;
rittal-sz-2513000-plastik-proje-cebi;2513000;RITTAL;Rittal SZ 2513000 Plastik proje cebi;
rittal-sz-2514000-plastik-proje-cebi;2514000;RITTAL;Rittal SZ 2514000 Plastik proje cebi;
rittal-sz-2515000-plastik-proje-cebi;2515000;RITTAL;Rittal SZ 2515000 Plastik proje cebi;
rittal-sz-2520000-cam-locks;2520000;RITTAL;Rittal SZ 2520000 Cam locks;
rittal-sz-2521000-enclosure-key-for-daimler;2521000;RITTAL;Rittal SZ 2521000 Enclosure key For Daimler;
sz-2522000-lock-inserts-for-handles-and-enclosures;2522000;RITTAL;Rittal SZ 2522000;
sz-2523000-lock-inserts-for-handles-and-enclosures;2523000;RITTAL;Rittal SZ 2523000;
rittal-sz-2525000-lock-cylinder-inserts;2525000;RITTAL;Rittal SZ 2525000 Lock cylinder inserts;
sz-2526000-lock-inserts-for-handles-and-enclosures;2526000;RITTAL;Rittal SZ 2526000 Lock inserts for handles;
sz-2527000-lock-inserts-for-handles-and-enclosures;2527000;RITTAL;Rittal SZ 2527000 Lock inserts for handles;
sz-2528000-lock-inserts-for-handles-and-enclosures;2528000;RITTAL;Rittal SZ 2528000;
rittal-sz-2530000-cam-locks;2530000;RITTAL;Rittal SZ 2530000 Cam locks;
pano-anahtari-standart-sz-2531-000;2531.000;RITTAL;Rittal SZ 2531000 Enclosure key Double-bit no. 5;
rittal-sz-2532000-enclosure-key-security-lock-no-3524-e;2532000;RITTAL;Rittal SZ 2532000 Enclosure key Security;
sz-2533000-plastic-handles;2533000;RITTAL;Rittal SZ 2533000 Plastic handles;
rittal-sz-2534100-semi-cylinder-lock;2534100SZ;RITTAL;Rittal SZ 2534100 Semi-cylinder lock;
rittal-sz-2534500-semi-cylinder-lock;2534500;RITTAL;Rittal SZ 2534500 Semi-cylinder lock;
rittal-sz-2535000-t-handles-t-kapi-kollari;2535000;RITTAL;Rittal SZ 2535000 T handles T kapı kolları;
rittal-sz-2536000-t-handles-t-kapi-kollari;2536000;RITTAL;Rittal SZ 2536000 T handles T kapı kolları;
rittal-sz-2537000-mini-comfort-handle-for-ae-with-cam-el-3-part;2537000;RITTAL;Rittal SZ 2537000 Mini-comfort handle for;
rittal-sz-2537010-mini-comfort-handle-for-ae-with-cam-el-3-part;2537010;RITTAL;Rittal SZ 2537010 Mini-comfort handle;
rittal-sz-2537045-mini-comfort-handle;2537045;RITTAL;Rittal SZ 2537045 Mini-comfort handle;
rittal-sz-2540500-cam-locks;2540500;RITTAL;Rittal SZ 2540500 Cam locks;
rittal-sz-2545000-enclosure-key-7-mm-triangular;2545000;RITTAL;Rittal SZ 2545000 Enclosure key 7 mm triangular;
rittal-sz-2546000-enclosure-key-8-mm-triangular;2546000;RITTAL;Rittal SZ 2546000 Enclosure key 8 mm triangular;
rittal-sz-2547000-enclosure-key-7-mm-square;2547000;RITTAL;Rittal SZ 2547000 Enclosure key 7 mm square;
rittal-sz-2548000-enclosure-key-8-mm-square;2548000;RITTAL;Rittal SZ 2548000 Enclosure key 8 mm square;
pano-anahtari-sz-2549-000;2549.000;RITTAL;Rittal SZ 2549000 Enclosure key;
pano-anahtari-sz-2549-500;2549.500;RITTAL;Rittal SZ 2549500 Enclosure key;
rittal-sz-2549600-enclosure-key-for-hd-locks;2549600;RITTAL;Rittal SZ 2549600 Enclosure key For HD locks;
rittal-sz-2559000-sabitleme-malzemesi-topraklama-seritleri-ve-orgulu-topraklama-seritleri-icin;2559000;RITTAL;Rittal SZ 2559000;
rittal-sz-2564000-topraklama-seritleri;2564000;RITTAL;Rittal SZ 2564000 Topraklama şeritleri;
rittal-sz-2565000-earth-straps;2565000;RITTAL;Rittal SZ 2565000 Earth straps;
rittal-sz-2565050-topraklama-seritleri;2565050;RITTAL;Rittal SZ 2565050 Topraklama şeritleri;
rittal-sz-2565100-earth-straps;2565100;RITTAL;Rittal SZ 2565100 Earth straps;
rittal-sz-2565110-topraklama-seritleri;2565110;RITTAL;Rittal SZ 2565110 Topraklama şeritleri;
rittal-sz-2565120-earth-straps;2565120;RITTAL;Rittal SZ 2565120 Earth straps;
rittal-sz-2566000-topraklama-seritleri;2566000;RITTAL;Rittal SZ 2566000 Topraklama şeritleri;
rittal-sz-2567000-earth-straps;2567000;RITTAL;Rittal SZ 2567000 Earth straps;
rittal-sz-2568000-topraklama-seritleri;2568000;RITTAL;Rittal SZ 2568000 Topraklama şeritleri;
rittal-sz-2569000-earth-straps;2569000;RITTAL;Rittal SZ 2569000 Earth straps;
rittal-sz-2570000-assembly-parts;2570000;RITTAL;Rittal SZ 2570000 Assembly parts;
rittal-sz-2570500-topraklama-plakasi;2570500;RITTAL;Rittal SZ 2570500 Topraklama plakası;
rittal-sz-2571000-lock-cylinder-inserts;2571000;RITTAL;Rittal SZ 2571000 Lock cylinder inserts;
rittal-sz-2572000-t-handles-t-kapi-kollari;2572000;RITTAL;Rittal SZ 2572000 T handles T kapı kolları;
rittal-sz-2573000;2573000;RITTAL;Rittal SZ 2573000 Elastik sıkıştırma profili;
rittal-sz-2575000-t-handles-t-kapi-kollari;2575000;RITTAL;Rittal SZ 2575000 T handles T kapı kolları;
sz-2576000-plastic-handles;2576000;RITTAL;Rittal SZ 2576000 Plastic handles;
rittal-sz-2589000-kablo-hortumu-29-mm;2589000;RITTAL;Rittal SZ 2589000 Kablo hortumu 29 mm;
rittal-sz-2590000-kablo-hortumu-48-mm;2590000;RITTAL;Rittal SZ 2590000 Kablo hortumu 48 mm;
rittal-sz-2591000-kablo-hortum-tutucusu-29-mm;2591000;RITTAL;Rittal SZ 2591000 Kablo hortum tutucusu 29 mm;
rittal-sz-2592000-kablo-hortum-tutucusu-48-mm;2592000;RITTAL;Rittal SZ 2592000 Kablo hortum tutucusu 48 mm;
rittal-sz-2593000-kablo-hortum-tutucusu-16-mm;2593000;RITTAL;Rittal SZ 2593000 Kablo hortum tutucusu 16 mm;
rittal-sz-2594000-kablo-hortum-tutucusu-36-mm;2594000;RITTAL;Rittal SZ 2594000 Kablo hortum tutucusu 36 mm;
rittal-sz-2595000-kablo-hortumu-16-mm;2595000;RITTAL;Rittal SZ 2595000 Kablo hortumu 16 mm;
rittal-sz-2596000-kablo-hortumu-36-mm;2596000;RITTAL;Rittal SZ 2596000 Kablo Hortumu 36 mm;
rittal-sz-2597000-kablo-baglayici-150mm;2597000;RITTAL;Rittal SZ 2597000 Kablo bağlayıcı 150mm;
sz-2843160-emc-kablo-rakorlari;2843160;RITTAL;Rittal SZ 2843160 EMC kablo rakorları;
sz-2843200-emc-kablo-rakorlari;2843200;RITTAL;Rittal SZ 2843200 EMC kablo rakorları;
sz-2843250-emc-kablo-rakorlari;2843250;RITTAL;Rittal SZ 2843250 EMC kablo rakorları;
sz-2843320-emc-kablo-rakorlari;2843320;RITTAL;Rittal SZ 2843320 EMC kablo rakorları;
sz-2843400-emc-kablo-rakorlari;2843400;RITTAL;Rittal SZ 2843400 EMC kablo rakorları;
sz-2843500-emc-kablo-rakorlari;2843500;RITTAL;Rittal SZ 2843500 EMC kablo rakorları;
sz-2843630-emc-kablo-rakorlari;2843630;RITTAL;Rittal SZ 2843630 EMC kablo rakorları;
rittal-sz-2899200;2899200;RITTAL;Rittal SZ 2899200 Basamak Nipeli;
rittal-sz-2899250;2899250;RITTAL;Rittal SZ 2899250 Basamak Nipeli;
rittal-sz-2899320;2899320;RITTAL;Rittal SZ 2899320 Basamak Nipeli;
rittal-sz-2899400;2899400;RITTAL;Rittal SZ 2899400 Basamak Nipeli;
rittal-sz-4127010-door-operated-switch;4127010;RITTAL;Rittal SZ 4127010 Door-operated switch;
rittal-sz-4138140-standart-lamba;4138140;RITTAL;Rittal SZ 4138140 Standart lamba;
rittal-sz-4138150-standart-lamba;4138150;RITTAL;Rittal SZ 4138150 Standart lamba;
rittal-sz-4138180-standart-lamba;4138180;RITTAL;Rittal SZ 4138180 Standart lamba;
rittal-sz-4138190-standart-lamba;4138190;RITTAL;Rittal SZ 4138190 Standart lamba;
rittal-sz-4138240-standart-lamba;4138240;RITTAL;Rittal SZ 4138240 Standart lamba;
rittal-sz-4138250-standart-lamba;4138250;RITTAL;Rittal SZ 4138250 Standart lamba;
rittal-sz-4138280-standart-lamba;4138280;RITTAL;Rittal SZ 4138280 Standart lamba;
rittal-sz-4138290-standart-lamba;4138290;RITTAL;Rittal SZ 4138290 Standart lamba;
rittal-sz-4138300-standart-lamba;4138300;RITTAL;Rittal SZ 4138300 Standart lamba;
rittal-sz-4138350-standart-lamba;4138350;RITTAL;Rittal SZ 4138350 Standart lamba;
rittal-sz-4138400-standart-lamba;4138400;RITTAL;Rittal SZ 4138400 Standart lamba;
rittal-sz-4138450-standart-lamba;4138450;RITTAL;Rittal SZ 4138450 Standart lamba;
rittal-sz-4139140-konforlu-lamba;4139140;RITTAL;Rittal SZ 4139140 Konforlu lamba;
rittal-sz-4139150-konforlu-lamba;4139150;RITTAL;Rittal SZ 4139150 Konforlu lamba;
rittal-sz-4139180-konforlu-lamba;4139180;RITTAL;Rittal SZ 4139180 Konforlu lamba;
rittal-sz-4139190-konforlu-lamba;4139190;RITTAL;Rittal SZ 4139190 Konforlu lamba;
rittal-sz-4139300-konforlu-lamba;4139300;RITTAL;Rittal SZ 4139300 Konforlu lamba;
rittal-sz-4139350-konforlu-lamba;4139350;RITTAL;Rittal SZ 4139350 Konforlu lamba;
rittal-sz-4140000-miknatis-sabitleme-setleri-led-kompakt-sistem-lambasi-icin;4140000;RITTAL;Rittal SZ 4140000 Mıknatıs sabitleme setleri;
rittal-sz-4140010-kompakt-lamba;4140010;RITTAL;Rittal SZ 4140010 Kompakt lamba;
rittal-sz-4140020-kompakt-lamba;4140020;RITTAL;Rittal SZ 4140020 Kompakt lamba;
rittal-sz-4140110-kompakt-lamba;4140110;RITTAL;Rittal SZ 4140110 Kompakt lamba;
rittal-sz-4140120-kompakt-lamba;4140120;RITTAL;Rittal SZ 4140120 Kompakt lamba;
rittal-sz-4140210-kompakt-lamba;4140210;RITTAL;Rittal SZ 4140210 Kompakt lamba;
rittal-sz-4140220-kompakt-lamba;4140220;RITTAL;Rittal SZ 4140220 Kompakt lamba;
rittal-sz-4140810-led-compact-system-light;4140810;RITTAL;Rittal SZ 4140810 LED compact system light;
rittal-sz-4140820-led-compact-system-light;4140820;RITTAL;Rittal SZ 4140820 LED compact system light;
rittal-sz-4140830-led-compact-system-light;4140830;RITTAL;Rittal SZ 4140830 LED compact system light;
rittal-sz-4140840-led-compact-system-light;4140840;RITTAL;Rittal SZ 4140840 LED compact system light;
rittal-sz-4155000-universal-lamba;4155000;RITTAL;Rittal SZ 4155000 Üniversal lamba;
rittal-sz-4155100-universal-lamba;4155100;RITTAL;Rittal SZ 4155100 Üniversal lamba;
rittal-sz-4155500-universal-lamba;4155500;RITTAL;Rittal SZ 4155500 Üniversal lamba;
rittal-sz-4315100-enerji-beslemesi-icin-soketli-konnektorsuz-3000-mm-turuncu;4315100;RITTAL;Rittal SZ 4315100;
rittal-sz-4315150-besleme-icin-soketli-ve-cekme-yuku-azaltmali-fissiz-3000-mm-gri-evet;4315150;RITTAL;Rittal SZ 4315150;
rittal-sz-4315200-sz-2507-500-baglanti-elemani-uzerinden-gecis-kablolamasi-besleme-soketli-ve-fisli-1000-mm-turuncu;4315200;RITTAL;Rittal SZ 4315200;
sz-armatur-guc-kablosu-turuncu-0-6m-5li-pk;4315400;RITTAL;Rittal SZ 4315400 SZ 2507.500 bağlantı elemanı üzerinden geçiş kablolaması/besleme (soketli ve fişli) 600 mm turuncu –;
rittal-sz-4315450-kesintisiz-tesisat-kablolamasi-soketli-ve-fisli-600-mm-gri-evet;4315450;RITTAL;Rittal SZ 4315450 Kesintisiz tesisat kablolama;
rittal-sz-4315600-sz-2507-500-baglanti-elemani-uzerinden-gecis-kablolamasi-besleme-soketli-ve-fisli-4000-mm-turuncu;4315600;RITTAL;Rittal SZ 4315600;
rittal-sz-4315710-kapi-pozisyon-salteri;4315710;RITTAL;Rittal SZ 4315710 Kapı pozisyon şalteri;
rittal-sz-4315720-kapi-pozisyon-salteri;4315720;RITTAL;Rittal SZ 4315720 Kapı pozisyon şalteri;
rittal-sz-4315800-connection-cable;4315800;RITTAL;Rittal SZ 4315800 Connection cable;
rittal-sz-4315810-door-operated-switch;4315810;RITTAL;Rittal SZ 4315810 Door-operated switch;
rittal-sz-4315820-door-operated-switch;4315820;RITTAL;Rittal SZ 4315820 Door-operated switch;
rittal-sz-4315830-interconnecting-cable;4315830;RITTAL;Rittal SZ 4315830 Interconnecting cable;
rittal-sz-4315840-interconnecting-cable;4315840;RITTAL;Rittal SZ 4315840 Interconnecting cable;
rittal-sz-4315850-interconnecting-cable;4315850;RITTAL;Rittal SZ 4315850 Interconnecting cable;
rittal-sz-4315860-adaptor-power-pack;4315860;RITTAL;Rittal SZ 4315860 Adaptor power pack;
rittal-sz-4319090-kablo-sabitlemesi-6-mm-9-mm;4319090;RITTAL;Rittal SZ 4319090 Kablo sabitlemesi 6 mm 9 mm;
rittal-sz-4319120-kablo-sabitlemesi-9-mm-12-mm;4319120;RITTAL;Rittal SZ 4319120 Kablo sabitlemesi 9 mm 12 mm;
rittal-sz-4319160-kablo-sabitlemesi-12-mm-16-mm;4319160;RITTAL;Rittal SZ 4319160 Kablo sabitlemesi 12 mm 16 mm;
rittal-sz-4319200-kablo-sabitlemesi-16-mm-20-mm-cirt-bant;4319200;RITTAL;Rittal SZ 4319200 Kablo sabitlemesi;
rittal-sz-4583000-kapi-tutucusu;4583000;RITTAL;Rittal SZ 4583000 Kapı tutucusu;
rittal-te-7000675-komple-topraklama-seti-te-icin;7000675;RITTAL;Rittal TE 7000675 Komple topraklama seti TE için;
rittal-te-7888615-te-mounting-kit;7888615;RITTAL;Rittal TE 7888615 TE: Mounting kit;
rittal-ts-4538000-destek-tekerlegi-ts-se-pc-icin;4538000;RITTAL;Rittal TS 4538000 Destek tekerleği;
rittal-ts-4583500-kacis-yollari-icin-kapi-tutucusu;4583500;RITTAL;Rittal TS 4583500 Kaçış yolları için kapı tutucusu;
rittal-ts-5050-068-kapak-kilidi-icin-lock-for-ts;5050.068;RITTAL;Rittal TS 5050.068 Kapak kilidi için Lock for TS;
rittal-ts-7831472-kablo-kanallari-icin-sistem-tasiyicisi-vx-vx-it-icin;7831472;RITTAL;Rittal TS 7831472 Kablo kanalı sistem taşıyıcısı;
ts-8611020-comfort-handle-for-vx-se-pc-iw-el;8611020;RITTAL;Rittal TS 8611020 Comfort handle;
rittal-ts-8611045-comfort-handle-for-ts-ts-it-se-pc-iw;8611045;RITTAL;Rittal TS 8611045 Comfort handle;
ts-8611070-comfort-handle-for-vx-se-pc-iw-el;8611070;RITTAL;Rittal TS 8611070 Comfort handle;
ts-8611100-lock-inserts-for-handles-and-enclosures;8611100;RITTAL;Rittal TS 8611100;
ts-8611110-lock-inserts-for-handles-and-enclosures;8611110;RITTAL;Rittal TS 8611110;
ts-8611120-lock-inserts-for-handles-and-enclosures;8611120;RITTAL;Rittal TS 8611120;
ts-8611130-lock-inserts-for-handles-and-enclosures;8611130;RITTAL;Rittal TS 8611130;
ts-8611140-lock-inserts-for-handles-and-enclosures;8611140;RITTAL;Rittal TS 8611140;
ts-8611150-lock-inserts-for-handles-and-enclosures;8611150;RITTAL;Rittal TS 8611150;
ts-8611160-lock-inserts-for-handles-and-enclosures;8611160;RITTAL;Rittal TS 8611160;
ts-8611170-lock-inserts-for-handles-and-enclosures;8611170;RITTAL;Rittal TS 8611170;
ts-8611180-lock-and-push-button-inserts;8611180;RITTAL;Rittal TS 8611180 Lock and push-button inserts;
ts-8611190-lock-and-push-button-inserts;8611190;RITTAL;Rittal TS 8611190 Lock and push-button inserts;
ts-8611200-lock-and-push-button-inserts;8611200;RITTAL;Rittal TS 8611200;
rittal-ts-8611210-locking-bar-latch-to-cnomo;8611210;RITTAL;Rittal TS 8611210 Locking bar latch to CNOMO;
ts-8611220-lock-inserts-for-handles-and-enclosures;8611220;RITTAL;Rittal TS 8611220;
rittal-ts-8611280-comfort-handle-for-ts-ts-it-se-pc-iw;8611280;RITTAL;Rittal TS 8611280 Comfort handle;
ts-8611290-comfort-handle-for-vx-se-pc-iw-el;8611290;RITTAL;Rittal TS 8611290 Comfort handle;
ts-8611330-comfort-handle-for-vx-se-pc-iw-el;8611330;RITTAL;Rittal TS 8611330 Comfort handle;
ts-8611340-comfort-handle-for-vx-se-pc-iw-el;8611340;RITTAL;Rittal TS 8611340 Comfort handle;
rittal-ts-8611350-comfort-handle-for-ts-ts-it-se-pc-iw;8611350;RITTAL;Rittal TS 8611350 Comfort handle;
rittal-ts-8611360-comfort-handle-for-ts-ts-it-se-pc-iw;8611360;RITTAL;Rittal TS 8611360 Comfort handle for;
rittal-ts-8611370-adjacent-door-latch-for-ts;8611370;RITTAL;Rittal TS 8611370 Adjacent door latch for TS;
rittal-ts-8701180-180deg-hinges-mentese;8701180;RITTAL;Rittal TS 8701180 180° hinges / Menteşe;
rittal-ts-8800020-130deg-hinges-kapi-mentesesi-ts-130deg-4lu-pk;8800020;RITTAL;Rittal TS 8800020 130° hinges Kapı menteşesi;
rittal-ts-8800040-kapi-mentesesi-karsiligi-4lu-pk;8800040;RITTAL;Rittal TS 8800040 Kapı menteşesi;
rittal-ts-8800070-spring-washer-yayli-rondela;8800070;RITTAL;Rittal TS 8800070 Spring washer / Yaylı Rondela;
rittal-ts-8800190-180deg-hinges-mentese;8800190;RITTAL;Rittal TS 8800190 180° hinges / Menteşe;
rittal-ts-8800710-180deg-hinges-mentese;8800710;RITTAL;Rittal TS 8800710 180° hinges / Menteşe;
rittal-ts-8800750-kablo-kanali-30-mm-80-mm-2000-mm-montaj-plakalari-icin;8800750;RITTAL;Rittal TS 8800750 Kablo kanalı 30 mm 80 mm;
rittal-ts-8800751-kablo-kanali-40-mm-80-mm-2000-mm-montaj-plakalari-icin;8800751;RITTAL;Rittal TS 8800751 Kablo kanalı;
rittal-ts-8800752-kablo-kanali-60-mm-80-mm-2000-mm-montaj-plakalari-icin;8800752;RITTAL;Rittal TS 8800752 Kablo kanalı;
rittal-ts-8800753-kablo-kanali-80-mm-80-mm-2000-mm-montaj-plakalari-icin;8800753;RITTAL;Rittal TS 8800753 Kablo kanalı montaj plakaları için;
rittal-ts-8800754-kablo-kanali-100-mm-80-mm-2000-mm-montaj-plakalari-icin;8800754;RITTAL;Rittal TS 8800754 Kablo kanalı montaj plakaları için;
rittal-ts-8800950-180deg-hinges-ts-8-se;8800950;RITTAL;Rittal TS 8800950 180° hinges TS 8, SE;
rittal-tx-7888320-kablo-yonlendiricisi-tx-cablenet-icin;7888320;RITTAL;Rittal TX 7888320 Kablo yönlendiricisi TX CableNet;
vx-4348500-emc-bolucu-panel-contasi-vx-icin;4348500;RITTAL;Rittal VX 4348500 EMC bölücü panel contası VX için;
rittal-vx-5301400-180deg-hinges-mentese;5301400;RITTAL;Rittal VX 5301400 180° hinges / Menteşe;
rittal-vx-5301401-180deg-hinges-mentese;5301401;RITTAL;Rittal VX 5301401 180° hinges / Menteşe;
rittal-vx-5301403-180deg-hinges-mentese;5301403;RITTAL;Rittal VX 5301403 180° hinges / Menteşe;
rittal-vx-5302020-kombine-raylar-vx-it-icin-g-600-mm-d-600-mm;5302020;RITTAL;Rittal VX 5302020 Kombine raylar;
rittal-vx-5302021-kombine-raylar-vx-it-icin-g-800-mm-d-800-mm;5302021;RITTAL;Rittal VX 5302021 Kombine raylar VX IT için;
rittal-vx-5302022-kombine-raylar-vx-it-icin-g-1000-mm-d-1000-mm;5302022;RITTAL;Rittal VX 5302022 Kombine raylar;
rittal-vx-5302025-kombine-raylar-vx-it-icin-g-1200-mm-d-1200-mm;5302025;RITTAL;Rittal VX 5302025;
rittal-vx-5302028-potansiyel-dengeleme-kiti-plus-versiyonu-vx-it-icin;5302028;RITTAL;Rittal VX 5302028 Potansiyel dengeleme kiti;
rittal-vx-5302036-firca-kiti-vx-it-kablo-kanali-icin;5302036;RITTAL;Rittal VX 5302036 Fırça kiti VX IT kablo kanalı için;
rittal-vx-5302038-montaj-dirsegi-kombinasyon-rayi-icin;5302038;RITTAL;Rittal VX 5302038 Montaj dirseği kombinasyon rayı;
rittal-vx-5302120-kablo-yonlendiricisi-g-145-mm-d-2000-mm;5302120;RITTAL;Rittal VX 5302120 Kablo yönlendiricisi;
rittal-vx-5302122-kablo-yonlendiricisi-g-145-mm-d-2200-mm;5302122;RITTAL;Rittal VX 5302122 Kablo yönlendiricisi;
rittal-vx-5302322-kablo-yonlendiricisi-g-265-mm-d-2000-mm;5302322;RITTAL;Rittal VX 5302322 Kablo yönlendiricisi;
vx-8106760-emc-yan-paneller-vx-icin;8106760;RITTAL;Rittal VX 8106760 EMC yan paneller VX için;
vx-8108760-emc-yan-paneller-vx-icin;8108760;RITTAL;Rittal VX 8108760 EMC yan paneller VX için;
vx-8618200-comfort-handle-vx-for-vx-vx-it;8618200;RITTAL;Rittal VX 8618200;
vx-8618201-comfort-handle-vx-for-vx-vx-it;8618201;RITTAL;Rittal VX 8618201 Comfort handle;
vx-8618220-comfort-handle-vx-for-vx-vx-it;8618220;RITTAL;Rittal VX 8618220;
vx-8618230-comfort-handle-vx-for-vx-vx-it;8618230;RITTAL;Rittal VX 8618230;
vx-8618231-comfort-handle-vx-for-vx-vx-it;8618231;RITTAL;Rittal VX 8618231;
vx-8618240-comfort-handle-vx-for-vx-vx-it;8618240;RITTAL;Rittal VX 8618240;
vx-8618250-comfort-handle-vx-for-vx-vx-it;8618250;RITTAL;Rittal VX 8618250;
vx-8618251-comfort-handle-vx-for-vx-vx-it;8618251;RITTAL;Rittal VX 8618251;
vx-8618270-comfort-handle-vx-for-vx-vx-it;8618270;RITTAL;Rittal VX 8618270;
vx-8618280-comfort-handle-vx-for-vx-vx-it;8618280;RITTAL;Rittal VX 8618280;
vx-8618300-lock-inserts-for-handles-and-enclosures;8618300;RITTAL;Rittal VX 8618300;
vx-8618301-lock-inserts-for-handles-and-enclosures;8618301;RITTAL;Rittal VX 8618301;
vx-8618302-lock-inserts-for-handles-and-enclosures;8618302;RITTAL;Rittal VX 8618302;
vx-8618303-lock-inserts-for-handles-and-enclosures;8618303;RITTAL;Rittal VX 8618303;
vx-8618304-lock-inserts-for-handles-and-enclosures;8618304;RITTAL;Rittal VX 8618304;
vx-8618305-lock-inserts-for-handles-and-enclosures;8618305;RITTAL;Rittal VX 8618305 Lock inserts for enclosures;
vx-8618306-lock-inserts-for-handles-and-enclosures;8618306;RITTAL;Rittal VX 8618306 Lock inserts for handles;
vx-8618307-lock-inserts-for-handles-and-enclosures;8618307;RITTAL;Rittal VX 8618307;
vx-8618308-lock-inserts-for-handles-and-enclosures;8618308;RITTAL;Rittal VX 8618308 Lock inserts for handles;
rittal-vx-8618330-180deg-hinges-mentese;8618330;RITTAL;Rittal VX 8618330 180° hinges / Menteşe;
rittal-vx-8618335-180deg-hinges-mentese;8618335;RITTAL;Rittal VX 8618335 180° hinges / Menteşe;
rittal-vx-8618340-180deg-hinges-mentese;8618340;RITTAL;Rittal VX 8618340 180° hinges / Menteşe;
rittal-vx-8618420-destek-tekerlegi-vx-icin;8618420;RITTAL;Rittal VX 8618420 Destek tekerleği VX için;
rittal-vx-8618425-kacis-yollari-icin-kapi-tutucusu;8618425;RITTAL;Rittal VX 8618425 Kaçış yolları için kapı tutucusu;
rittal-vx-8618430-kapi-tutucusu-vx-icin;8618430;RITTAL;Rittal VX 8618430 Kapı tutucusu VX için;
vx-8618460-locking-bar-latch-to-cnomo1-for-vx;8618460;RITTAL;Rittal VX 8618460 Locking bar latch to CNOMO¹;
rittal-vx-8618800;8618800;RITTAL;Rittal VX 8618800 Kablo girişi için profil;
rittal-vx-8618801;8618801;RITTAL;Rittal VX 8618801 Kablo girişi için profil;
rittal-vx-8618802;8618802;RITTAL;Rittal VX 8618802 Kablo girişi için profil;
rittal-vx-8618803;8618803;RITTAL;Rittal VX 8618803 Kablo girişi için profil;
rittal-vx-8618804;8618804;RITTAL;Rittal VX 8618804 Kablo girişi için profil;
rittal-vx-8618810;8618810;RITTAL;Rittal VX 8618810 Kablo girişi için profil;
rittal-vx-8618811;8618811;RITTAL;Rittal VX 8618811 Kablo girişi için profil;
rittal-vx-8618812;8618812;RITTAL;Rittal VX 8618812 Kablo girişi için profil;
rittal-vx-8618813;8618813;RITTAL;Rittal VX 8618813 Kablo girişi için profil;
rittal-vx-8618814;8618814;RITTAL;Rittal VX 8618814 Kablo girişi için profil;
rittal-vx-8619400-kablo-tutucu-ray-vx-ts-se-pc-baza-sistemi-vx-icin-dirsek-profil-g-400-mm-u-354-mm;8619400;RITTAL;Rittal VX 8619400 Kablo tutucu ray;
rittal-vx-8619410-kablo-tutucu-ray-vx-ts-se-pc-baza-sistemi-vx-icin-dirsek-profil-g-600-mm-u-554-mm;8619410;RITTAL;Rittal VX 8619410 Kablo tutucu ray;
rittal-vx-8619420-kablo-tutucu-ray-vx-ts-se-pc-baza-sistemi-vx-icin-dirsek-profil-g-800-mm-u-754-mm;8619420;RITTAL;Rittal VX 8619420 Kablo tutucu ray;
rittal-vx-8619430-kablo-tutucu-ray-vx-ts-se-pc-baza-sistemi-vx-icin-dirsek-profil-g-1000-mm-u-954-mm;8619430;RITTAL;Rittal VX 8619430 Kablo tutucu ray;
rittal-vx-8619440-kablo-tutucu-ray-vx-ts-se-pc-baza-sistemi-vx-icin-dirsek-profil-g-1200-mm-u-1154-mm;8619440;RITTAL;Rittal VX 8619440 Kablo tutucu ray;
rittal-vx-8619450-kablo-tutucu-ray-vx-ts-se-pc-baza-sistemi-vx-icin-dirsek-profil-g-1600-mm-u-1554-mm;8619450;RITTAL;Rittal VX 8619450 Kablo tutucu ray;
rittal-vx-8619460-kablo-tutucu-ray-vx-ts-se-pc-baza-sistemi-vx-icin-dirsek-profil-g-1800-mm-u-1754-mm;8619460;RITTAL;Rittal VX 8619460 Kablo tutucu ray;
vx-8800695-emc-koruyucu-contasi-vx-icin;8800695;RITTAL;Rittal VX 8800695 EMC koruyucu contası VX için;
rittal-vx-8800755-kablo-kanali-50-mm-80-mm-2000-mm-montaj-plakalari-icin;8800755;RITTAL;Rittal VX 8800755 Kablo kanalı montaj plakaları için;
rittal-vx-8800770-izolasyon-kapagi-vida-kafasi-icin;8800770;RITTAL;Rittal VX 8800770 İzolasyon kapağı Vida kafası için;
sk-grille-12;3398115;RITTAL;RİTTAL 3398115 Grille;
sk-2541235-rittal-hava-delikli-celik-sac-panjur;2541235;RITTAL;SK 2541235 Rittal Hava Delikli Çelik Sac Panjur;
sk-2542235-rittal-hava-delikli-celik-sac-panjur;2542235;RITTAL;SK 2542235 Rittal Hava Delikli Çelik Sac Panjur;
sk-2543235-rittal-hava-delikli-celik-sac-panjur;2543235;RITTAL;SK 2543235 Rittal Hava Delikli Çelik Sac Panjur;
rittal-sk-3102115-enclosure-heaters-inc-fan;3102115;RITTAL;SK 3102115 Enclosure heaters Inc.Fan;
sk-3105-310-pano-isiticisi-fansiz;3105310;RITTAL;SK 3105.310 Rittal Isıtıcı 8-10 W;
sk-3105-320-rittal-isitici-18-20-w;3105.320;RITTAL;SK 3105.320 Rittal Isıtıcı 18-20 W;
sk-3105-330-rittal-isitici-23-30w;3105.330;RITTAL;SK 3105.330 Rittal Isıtıcı 23-30W;
sk-3105-340-rittal-isitici-49-50-w;3105.340;RITTAL;SK 3105.340 Rittal Isıtıcı 49-50 W;
sk-3105-350-rittal-isitici-63-75-w;3105.350;RITTAL;SK 3105.350 Rittal Isıtıcı 63-75 W,;
sk-3105-360-rittal-fansiz-isitici-86-100-w;3105360;RITTAL;SK 3105.360 Rittal Fansız Isıtıcı 86-100 W;
sk-3105-370-rittal-isitici-130-150-w;3105.370;RITTAL;SK 3105.370 Rittal Isıtıcı 130-150 W;
sk-3105-380-pano-isiticisi-fanli;3105.380;RITTAL;SK 3105.380 Rittal Fanlı Isıtıcı 250 W;
sk-3105-390-rittal-fanli-isitici-400-w;3105.390;RITTAL;SK 3105.390 Rittal Fanlı Isıtıcı 400 W;
sk-3105400-rittal-fanli-isitici-800-w;3105400;RITTAL;SK 3105400 Rittal Fanlı Isıtıcı 800 W;
sk-3105410-rittal-fanli-isitici-250-w;250;RITTAL;SK 3105410 Rittal Fanlı Isıtıcı 250 W;
sk-3105420-rittal-fanli-isitici-400-w;3105420;RITTAL;SK 3105420 Rittal Fanlı Isıtıcı 400 W;
sk-3108024-rittal-dahili-fan;3108024;RITTAL;SK 3108024 Rittal Dahili Fan;
sk-3108100-rittal-dahili-fan;3108100;RITTAL;SK 3108100 Rittal Dahili Fan;
sk-3108115-rittal-dahili-fan;3108115;RITTAL;SK 3108115 Rittal Dahili Fan;
rittal-sk-3110100-thermostat;3110100;RITTAL;SK 3110100 Thermostat;
sk-montaj-elemani-termostat-ve-hidrostat-icin;3110200;RITTAL;SK 3110200 Rittal Yedek Parça;
sk-dijital-termometre-termostat;3114200;RITTAL;SK 3114200 Dijital Termometre Termostat;
rittal-sk-3118100-hygrostat;3118100;RITTAL;SK 3118100 Hygrostat;
sk-fan-hiz-kontrol-cihazi-100-230v-50-60hz;3120200;RITTAL;SK 3120200 Fan Hız Kontrol Cihazı;
rittal-sk-3121000-therm-software-project-planning-monitoring;3121000;RITTAL;SK 3121000 Therm software Project planning/monitoring;
sk-kontrol-ve-duzenleme-sistemi-klimalar-icin;3124100;RITTAL;SK 3124100 Yedek Parça;
sk-arayuz-baglanti-unitesi-klimalar-icin;3124200;RITTAL;SK 3124200 Arayüz Bağlantı Ünitesi;
iot-interface;3124300;RITTAL;SK 3124300 Yedek Parça;
blue-e-adaptor-for-iot-interface;3124310;RITTAL;SK 3124310 Yedek Parça;
sk-external-temperature-sensor-blue-e;3124400;RITTAL;SK 3124400 Rittal Isı Sensörü;
sk-3126-100-isi-degistirici-duvar-monteli-17-5w-k-230v;3126.100;RITTAL;SK 3126.100 Isı değiştirici duvar monteli, 17,5W/K, 230V;
sk-3126-115-rittal-hava-hava-isi-esanjoru-toptherm-regulasyonlu-duvar-ekle;3126.115;RITTAL;SK 3126.115 TopTherm Regülasyonlu Duvar Eklentisi;
sk-3127-100-rittal-isi-degistirici-duvar-monteli-30w-k-230v;3127100;RITTAL;SK 3127.100 Rittal Isı değiştirici, duvar monteli, 30W/K;
sk-3127-115-rittal-hava-hava-isi-esanjoru-toptherm-regulasyonlu-duvar-eklentisi;3127.115;RITTAL;SK 3127.115 TopTherm Regülasyonlu Duvar Eklentisi;
sk-3128-100-rittal-isi-degistirici-duvar-monteli-45w-k-230v;3128100;RITTAL;SK 3128.100 Rittal Isı değiştirici, duvar monteli, 45W/K;
sk-3128-115-rittal-hava-hava-isi-esanjoru-toptherm-regulasyonlu-duvar-eklentisi;3128115;RITTAL;SK 3128.115 TopTherm Regülasyonlu Duvar Eklentisi;
sk-3128410-air-air-heat-exchangers;3128410;RITTAL;SK 3128410 Air/air heat exchangers;
sk-3128424-air-air-heat-exchangers;3128424;RITTAL;SK 3128424 Air/air heat exchangers;
sk-3129-100-sk-isi-degistirici-duvar-monteli-60w-k-230v;3129.100;RITTAL;SK 3129.100 SK Isı değiştirici, duvar monteli, 60W/K,;
sk-3129115-rittal-hava-hava-isi-esanjoru-toptherm-regulasyonlu-duvar-eklentisi;3129.115;RITTAL;SK 3129115 Rittal TopTherm regülasyonlu duvar eklentisi;
sk-3129410-air-air-heat-exchangers;3129410;RITTAL;SK 3129410 Air/air heat exchangers;
sk-3130-100-sk-isi-degistirici-duvar-monteli-90w-k-230v;3130.100;RITTAL;SK 3130.100 SK Isı değiştirici, duvar monteli, 90W/K;
sk-3130-115-rittal-hava-hava-isi-esanjoru-toptherm-regulasyonlu-duvar-eklentisi;3130.115;RITTAL;SK 3130.115 Rittal Eşanjör Rregülasyonlu duvar eklentisi;
sk-3130410-air-heat-exchangers;3130410;RITTAL;SK 3130410 Air/air heat exchangers;
sk-3130424-air-air-heat-exchangers;3130424;RITTAL;SK 3130424 Air/air heat exchangers;
sk-3138-000;3138.000;RITTAL;SK 3138.000 Rittal Tavan Monteli Fan;
sk-3139-100-rittaltavan-monteli-fan-500m3-h-230v-1-50-60hz;3139.100;RITTAL;SK 3139.100 RittalTavan Monteli Fan, 500m³/h, 230V;
sk-3139-110-rittaltavan-monteli-fan-500m3-h-115v-1-50-60hz;3139.110;RITTAL;SK 3139.110 RittalTavan Monteli Fan, 500m³/h, 115V;
sk-3140-100-rittaltavan-monteli-fan-800-m3-h-230-v-1-50-60-hz;3140.100;RITTAL;SK 3140.100 RittalTavan Monteli Fan, 800 m³/h, 230 V;
sk-3140-110-rittaltavan-monteli-fan-800-m3-h-115-v-1-50-60-hz;3140.110;RITTAL;SK 3140.110 RittalTavan Monteli Fan, 800 m³/h, 115 V;
sk-3140-140-rittal-tavan-monteli-fan-800-m3-h-400-v-3-50-60-hz;3140.140;RITTAL;SK 3140.140 Rittal Tavan Monteli Fan, 800 m³/h, 400 V;
sk-3140-500-rittal-tavan-monteli-fan-1000-m3-h-200-240-v-1-50-60-hz;3140.500;RITTAL;SK 3140.500 Tavan Monteli Fan, 1000 m³/h, 200-240 V;
sk-3144-000-rittal-yatay-monteli-fan-320-m3-h-230-v-19-montaj;3144.000;RITTAL;SK 3144.000 Rittal Yatay monteli fan, 320 m³/h, 230 V, 19'';
sk-3145-000-rittal-yatay-monteli-fan-320-m3-h-115-v-19-montaj;3145.000;RITTAL;SK 3145.000 Rittal Yatay monteli fan 320 m³/h 19'';
sk-cd-ridiag-ii-sk-3159-100;3159.100;RITTAL;SK 3159.100 Teşhis ve Analiz Yazılımı;
sk-3159300-ri-diag-software-for-rittal-blue-e;3159300;RITTAL;SK 3159300 Software Yazılım;
sk-3171100-rittal-yedek-filtre-elyafi;3171100;RITTAL;SK 3171100 Rittal Yedek Filtre Elyafı;
sk-3171105-rittal-filtre-mati;3171105;RITTAL;SK 3171105 Rittal Filtre Matı;
sk-3172100-rittal-yedek-filtre-elyafi;3172100;RITTAL;SK 3172100 Rittal Yedek Filtre Elyafı;
sk-3172105-rittal-yedek-filtre-elyafi;3172105;RITTAL;SK 3172105 Rittal Yedek Filtre Elyafı;
rittal-filtre-mati;3173.100;RITTAL;SK 3173100 Rittal Filtre Matı;
sk-3173105-rittal-yedek-filtre-elyafi;3173105;RITTAL;SK 3173105 Rittal Yedek Filtre Elyafı;
sk-3174000-rittal-filtre-mati;3174000;RITTAL;SK 3174000 Rittal Filtre Matı;
sk-3174100-rittal-yedek-filtre-elyafi;3174100;RITTAL;SK 3174100 Rittal Yedek Filtre Elyafı;
sk-3175000-rittal-filtre-tutucu;3175000;RITTAL;SK 3175000 Rittal Filtre Tutucu;
sk-3176000-rittal-on-cikis-izgarasi;3176000;RITTAL;SK 3176000 Rittal Ön Çıkış Izgarası;
sk-filtre-mati-sk-3144-3145-santrifuj-fanlari-ve-sk-3176-on-cikis-izgarasi-icin;3177000;RITTAL;SK 3177000 Rittal Filtre Elyafı;
sk-3178-800-wall-mounted-cooling-unit-blue-e-s-0-3-kw;3178.800;RITTAL;SK 3178800 Wall-mounted cooling unit Blue e+ S 0.3 kW;
sk-3178801-wall-mounted-cooling-unit-blue-e-s-0-3-kw;3178801;RITTAL;SK 3178801 Wall-mounted cooling unit Blue e+ S 0.3 kW;
sk-3179800-duvara-monte-sogutma-unitesi-blue-e-s-0-5-kw;3179800;RITTAL;SK 3179800 Duvara monte soğutma ünitesi Blue e+ S 0,5 kW;
sk-3179801-duvara-monte-sogutma-unitesi-blue-e-s-0-5-kw;3179801;RITTAL;SK 3179801 Duvara monte soğutma ünitesi Blue e+ S 0,5 kW;
sk-3181100-rittal-ince-filtre-mati;3181100;RITTAL;SK 3181100 Rittal İnce Filtre Matı;
sk-3182100-rittal-ince-filtre-mati;3182100;RITTAL;SK 3182100 Rittal İnce Filtre Matı;
sk-3183100-rittal-ince-filtre-mati;3183100;RITTAL;SK 3183100 Rittal İnce Filtre Matı;
sk-3184800-duvara-monte-sogutma-unitesi-blue-e-s-1-kw;3184800;RITTAL;SK 3184800 Duvara monte soğutma ünitesi Blue e+ S 1 kW;
sk-3184840-duvara-monte-sogutma-unitesi-blue-e-s-1-kw;3184840;RITTAL;SK 3184840 Duvara monte soğutma ünitesi Blue e+ S 1 kW;
sk-3185-830-yan-pnl-kapi-monteli-pano-klimasi-1500w-blue-e;3185.830;RITTAL;SK 3185.830 Yan pnl-kapı Pano Kliması 1500W Blue e+;
rittal-sk-3185030-vx25-blue-e-integration-solution-output-class-1300-w;3185030;RITTAL;SK 3185030 Blue e+ integration solution 1300 W;
rittal-sk-3185330-wall-mounted-cooling-unit-blue-e-outdoor-1500w;3185330;RITTAL;SK 3185330 Blue e + dış mekan 1500W;
rittal-sk;3185530;RITTAL;SK 3185530 Wall-mounted cooling units Blue e+ 1600 W;
rittal-sk-3185730-blue-e-roof-mounted-cooling-unit-output-class-1300-w;1300;RITTAL;SK 3185730 Blue e+ roof-mounted cooling 1300 W;
rittal-sk-3186630-wall-mounted-cooling-units-blue-e-output-class-2000-w;3186630;RITTAL;SK 3186630 Wall-mounted cooling units Blue e+2000 W;
sk-3187-930-sk-yan-pnl-kapi-monteli-pano-klimasi-2600w-blue-e;3187.930;RITTAL;SK 3187.930 Yan pnl-kapı Monteli Pano Kliması, 2600W;
rittal-sk-3187630-wall-mounted-cooling-units-blue-e-output-class-2600-w;3187630;RITTAL;SK 3187630 Wall-mounted cooling units Blue e+ 2600 W;
sk-3188-940-sk-yan-pnl-kapi-monteli-pano-klimasi-4200w-blue-e;3188.940;RITTAL;SK 3188.940 Rittal Pano Kliması, 4200W, Blue e +;
rittal-sk-3188640-wall-mounted-cooling-units-blue-e-output-class-2000-w;3188640;RITTAL;SK 3188640 Wall-mounted cooling units Blue e+ 2000 W;
sk-3189-940-rittal-yan-pnl-kapi-monteli-pano-klimasi-5800w-blue-e;3189.940;RITTAL;SK 3189.940 Rittal Blue e+Pano Kliması 5800W;
rittal-sk-3189640-wall-mounted-cooling-units-blue-e-output-class-2600-w;3189640;RITTAL;SK 3189640 Blue e+ 2600 W;
sk-3201-200-rittal-termoelektrik-pano-klimasi-100w-230v;3201.200,sk;RITTAL;SK 3201.200 Rittal Termoelektrik Pano Kliması, 100W;
sk-3201-300-rittal-termoelektrik-pano-klimasi-100w-24-v;3201.300;RITTAL;SK 3201.300 Rittal Termoelektrik Pano Kliması, 100W;
sk-3201-300-rittal-termoelektrik-pano-klimasi-100w;3201.300,sk;RITTAL;SK 3201.300 Rittal Termoelektrik Pano Kliması, 100W;
sk-3201-900-rittal-hava-su-isi-degistirici-icin-baglanti-parcasi;3201.900;RITTAL;SK 3201.900 Rittal Yedek Parça;
sk-3201050-rittal-yedek-filtre-elyafi;3201050;RITTAL;SK 3201050 Rittal Yedek Filtre Elyafı;
sk-master-hlave-adaptoru-sk-3201-200-300-icin;3201070;RITTAL;SK 3201070 Yedek Parça;
sk-enclosure-cooling-unit-230v-air-conditioner-220w-3201-100;3201.100,sk;RITTAL;SK 3201100 230V Air Conditioner Pano Kliması 220W;
rittal-sk-3201800-modular-climate-control-concept-climate-control-door-vx25;3201800;RITTAL;SK 3201800;
rittal-sk-3201810-modular-climate-control-concept-climate-control-door-vx25;3201810;RITTAL;SK 3201810;
rittal-sk-3201820-modular-climate-control-concept-climate-control-door-vx25;3201820;RITTAL;SK 3201820;
rittal-sk-3201830-modular-climate-control-concept-climate-control-door-vx25;3201830;RITTAL;SK 3201830;
rittal-sk-3201840-modular-climate-control-concept-climate-control-door-vx25;3201840;RITTAL;SK 3201840;
rittal-sk-3201850-modular-climate-control-concept-climate-control-door-vx25;3201850;RITTAL;SK 3201850 Modular climate control concept;
rittal-sk-3201910-threaded-adaptor-for-quick-release-fastener;3201910;RITTAL;SK 3201910;
sk-toroidal-transformator-birincil-baglanti-115v-ikincil-baglanti-230-v-1-50-60hz;3201960;RITTAL;SK 3201960 Yedek Parça;
sk-toroidal-transformator-birincil-baglanti-400v-ikincil-baglanti-230-v-1-50-60hz;3201970;RITTAL;SK 3201970 Yedek Parça;
sk-3201990-rittal-baglanti-kiti;3201990;RITTAL;SK 3201990 Rittal Bağlantı Kiti;
sk-3204-100-rittal-yatay-monteli-pano-klimasi-300w;33204.100;RITTAL;SK 3204.100 Yatay Monteli Pano Kliması 300W;
sk-3209-100;3209.100;RITTAL;SK 3209.100 Chiler Isı değiştirici tavan monte 2500W;
sk-3209-104-chiler-sogutma-sk-isi-degistirici-tavan-monteli-1875w-230v-basic;3209.104;RITTAL;SK 3209.104 Chiler Tavan monteli Isı Değiştirici;
sk-3209-110-chiler-sogutma-sk-rtt-a-w-heat-exch-r-mounted-2500-w;3209110;RITTAL;SK 3209.110 Rittal Chiler Soğutma 2500 W;
sk-3209-114-chiler-sogutma;3209.114;RITTAL;SK 3209.114 Chiler Soğutma;
sk-3209-140-chiler-sogutma;3209.140;RITTAL;SK 3209.140 Chiler Soğutma;
sk-chiler-sogutma-3209-144;3209.144;RITTAL;SK 3209.144 Chiler Soğutma;
sk-3209-500-chiler-sogutma-sk-isi-degistirici-tavan-monteli-2500w-230v-komfort;3209.500;RITTAL;SK 3209.500 Chiler Soğutma 2500W Komfort;
sk-3209-504-chiler-sogutma-sk-isi-degistirici-tavan-monteli-1875w-230v-komfort;3209.504;RITTAL;SK 3209.504 Chiler Soğutma 1875W, 230V;
sk-3209-510-chiler-sogutma-sk-rtt-a-w-heat-exch-r-mounted-2500-w;3209.510;RITTAL;SK 3209.510 Chiler Soğutma 2500 W;
sk-3209-514-chiler-sogutma;3209.514;RITTAL;SK 3209.514 Chiler Soğutma;
sk-3209-540-chiler-sogutma;3209.540;RITTAL;SK 3209.540 Chiler Soğutma;
sk-3209-544-chiler-sogutma;3209.544;RITTAL;SK 3209.544 Chiler Soğutma;
sk-3210-100-chiler-sogutma-sk-isi-degistirici-tavan-monteli-4000w-230v-basic;3210.100;RITTAL;SK 3210.100 Chiler Soğutma Tavan Monteli;
sk-3210-104-chiler-sogutma-sk-isi-degistirici-tavan-monteli-3000w-230v-basic;3210.104;RITTAL;SK 3210.104 Isı Değiştirici Tavan Monteli Chiller;
sk-3210-110-chiler-sogutma-sk-rtt-a-w-heat-exch-r-mounted-4000-w;3210.110;RITTAL;SK 3210.110 Chiler Soğutma 4000 W;
sk-3210-114-rittal-chiler-sogutma;3210.114;RITTAL;SK 3210.114 Rittal Chiler Soğutma;
sk-3210-140-chiler-sogutma-sk-isi-degistirici-tavan-monteli-4000w-400v-basic;3210.140;RITTAL;SK 3210.140 Chiler Tavan Monteli Isı Değiştirici;
sk-3210-144-chiler-sogutma;3210.144;RITTAL;SK 3210.144 Chiler Soğutma;
sk-3210-500-chiler-sogutma-sk-isi-degistirici-tavan-monteli-4000w-230v-komfort;3210.500;RITTAL;SK 3210.500 Chiler Soğutma Isı Değiştirici;
sk-3210-504-chiler-sogutma-sk-isi-degistirici-tavan-monteli-3000w-230v-komfort;3000W;RITTAL;SK 3210.504 Chiler Soğutma;
sk-3210-510-chiler-sogutma-sk-rtt-a-w-heat-exch-r-mounted-4000-w;3210.510;RITTAL;SK 3210.510 Chiler Soğutma 4000 W;
sk-3210-514-chiler-sogutma;3210.514;RITTAL;SK 3210.514 Rittal Chiler Soğutma;
sk-3210-540-sk-chiler-sogutma-isi-degistirici-tavan-monteli-4000w-400v-komfort;3210.540;RITTAL;SK 3210.540 Chiler Soğutma Isı Değiştirici;
sk-3210-544-chiler-sogutma;3210.544;RITTAL;SK 3210.544 Chiler Soğutma;
sk-3212-024;3212.024;RITTAL;SK 3212.024 Chiler Isı Değiştirici duvar monteli 300W;
sk-3212-115-chiler-sogutucu-isi-degistirici-hava-su-duvar-monteli-300w-115v;3212115;RITTAL;SK 3212.115 Chiler Soğutucu Duvar Monteli, 300W, 115V;
sk-3212-230-chiler-sogutucu-isi-degistirici-hava-su-duvar-monteli-300w-230v;3212230;RITTAL;SK 3212.230 Chiler Soğutucu Duvar Monteli, 300W, 230V;
sk-3213310-rittal-hava-yonlendirici;3213310;RITTAL;SK 3213310 Rittal Hava Yönlendirici;
sk-3213320-rittal-hava-yonlendirici;3213320;RITTAL;SK 3213320 Rittal Hava Yönlendirici;
sk-3213330-rittal-hava-yonlendirici;3213330;RITTAL;SK 3213330 Rittal Hava Yönlendirici;
sk-3214-100-chiler-sogutucu-isi-degistirici-hava-su-duvar-monteli-600w-230v;3214.100;RITTAL;SK 3214.100 Chiler Soğutucu Isı Değiştirici 600W, 230V;
sk-3214-700-rittal-chiler-sogutucu-isi-degistirici-hava-su-duvar-monteli-600-650w-230v-hd-versiyon;3214.700;RITTAL;SK 3214.700 Rittal Chiler Soğutucu Duvar Monteli;
sk-3215-100-chiler-sogutucu-isi-degistirici-hava-su-duvar-monteli-1250w-230v;3215.100;RITTAL;SK 3215.100 Chiler Soğutucu 1250W, 230V;
sk-3215-700-rittal-chiler-sogutucu-isi-degistirici-hava-su-duvar-monteli-1000-1200w-230v-hd-versiyon;3215.700;RITTAL;SK 3215.700 Rittal Chiler Soğutucu 1000/1200W;
sk-3216-480-rittal-chiler-sogutucu;3216.480;RITTAL;SK 3216.480 Rittal Chiler Soğutucu;
rittal-3216100-a-w-heat-exchanger-wall-discontinued;3216100;RITTAL;SK 3216100 Klima Eşanjör Duvarı;
air-water-heat-exchangers-3216470-wall-mounted-useful-cooling-output-7000-w;3216470;RITTAL;SK 3216470;
rittal-3217100-a-w-heat-exchanger-wall-discontinued;3217100;RITTAL;SK 3217100 A/W Heat Exchanger Wall;
rittal-3218100-a-w-heat-exchanger-wall-discontinued;3218100;RITTAL;SK 3218100 Klima Eşanjör Duvarı;
rittal-3218104-a-w-heat-exchanger-wall-discontinued;3218104;RITTAL;SK 3218104 Klima Eşanjör Duvarı;
sk-3220000-rittal-hava-yonlendirici-air-duct;3220000;RITTAL;SK 3220000 Rittal Hava Yönlendirici Air duct;
rittal-sk-3232700-chillers-for-it-cooling;3232700;RITTAL;SK 3232700 Chillers for IT cooling;
rittal-sk-3232710-chillers-for-it-cooling;3232710;RITTAL;SK 3232710 Chillers for IT cooling;
rittal-sk-3232720-chillers-for-it-cooling;3232720;RITTAL;SK 3232720 Chillers for IT cooling;
rittal-sk-3232730-chillers-for-it-cooling;3232730;RITTAL;SK 3232730 Chillers for IT cooling;
rittal-sk-3232740-chillers-for-it-cooling;3232740;RITTAL;SK 3232740 Chillers for IT cooling;
rittal-sk-3232750-chillers-for-it-cooling;3232750;RITTAL;SK 3232750 Chillers for IT cooling;
rittal-sk-3232760-chillers-for-it-cooling;3232760;RITTAL;SK 3232760 Chillers for IT cooling;
rittal-sk-3232770-chillers-for-it-cooling;3232770;RITTAL;SK 3232770 Chillers for IT cooling;
rittal-sk-3232780-chillers-for-it-cooling;3232780;RITTAL;SK 3232780 Chillers for IT cooling;
rittal-sk-3232790-chillers-for-it-cooling;3232790;RITTAL;SK 3232790 Chillers for IT cooling;
rittal-sk-3232800-chillers-for-it-cooling;3232800;RITTAL;SK 3232800 Chillers for IT cooling;
rittal-sk-3232810-chillers-for-it-cooling;3232810;RITTAL;SK 3232810 Chillers for IT cooling;
rittal-sk-3232820-chillers-for-it-cooling;3232820;RITTAL;SK 3232820 Chillers for IT cooling;
rittal-sk-3232830-chillers-for-it-cooling;3232830;RITTAL;SK 3232830 Chillers for IT cooling;
rittal-sk-3232840-chillers-for-it-cooling;3232840;RITTAL;SK 3232840 Chillers for IT cooling;
rittal-sk-3232850-chillers-for-it-cooling;3232850;RITTAL;SK 3232850 Chillers for IT cooling;
rittal-sk-3232860-chillers-for-it-cooling;3232860;RITTAL;SK 3232860 Chillers for IT cooling;
rittal-sk-3232870-chillers-for-it-cooling;3232870;RITTAL;SK 3232870 Chillers for IT cooling;
rittal-sk-3232880-chillers-for-it-cooling;3232880;RITTAL;SK 3232880 Chillers for IT cooling;
rittal-sk-3232890-chillers-for-it-cooling;3232890;RITTAL;SK 3232890 Chillers for IT cooling;
rittal-sk-3232900-water-water-heat-exchangers;3232900;RITTAL;SK 3232900 Water/water heat exchangers;
rittal-sk-3232910-water-water-heat-exchangers;3232910;RITTAL;SK 3232910 Water/water heat exchangers;
rittal-sk-3232920-water-water-heat-exchangers;3232920;RITTAL;SK 3232920 Water/water heat exchangers;
rittal-sk-3232930-water-water-heat-exchangers;3232930;RITTAL;SK 3232930 Water/water heat exchangers;
rittal-sk-3232940-water-water-heat-exchangers;3232940;RITTAL;SK 3232940 Water/water heat exchangers;
rittal-sk-3232950-water-water-heat-exchangers;3232950;RITTAL;SK 3232950 Su Isı Eşanjörü;
rittal-sk-3232960-water-water-heat-exchangers;3232960;RITTAL;SK 3232960 Su Isı Eşanjörü;
sk-hiz-kontrol-kumandasi-ec-fan-filtre-icin;3235440;RITTAL;SK 3235440 Hız Kontrol Kumandası;
sk-hiz-kontrol-sensoru-ec-fan-filtre-icin;3235450;RITTAL;SK 3235450 Hız Kontrol Sensörü;
sk-3236124-rittal-mini-fan;3236124;RITTAL;SK 3236124 Rittal Mini Fan;
sk-3237-100;54,IP55;RITTAL;SK 3237.100 Rittal Fan-filtre, 20m³/h, 230V;
sk-fan-filtre-20m3-h-115v-sk-3237-110;54,IP55;RITTAL;SK 3237.110 Rittal Fan-filtre, 20m³/h, 115V;
sk-3237-124;54,IP55;RITTAL;SK 3237.124 Rittal Fan-filtre, 20m³/h, 24VDC;
sk-3237-600-rittal-fan-filtre-20m3-h-230v-gy-116-5x116-5mm-emc;54,IP55;RITTAL;SK 3237.600 Rittal Fan-filtre, 20m³/h, 230V;
sk-3237020-rittal-bosluk-kapama-kapagi;3237020;RITTAL;SK 3237020 Rittal Boşluk Kapama Kapağı;
sk-3237060-rittal-cikis-filtresi;3237060;RITTAL;SK 3237060 Rittal Çıkış Filtresi;
sk-3237066-rittal-yedek-filtre-elyafi;3237066;RITTAL;SK 3237066 Rittal Yedek Filtre Elyafı;
sk-3237080-rittal-filtre-elyafi;3237080;RITTAL;SK 3237080 Rittal Filtre Elyafı;
sk-filtre-koruma-unitesi-paslanmaz-sk-3237-icin;3237080;RITTAL;SK 3237080 Rittal Koruma Ünitesi;
sk-3237200-rittal-cikis-filtresi;3237200;RITTAL;SK 3237200 Rittal Çıkış Filtresi;
sk-3238-100-sk-sk-fan-filtre-55m3-h-230v-gy-148-5x148-5mm;54,IP55;RITTAL;SK 3238.100 Rittal Fan-filtre, 55m³/h, 230V;
sk-3238-110sk-fan-filtre-55m3-h-115v-gy-148-5x148-5mm;54,IP55;RITTAL;SK 3238.110 Rittal Fan-filtre, 55m³/h, 115V;
sk-3238-124-sk-fan-filtre-55m3-h-115v-gy-148-5x148-5mm;54,IP55;RITTAL;SK 3238.124 RittalFan-filtre, 55m³/h, 24V (DC);
sk-3238-500-rittal-fan-filtre-55m3-h-230v-ec-teknolojili;54,IP55;RITTAL;SK 3238.500 Rittal Fan-filtre, 55m³/h, 230V, EC teknolojili;
sk-3238-600-rittal-fan-filtre-55m3-h-230v-emc;54,IP55;RITTAL;SK 3238.600 Rittal Fan-filtre, 55m³/h, 230V, EMC;
sk-3238020-rittal-bosluk-kapama-kapagi;3238020;RITTAL;SK 3238020 Rittal Boşluk Kapama Kapağı;
sk-3238055-rittal-filtre-mati;3238055;RITTAL;SK 3238055 Rittal Filtre Matı;
sk-3238060-rittal-cikis-filtresi;3238060;RITTAL;SK 3238060 Rittal Çıkış Filtresi;
sk-3238066-rittal-yedek-filtre-elyafi;3238066;RITTAL;SK 3238066 Rittal Yedek Filtre Elyafı;
sk-3238080-rittal-filtre-koruma-unitesi-paslanmaz-celik;3238080;RITTAL;SK 3238080 Rittal Filtre Koruma Ünitesi;
sk-3238200-rittal-cikis-filtresi;3238200;RITTAL;SK 3238200 Rittal Çıkış Filtresi;
sk-3239-100-sk-fan-filtre-55m3-h-115v-gy-148-5x148-5mm;54,IP55;RITTAL;SK 3239.100 Rittal Fan-filtre, 105m³/h, 230V,;
sk-3239-110sk-fan-filtre-105m3-h-115-v-gy-204x204-mm;54,IP55;RITTAL;SK 3239.110 Fan-filtre, 105m³/h, 115 V;
sk-3239-124;54,IP55;RITTAL;SK 3239.124 Rittal Fan-filtre, 105m³/h;
sk-3239-200-cikis-filtresi-standart;3239.200;RITTAL;SK 3239.200 Standart Çıkış Filtresi;
sk-3239-500-rittal-fan-filtre-105m3-h-230v-ec-teknolojili;54,IP55;RITTAL;SK 3239.500 Rittal Fan filtre 105m³/h, 230V, EC;
sk-3239-600-rittal-fan-filtre-105m3-h-230-v-emc;54,IP55;RITTAL;SK 3239.600 Rittal Fan-filtre, 105m³/h, 230 V, EMC;
sk-3239020-rittal-bosluk-kapama-kapagi;3239020;RITTAL;SK 3239020 Rittal Boşluk Kapama Kapağı;
sk-3239060-rittal-cikis-filtresi;3239060;RITTAL;SK 3239060 Rittal Çıkış Filtresi;
sk-3239066-rittal-yedek-filtre-elyafi;3239066;RITTAL;SK 3239066 Rittal Yedek Filtre Elyafı;
sk-3239080-rittal-filtre-koruma-unitesi-paslanmaz-celik;3239080;RITTAL;SK 3239080 Rittal Filtre Koruma Ünitesi;
sk-3239200-rittal-cikis-filtresi;3239200;RITTAL;SK 3239200 Rittal Çıkış Filtresi;
sk-3240-100-sk-fan-filtre-180m3-h-230v-gy-255x255-mm;54,IP55;RITTAL;SK 3240.100 Rittal Fan-filtre, 180m³/h, 230V;
sk-3240-110-sk-fan-filtre-180m3-h-115v-gy-255x255-mm;54,IP55;RITTAL;SK 3240.110 Rittal Fan-filtre, 180m³/h, 115V;
sk-3240-124-sk-fan-filtre-180m3-h-24v-dc-gy-255x255-mm;54,IP55;RITTAL;SK 3240.124 Rittal Fan-filtre, 180m³/h, 24V (DC);
sk-3240-500-rittal-fan-filtre-180m3-h-230v-ec-teknolojili;54,IP55;RITTAL;SK 3240.500 Rittal Fan-filtre 180m³/h 230V, EC teknoloji;
sk-3240-600-rittal-fan-filtre-180m3-h-230-v-emc;54,IP55;RITTAL;SK 3240.600 Rittal Fan-filtre, 180m³/h, 230 V, EMC;
sk-3240020-rittal-bosluk-kapama-kapagi;3240020;RITTAL;SK 3240020 Rittal Boşluk Kapama Kapağı;
sk-3240060-rittal-cikis-filtresi;3240060;RITTAL;SK 3240060 Rittal Çıkış Filtresi;
sk-3240066-rittal-yedek-filtre-elyafi;3240066;RITTAL;SK 3240066 Rittal Yedek Filtre Elyafı;
sk-3240080-rittal-paslanmaz-celik-filtre-koruma-unitesi;3240080;RITTAL;SK 3240080 Paslanmaz Çelik Filtre Koruma Ünitesi;
sk-3240200-rittal-cikis-filtresi;3240200;RITTAL;SK 3240200 Rittal Çıkış Filtresi;
sk-3241-100-sk-fan-filtre-230m3-h-230v-gy-255x255-mm;54,IP55;RITTAL;SK 3241.100 Rittal Fan-filtre, 230m³/h, 230V;
sk-3241-110-rittal-fan-filtre-230m3-h-115v-50-60hz;54,IP55;RITTAL;SK 3241.110 Rittal Fan-filtre, 230m³/h, 115V 50/60Hz;
sk-3241-124-rittal-fan-filtre-230m3-h-24v-dc;54,IP55;RITTAL;SK 3241.124 Rittal Fan-filtre, 230m³/h, 24V, DC;
sk-3241-500-rittal-fan-filtre-230m3-h-230v-ec-teknolojili;54,IP55;RITTAL;SK 3241.500 Rittal Fan-filtre 230m³/h 230V EC teknoloji;
sk-3241-600-rittal-emc-fan-filtre-230m3-h-230-v-emc;54,IP55;RITTAL;SK 3241.600 Rittal EMC Fan-filtre, 230m³/h, 230 V, EMC;
sk-3243-100-rittal-fan-filtre-550m3-h-230v-gy-323x323-mm;3243100;RITTAL;SK 3243.100 Rittal Fan-filtre, 550m³/h, 230V;
sk-3243-110-rittal-fan-filtre-550m3-h-115v-gy-323x323-mm;54,IP55;RITTAL;SK 3243.110 Rittal Fan-filtre, 550m³/h, 115V,;
sk-3243-500-rittal-fan-filtre-550m3-h-230v-ec-teknolojili;54,IP55;RITTAL;SK 3243.500 Rittal Fan-filtre 550m³/h 230V EC teknoloji;
sk-3243-600-rittal-fan-filtre-550m3-h-230-v-emc;54,IP55;RITTAL;SK 3243.600 Rittal Fan-filtre, 550m³/h, 230 V, EMC;
sk-3243020-rittal-bosluk-kapama-kapagi;3243020;RITTAL;SK 3243020 Rittal Boşluk Kapama Kapağı;
sk-3243060-rittal-cikis-filtresi;3243060;RITTAL;SK 3243060 Rittal Çıkış Filtresi;
sk-3243066-rittal-yedek-filtre-elyafi;3243.066;RITTAL;SK 3243066 Rittal Yedek Filtre Elyafı;
sk-3243080-rittal-hortum-suyu-kapagi;3243080;RITTAL;SK 3243080 Rittal Hortum Suyu Kapağı;
sk-3243200-rittal-cikis-filtresi;3243200;RITTAL;SK 3243200 Rittal Çıkış Filtresi;
sk-3244-100-rittal-fan-filtre-700m3-h-230v-gy-323x323-mm;54,IP55;RITTAL;SK 3244.100 Rittal Fan-filtre, 700m³/h, 230V;
sk-3244-110-rittalfan-filtre-700m3-h-115v-gy-323x323-mm;54,IP55;RITTAL;SK 3244.110 RittalFan-filtre, 700m³/h, 115V;
sk-3244-140-rittal-fan-filtre-770m3-h-460v-gy-323x323-mm;54,IP55;RITTAL;SK 3244.140 Rittal Fan-filtre, 770m³/h, 460V;
sk-3244-500-rittal-fan-filtre-700m3-h-230v-ec-teknolojili;54,IP55;RITTAL;SK 3244.500 Rittal Fan-filtre 700m³/h 230V EC teknoloji;
sk-3244-600-rittal-fan-filtre-770m3-h-230-v-emc;54,IP55;RITTAL;SK 3244.600 Rittal Fan-filtre, 770m³/h, 230 V, EMC;
sk-3245-500-rittal-fan-filtre-900-m3-h-230-v-ec-teknolojili;54,IP55;RITTAL;SK 3245.500 Rittal Fan-filtre 900 m³/h 230 V EC teknoloji;
sk-3245-510-rittal-fan-filtre-900m3-h-130v-ec-teknolojili;54,IP55;RITTAL;SK 3245.510 Rittal Fan-filtre 900m³/h 130V EC teknoloji;
sk-3245-600-rittal-fan-filtre-900m3-h-230-v-emc;54,IP55;RITTAL;SK 3245.600 Rittal Fan-filtre, 900m³/h, 230 V, EMC;
sk-3245080-rittal-filtre-koruma-unitesi;3245080;RITTAL;SK 3245080 Rittal Filtre Koruma Ünitesi;
rittal-3247000-a-w-heat-exchanger-wall;3247000;RITTAL;SK 3247000 A/W Heat Exchanger Wall;
sk-3248000-rittal-isi-degistirici-tavan-monteli-66w-k-230v;3248.000;RITTAL;SK 3248000 Rittal Isı değiştirici tavan monteli,66W/K,230V;
sk3253-filter-mats-pack-of-3;3253000;RITTAL;SK 3253000 Rittal Filtre Elyafı;
sk-3273-500-tavan-monteli-pano-klimasi-cok-sessiz-ofis-icin-1200w;3273500;RITTAL;SK 3273.500 Tavan Monteli Pano Kliması 1200W;
sk-3273-515-rittal-toptherm-blue-e-pano-klimasi;3273515;RITTAL;SK 3273.515 Rittal TopTherm Blue e Pano Kliması;
sk-filtre-mati-metal-sk-3300-icin;3284210;RITTAL;SK 3284210 Rittal Metal Filtre;
rittal-sk-3285700-pleated-filter;3285700;RITTAL;SK 3285700 Pleated filter;
rittal-sk-3285800-filter-mat-for-cooling-units-air-air-heat-exchangers-and-chillers;3285800;RITTAL;SK 3285800;
rittal-sk-3285810-metal-filter;3285810;RITTAL;SK 3285810 Metal filter;
sk-3285910-rittal-metal-filtre;3285910;RITTAL;SK 3285910 Rittal Metal Filtre;
rittal-sk-3285920-filter-mat-for-cooling-units-air-air-heat-exchangers-and-chillers;3285920;RITTAL;SK 3285920;
rittal-sk-3285930-metal-filter;3285930;RITTAL;SK 3285930 Metal filter;
sk-3285940-rittal-blue-e-chiller-icin-filtre;3285940;RITTAL;SK 3285940 Rittal Blue e+ Chiller için Filtre;
sk-3286100-rittal-elyaf-filtre;3286100;RITTAL;SK 3286100 Rittal Elyaf Filtre;
sk-3286110-rittal-filtre-elyafi;3286110;RITTAL;SK 3286110 Rittal Filtre Elyafı;
sk-3286120-rittal-metal-filtre;3286120;RITTAL;SK 3286120 Rittal Metal Filtre;
rittal-sk-3286230-metal-filters-for-air-air-heat-exchangers-wall-mounted-railway-compatible-version;3286230;RITTAL;SK 3286230;
rittal-sk-3286240-metal-filters-for-air-air-heat-exchangers-wall-mounted-railway-compatible-version;3286240;RITTAL;SK 3286240;
rittal-sk-3286250-metal-filters-for-air-air-heat-exchangers-wall-mounted-railway-compatible-version;3286250;RITTAL;SK 3286250;
rittal-sk-3286260-adjustable-frame;3286260;RITTAL;SK 3286260 Adjustable frame;
rittal-sk-3286270-adjustable-frame;3286270;RITTAL;SK 3286270;
rittal-sk-3286280-adjustable-frame;3286280;RITTAL;SK 3286280 Adjustable frame;
sk-3286300-rittal-filtre-elyafi;3286300;RITTAL;SK 3286300 Rittal Filtre Elyafı;
sk-3286310-rittal-metal-filtre;3286310;RITTAL;SK 3286310 Rittal Metal Filtre;
sk-3286400-rittal-filtre-elyafi;3286400;RITTAL;SK 3286400 Rittal Filtre Elyafı;
sk-3286410-rittal-metal-filtre;3286410;RITTAL;SK 3286410 Rittal Metal Filtre;
sk-3286500-rittal-filtre-elyafi;3286500;RITTAL;SK 3286500 Rittal Filtre Elyafı;
sk-3286510-rittal-metal-filtre;3286510;RITTAL;SK 3286510 Rittal Metal Filtre;
sk-3286520-rittal-metal-filtre-mati;3286520;RITTAL;SK 3286520 Rittal Metal Filtre Matı;
sk-3286530-rittal-metal-filtre-mati;3286530;RITTAL;SK 3286530 Rittal Metal Filtre Matı;
sk-3286540-rittal-metal-filtre;3286540;RITTAL;SK 3286540 Rittal Metal Filtre;
sk-3286550-rittal-metal-filtre;3286550;RITTAL;SK 3286550 Rittal Metal Filtre;
rittal-sk-3286560-metal-filter;3286560;RITTAL;SK 3286560 Metal filter;
rittal-sk-3286570-metal-filter;3286570;RITTAL;SK 3286570 Metal Filtre;
sk-3286600-rittal-yedek-filtre-elyafi;3286600;RITTAL;SK 3286600 Rittal Yedek Filtre Elyafı;
sk-3286610-rittal-metal-filtre;3286610;RITTAL;SK 3286610 Rittal Metal Filtre;
sk-hizli-degistirme-cercevesi-sk-3359-82-icin;3286700;RITTAL;SK 3286700 Hızlı Değiştirme Çerçevesi Quick-change frame;
sk-3286780-rittal-kapatma-tapasi;3286780;RITTAL;SK 3286780 Rittal Kapatma Tıpası;
sk-hizli-degistirme-cercevesi-3209-10-3383-84-85;3286800;RITTAL;SK 3286800 Hızlı Değiştirme Çerçevesi Quick-change frame;
sk-3286840-rittal-adaptor;3286840;RITTAL;SK 3286840 Rittal Hava Kanalı Adaptörü;
sk-3286850-rittal-hava-yonlendime-aparati;3286850;RITTAL;SK 3286850 Rittal Hava Yönlendime Aparatı;
sk-3286860-rittal-hava-yonlendime-kanali-1500-mm;3286860;RITTAL;SK 3286860 Rittal Hava Yönlendime Kanalı;
sk-hava-yonlendime-kanali-sk-3209-10-3383-84-8;3286870;RITTAL;SK 3286870 Rittal Hava Yönlendime Kanalı;
sk-3286880-rittal-kapatma-tapasi;3286880;RITTAL;SK 3286880 Rittal Kapatma Tıpası;
sk-hizli-degistirme-cercevesi-sk-3386-87-icin;3286900;RITTAL;SK 3286900 Hızlı Değiştirme Çerçevesi Quick-change frame;
sk-3286970-rittal-hava-yonlendime-kanali;3286970;RITTAL;SK 3286970 Rittal Hava Yönlendime Kanalı;
sk-3286980-rittal-kapatma-tapasi;3286980;RITTAL;SK 3286980 Rittal Kapatma Tıpası;
sk-3286990-rittal-hava-onlendirici-90-derece;3286990;RITTAL;SK 3286990 Rittal 90 Derece Hava Yönlendirici;
sk-3294100-rittal-filtre-elyafi;3294100;RITTAL;SK 3294100 Rittal Filtre Elyafı;
sk-3300-040-sk-moduler-klima-gizli-kapi-gy-600x1800mm-icin;3300.040,sk;RITTAL;SK 3300.040 Modüler Pano Kliması Gizli Kapı;
sk-3300-050-rittal-moduler-celik-sac-pano-klimasi-gizli-kapi;3300.050;RITTAL;SK 3300.050 Gizli Kapı Çelik Saç Pano Kliması;
sk-3300-060sk-rittal-celik-sac-moduler-pano-klimasi;3300.060;RITTAL;SK 3300.060SK Rittal Çelik Saç Modüler Pano Kliması;
sk-3300-070-rittal-moduler-gizli-kapi-pano-klimasi;3300.070;RITTAL;SK 3300.070 Rittal Modüler Gizli Kapı Pano Kliması;
sk-3300-080-rittal-t8-profil-kapi-pano-klimasi;3300.080;RITTAL;SK 3300.080 Rittal T8 Profil Kapı Pano Kliması;
sk-3300-090-rittal-celik-sac-pano-klimasi;3300.090;RITTAL;SK 3300.090 Rittal Çelik Saç Pano Kliması;
sk-3300-110-rittal-ts-8-profil-kapi-pano-klimasi;3300.110;RITTAL;SK 3300.110 Rittal TS 8 Profil Kapı Pano Kliması;
sk-3300-120-rittal-ts-8-sag-kapi-monteli-pano-klimasi;3300.120;RITTAL;SK 3300.120 Rittal TS 8 Sağ Kapı Monteli Pano Kliması;
rittal-sk-3300160-aisle-containment-koridor-sogutmasi;3300160;RITTAL;SK 3300160 Aisle containment - Koridor Soğutması;
rittal-sk-3300170-aisle-containment-koridor-sogutmasi;3300170;RITTAL;SK 3300170 Koridor Soğutması;
rittal-sk-3300180-aisle-containment-koridor-sogutmasi;3300180;RITTAL;SK 3300180 Aisle containment - Koridor Soğutması;
rittal-sk-3300260-connection-kit-for-connecting-the-crac-system-cw;3300260;RITTAL;SK 3300260;
rittal-sk-3300261-connection-kit-for-connecting-the-crac-system-cw;3300261;RITTAL;SK 3300261;
rittal-sk-3300262-connection-kit-for-connecting-the-crac-system-cw;3300262;RITTAL;SK 3300262;
rittal-sk-3300263-connection-kit-for-connecting-the-crac-system-cw;3300263;RITTAL;SK 3300263;
rittal-sk-3300270-aisle-containment-koridor-sogutmasi;3300270;RITTAL;SK 3300270 Aisle containment Koridor Soğutması;
rittal-sk-3300280-aisle-containment-koridor-sogutmasi;3300280;RITTAL;SK 3300280 Aisle containment - Koridor Soğutması;
rittal-sk-3300290-energy-saving-extractor-plenum-for-top-mounting-on-crac-systems-cw-dx;3300290;RITTAL;SK 3300290;
rittal-sk-3300291-energy-saving-extractor-plenum-for-top-mounting-on-crac-systems-cw-dx;3300291;RITTAL;SK 3300291;
rittal-sk-3300292-energy-saving-extractor-plenum-for-top-mounting-on-crac-systems-cw-dx;3300292;RITTAL;SK 3300292;
rittal-sk-3300293-energy-saving-extractor-plenum-for-top-mounting-on-crac-systems-cw-dx;3300293;RITTAL;SK 3300293;
rittal-sk-3300294-energy-saving-extractor-plenum-for-top-mounting-on-crac-systems-cw-dx;3300294;RITTAL;SK 3300294;
rittal-sk-3300295-energy-saving-extractor-plenum-for-top-mounting-on-crac-systems-cw-dx;3300295;RITTAL;SK 3300295;
rittal-sk-3300296-energy-saving-extractor-plenum-for-top-mounting-on-crac-systems-cw-dx;3300296;RITTAL;SK 3300296;
rittal-sk-3300297-energy-saving-extractor-plenum-for-top-mounting-on-crac-systems-cw-dx;3300297;RITTAL;SK 3300297;
rittal-sk-3300310-crac-system-cw;3300310;RITTAL;SK 3300310 CRAC system CW;
rittal-sk-3300320-crac-system-cw;3300320;RITTAL;SK 3300320 CRAC system CW;
rittal-sk-3300330-crac-system-cw;3300330;RITTAL;SK 3300330 CRAC system CW;
rittal-sk-3300340-crac-system-cw;3300340;RITTAL;SK 3300340 CRAC system CW;
rittal-sk-3300353-crac-system-dx;3300353;RITTAL;SK 3300353 CRAC system DX;
rittal-sk-3300354-crac-system-dx;3300354;RITTAL;SK 3300354 CRAC system DX;
rittal-sk-3300355-crac-system-dx;3300355;RITTAL;SK 3300355 CRAC system DX;
rittal-sk-3300356-crac-system-dx;3300356;RITTAL;SK 3300356 Veri Merkezi Kliması;
rittal-sk-3300360-crac-system-dx;3300360;RITTAL;SK 3300360 CRAC system DX;
rittal-sk-3300370-crac-system-dx;3300370;RITTAL;SK 3300370 CRAC system DX;
rittal-sk-3300510-crac-system-dx;3300510;RITTAL;SK 3300510 CRAC system DX;
rittal-sk-3300560-crac-system-dx;3300560;RITTAL;SK 3300560 CRAC system DX;
rittal-sk-3300710-crac-system-dx;3300710;RITTAL;SK 3300710 CRAC system DX;
rittal-sk-3300760-crac-system-dx;3300760;RITTAL;SK 3300760 CRAC system DX;
rittal-sk-3300900-recooling-systems-chiller-for-it-cooling;3300900;RITTAL;SK 3300900 Recooling systems Chiller for IT cooling;
rittal-sk-3300901-recooling-systems-chiller-for-it-cooling;3300901;RITTAL;SK 3300901 Recooling systems Chiller for IT cooling;
rittal-sk-3300902-recooling-systems-chiller-for-it-cooling;3300902;RITTAL;SK 3300902 Recooling systems Chiller for IT cooling;
rittal-sk-3300905-recooling-systems-chiller-for-it-cooling;3300905;RITTAL;SK 3300905 Recooling systems Chiller for IT cooling;
rittal-sk-3300910-recooling-systems-chiller-for-it-cooling;3300910;RITTAL;SK 3300910 Recooling systems Chiller for IT cooling;
rittal-sk-3300912-recooling-systems-chiller-for-it-cooling;3300912;RITTAL;SK 3300912 Recooling systems Chiller for IT cooling;
rittal-sk-3300915-recooling-systems-chiller-for-it-cooling;3300915;RITTAL;SK 3300915 Recooling systems Chiller for IT cooling;
rittal-sk-3300920-recooling-systems-chiller-for-it-cooling;3300920;RITTAL;SK 3300920 Recooling systems Chiller for IT cooling;
rittal-sk-3300925-recooling-systems-chiller-for-it-cooling;3300925;RITTAL;SK 3300925 Recooling systems Chiller for IT cooling;
rittal-sk-3301210-liquid-cooling-package;3301210;RITTAL;SK 3301210 Liquid Cooling Package;
rittal-sk-3301230-liquid-cooling-package;3301230;RITTAL;SK 3301230 Liquid Cooling Package;
rittal-sk-3301310-covers-accessories-for-rittal-liquid-cooling-package;3301310;RITTAL;SK 3301310 Covers Accessories for Rittal;
rittal-sk-3301330-horizontal-shielding-accessories-for-rittal-liquid-cooling-package;3301330;RITTAL;SK 3301330 Horizontal shielding Accessories;
rittal-sk-3301340-horizontal-shielding-accessories-for-rittal-liquid-cooling-package;3301340;RITTAL;SK 3301340 Horizontal shielding Accessories;
rittal-sk-3301350-connection-hose-accessories-for-rittal-liquid-cooling-package;3301350;RITTAL;SK 3301350 Connection hose Accessories;
rittal-sk-3301351-connection-hose-accessories-for-rittal-liquid-cooling-package;3301351;RITTAL;SK 3301351 Connection hose Accessories;
rittal-sk-3301360-quick-release-fastener-accessories-for-rittal-liquid-cooling-package;3301360;RITTAL;SK 3301360 Rittal Yedek Parça;
rittal-sk-3301391-4826-mm-19-air-duct-for-horizontal-air-routing;3301391;RITTAL;SK 3301391 air duct for horizontal air routing;
rittal-sk-3301400-vent-valve-accessories-for-rittal-liquid-cooling-package;3301400;RITTAL;SK 3301400 Vent valve Accessories;
rittal-sk-3301420-liquid-cooling-package;3301420;RITTAL;SK 3301420 Liquid Cooling Package;
rittal-sk-3301430-aisle-cover-accessories-for-rittal-liquid-cooling-package;3301430;RITTAL;SK 3301430 Aisle cover Accessories;
rittal-sk-3301440-aisle-cover-accessories-for-rittal-liquid-cooling-package;3301440;RITTAL;SK 3301440 Aisle cover Accessories;
rittal-sk-3301480-liquid-cooling-package;3301480;RITTAL;SK 3301480 Liquid Cooling Package;
rittal-sk-3301490-liquid-cooling-package;3301490;RITTAL;SK 3301490 Liquid Cooling Package;
sk-elektrikli-yogusma-suyu-buharlastiricisi-g-280mm;3301500;RITTAL;SK 3301500 Yoğuşma Suyu Buharlaştırıcısı;
sk-3301505-rittal-elektrikli-yogusma-suyu-buharlastiricisi;3301505;RITTAL;SK 3301505 Yoğuşma Suyu Buharlaştırıcısı;
sk-3301600-rittal-yogusma-toplama-kabi;3301600;RITTAL;SK 3301600 Rittal Yoğuşma Toplama Kabı;
sk-3301606-rittal-yogusma-tahliye-hortumu;3301606;RITTAL;SK 3301606 Rittal Yoğuşma Tahliye Hortumu;
sk-3301608-rittal-yogusma-drenaj-hortumu;3301608;RITTAL;SK 3301608 Rittal Yoğuşma Drenaj Hortumu;
sk-3301610-rittal-yogusma-drenaj-hortumu;3301610;RITTAL;SK 3301610 Rittal Yoğuşma Drenaj Hortumu;
sk-3301612-rittal-kondensat-hortum;3301612;RITTAL;SK 3301612 Rittal Kondensat Hortum;
rittal-sk-3301620-crac-system-cw;3301620;RITTAL;SK 3301620 CRAC system CW;
rittal-sk-3301660-crac-system-cw;3301660;RITTAL;SK 3301660 CRAC system CW;
rittal-sk-3301830-crac-system-cw;3301830;RITTAL;SK 3301830 CRAC system CW;
rittal-sk-3301870-crac-system-cw;3301870;RITTAL;SK 3301870 CRAC system CW;
sk-3301910-rittal-bypass-valve;3301910;RITTAL;SK 3301910 Rittal Bypass Valve;
sk-3301930-rittal-akis-esitleme-valfi;3301930;RITTAL;SK 3301930 Rittal Akış Eşitleme Valfi;
sk-3301940-rittal-akis-esitleme-valfi;3301940;RITTAL;SK 3301940 Rittal Akış Eşitleme Valfi;
sk-3301950-rittal-mono-propilen-glikol-10llik;3301;RITTAL;SK 3301950 Rittal Rifrost;
sk-3301955-rittal-mono-etilen-glikol-25-litre;3301955;RITTAL;SK 3301955 Rittal Rifrost;
sk-3301957-rittal-mono-etilen-glikol-sk-antifriz-su-karisimi;3301957;RITTAL;SK 3301957 Rittal Rifrost;
sk-3301960-antifriz-su-karisimi-10-litre-mono-etilen-glikol;3301960;RITTAL;SK 3301960 Rifrost;
sk-3301965-rittal-mono-propilen-glikol-sogutma-sivisi;3301965;RITTAL;SK 3301965 Rittal Rifrost Soğutma Sıvısı;
sk-3301967-rittal-sogutma-sivisi-hazir-karisim-chiller-ve-hava-su-isi-esanjorleri-icin-mono-etilen-glikol;3301967;RITTAL;SK 3301967 Rittal Soğutma Sıvısı;
sk-3302-300-rittal-yatay-monteli-pano-klimasi-300w-230v;3302.300;RITTAL;SK 3302.300 Rittal Yatay Monteli Pano Kliması 300W;
sk-3302-100-rittal-yan-pnl-kapi-monteli-pano-klimasi-300w-230v-basic;3302.100;RITTAL;SK 3302100 Rittal Yan pnl-kapı Monteli Pano Klima 300W;
sk-3302-110-rittal-yan-pnl-kapi-monteli-pano-klimasi-300w-115v-basic;3302.110;RITTAL;SK 3302110 Rittal Yan pnl-kapı Monteli Pano Klima 300W;
sk-3302-200-rittal-yan-pnl-kapi-monteli-pano-klimasi-300w-basic-230v;3302.200;RITTAL;SK 3302200 Rittal Yan pnl-kapı Monteli Pano Klima 300W;
sk-3302-210-rittal-yan-pnl-kapi-monteli-pano-klimasi-300w-basic-115v;3302.210;RITTAL;SK 3302210 Rittal Yan pnl-kapı Monteli Pano Klima 300W;
sk-3302-310-rittal-yatay-monteli-pano-klimasi-300w-115v;3302.310;RITTAL;SK 3302310 Rittal Yatay Monteli Pano Kliması 300W;
sk-3303-100-yan-pnl-kapi-monteli-pano-klimasi-500w;3303.100;RITTAL;SK 3303.100 Yan pnl-kapı Monteli Pano Kliması 500W;
sk-3303-500-rittal-yan-pnl-kapi-monteli-pano-klimasi-500w-230v;3303.500;RITTAL;SK 3303.500 Yan pnl-kapı Monteli Pano Kliması 500W;
sk-3303-504-rittal-yan-pnl-kapi-monteli-pano-klimasi-500w-230v-nema-4x;3303.504;RITTAL;SK 3303.504 Rittal Pano Kliması 500W 230V Nema 4X;
sk-3303-510-rittal-yan-pnl-kapi-monteli-pano-klimasi-500w-115v;3303.510;RITTAL;SK 3303.510 Rittal Yan pnl-kapı Pano Kliması 500W;
sk-3303-514-rittal-yan-pnl-kapi-monteli-pano-klimasi-500w-115v-nema-4x;3303.514;RITTAL;SK 3303.514 Yan pnl-kapı monteli Pano Kliması 500W;
sk-3303-600-rittal-yan-pnl-kapi-monteli-pano-klimasi-500w-230v;3303.600;RITTAL;SK 3303.600 Yan pnl-kapı Monteli Pano Kliması,500W;
sk-3303-610-rittal-yan-pnl-kapi-monteli-pano-klimasi-500w-115v;3303.610;RITTAL;SK 3303.610 Yan pnl-kapı Monteli Pano Kliması, 500W;
rittal-sk-3303508-toptherm-wall-mounted-cooling-units-blue-e-ul-type-3r-4-output-class-500-w;3303508;RITTAL;SK 3303508 TopTherm 500 W;
rittal-sk-3303518-toptherm-wall-mounted-cooling-units-blue-e-ul-type-3r-4-output-class-500-w;3303518;RITTAL;SK 3303518 TopTherm wall-mounted cooling units Blue e, UL Type 3R/4 Output class 500 W;
toptherm-blue-e-ex-cooling-units-for-zone-22-dust-useful-cooling-output-500-w-1;3303530;RITTAL;SK 3303530 TopTherm Blue e 500 W;
sk-3304-500-rittal-yan-pnl-kapi-monteli-pano-klimasi-1000w-230v;1000W;RITTAL;SK 3304.500 Rittal Yan pnl-kapı Pano Kliması, 1000W;
sk-3304-504-rittal-yan-pnl-kapi-monteli-pano-klimasi-1000w-230v-nema-4x;3304.504;RITTAL;SK 3304.504 Yan pnl-kapı monteli Pano Kliması 1000W;
sk-3304-510-rittal-yan-pnl-kapi-monteli-pano-klimasi-1000w-115v;3304.510;RITTAL;SK 3304.510 Rittal Yan pnl-kapı Pano Kliması 1000W;
sk-3304-514-rittal-yan-pnl-kapi-monteli-pano-klimasi-1000w-115v;3304.514;RITTAL;SK 3304.514 Yan pnl-kapı monteli Pano Kliması 1000W;
sk-3304-540-rittal-yan-pnl-kapi-monteli-pano-klimasi-1000w-400v;3304.540;RITTAL;SK 3304.540 Rittal Yan pnl-kapı Pano Kliması 1000W;
sk-3304-544-rittal-yan-pnl-kapi-monteli-pano-klimasi-1000w-400v-nema-4x;3304.544;RITTAL;SK 3304.544 Yan pnl-kapı monteli Pano Kliması 1000W;
sk-3304-600-rittal-yan-pnl-kapi-monteli-pano-klimasi-1000w-230v;3304.600;RITTAL;SK 3304.600 Rittal Yan pnl-kapı Pano Kliması 1000W;
sk-3304-640-rittal-yan-pnl-kapi-monteli-pano-klimasi-1000w-400v;3304.640;RITTAL;SK 3304.640 Rittal Yan pnl-kapı Pano Kliması 1000W;
rittal-sk-3304130-zone-22-dust-explosion-proof-cooling-units-useful-cooling-output-1000-w;3304130;RITTAL;SK 3304130;
rittal-sk-3304508-toptherm-wall-mounted-cooling-units-blue-e-ul-type-3r-4-output-class-1000-w;3304508;RITTAL;SK 3304508 TopTherm wall-mounted cooling;
rittal-sk-3304548-toptherm-wall-mounted-cooling-units-blue-e-ul-type-3r-4-output-class-1000-w;3304548;RITTAL;SK 3304548 TopTherm;
rittal-sk-3304740-wall-mounted-cooling-units-with-co2-as-the-coolant-useful-cooling-output-1000-w;3304740;RITTAL;SK 3304740 Duvara Monte Soğutma Ünitesi;
sk-3305-100-rittal-yan-pnl-kapi-pano-klimasi-1500w;3305.100;RITTAL;SK 3305.100 Rittal Yan pnl-kapı Pano Kliması, 1500W;
sk-3305-500-rittal-yan-pnl-kapi-monteli-pano-klimasi-1500w-230v;3305.500;RITTAL;SK 3305.500 Rittal Yan pnl-kapı Pano Kliması, 1500W;
sk-3305-504-rittal-yan-pnl-kapi-monteli-pano-klimasi-1500w-230v-nema-4x;3305.504;RITTAL;SK 3305.504 Yan pnl-kapı monteli Pano Kliması 1500W;
sk-3305-510-rittal-yan-pnl-kapi-monteli-pano-klimasi-1500w-115v;3305.510;RITTAL;SK 3305.510 Rittal Yan pnl-kapı Pano Kliması 1500W;
sk-3305-514-rittal-yan-pnl-kapi-monteli-pano-klimasi-1500w-115v-nema-4x;3305.514;RITTAL;SK 3305.514 Yan pnl-kapı monteli Pano Kliması 1500W;
sk-3305-540-rittal-yan-pnl-kapi-monteli-pano-klimasi-1500w-400v;3305.540;RITTAL;SK 3305.540 Rittal Yan pnl-kapı Pano Kliması 1500W;
sk-3305-544-rittal-yan-pnl-kapi-monteli-pano-klimasi-1500w-400v-nema-4x;3305.544;RITTAL;SK 3305.544 Yan pnl-kapı monteli Pano Kliması 1500W;
sk-3305-600-rittal-yan-panel-monteli-pano-klimasi-1500w-230v;3305.600;RITTAL;SK 3305.600 Rittal Pano Kliması, 1500W;
sk-3305-610-rittal-yan-panel-monteli-pano-klimasi-1500w-115v;3305.610;RITTAL;SK 3305.610 Rittal Yan panel monteli Pano Kliması;
sk-3305-640-rittal-yan-pnl-mont-pano-klimasi-1500w-400v;3305.640;RITTAL;SK 3305.640 Rittal Pano Kliması,1500W;
rittal-sk-3305130-zone-22-dust-explosion-proof-cooling-units-useful-cooling-output-1500-w;3305130;RITTAL;SK 3305130 Zone 22 explosion-proof cooling units;
rittal-sk-3305160-zone-22-dust-explosion-proof-cooling-units-useful-cooling-output-1500-w;3305160;RITTAL;SK 3305160 Zone 22 patlamaya dayanıklı soğutma üniteleri;
rittal-sk-3305240-yana-kapi-montajli-temel-1500-w;3305240;RITTAL;SK 3305240 Yana / Kapı Montajlı Temel 1500 W;
rittal-sk-3305548-toptherm-wall-mounted-cooling-units-blue-e-ul-type-3r-4-output-class-1500-w;3305548;RITTAL;SK 3305548 TopTherm wall-mounted cooling units;
rittal-3306210-doors-for-installing-on-1200-mm-wide-ts-8-enclosures-useful-cooling-output-1100-1500;3306210;RITTAL;SK 3306210;
rittal-3306230-doors-for-installing-on-1200-mm-wide-ts-8-enclosures-useful-cooling-output-1100-1500;3306230;RITTAL;SK 3306230;
rittal-3306250-doors-for-installing-on-1200-mm-wide-ts-8-enclosures-useful-cooling-output-1100-1500;3306250;RITTAL;SK 3306250;
rittal-3306270-doors-for-installing-on-1200-mm-wide-ts-8-enclosures-useful-cooling-output-1100-1500;3306270;RITTAL;SK 3306270;
rittal-3306410-doors-for-installing-on-1200-mm-wide-ts-8-enclosures-useful-cooling-output-1100-1500;3306410;RITTAL;SK 3306410;
rittal-3306430-doors-for-installing-on-1200-mm-wide-ts-8-enclosures-useful-cooling-output-1100-1500;3306430;RITTAL;SK 3306430;
rittal-3306450-doors-for-installing-on-1200-mm-wide-ts-8-enclosures-useful-cooling-output-1100-1500;3306450;RITTAL;SK 3306450;
rittal-3306470-doors-for-installing-on-1200-mm-wide-ts-8-enclosures-useful-cooling-output-1100-1500;3306470;RITTAL;SK 3306470;
rittal-3306500-doors-for-installing-on-600-mm-wide-ts-8-enclosures-climate-controlled-enclosures;3306500;RITTAL;SK 3306500;
rittal-3306510-doors-for-installing-on-1200-mm-wide-ts-8-enclosures-useful-cooling-output-1100-1500;3306510;RITTAL;SK 3306510;
rittal-3306530-doors-for-installing-on-1200-mm-wide-ts-8-enclosures-useful-cooling-output-1100-1500;3306530;RITTAL;SK 3306530;
rittal-3306540-doors-for-installing-on-600-mm-wide-ts-8-enclosures-climate-controlled;3306540;RITTAL;SK 3306540;
rittal-3306550-doors-for-installing-on-1200-mm-wide-ts-8-enclosures-useful-cooling-output-1100-1500;3306550;RITTAL;SK 3306550;
rittal-3306570-doors-for-installing-on-1200-mm-wide-ts-8-enclosures-useful-cooling-output-1100-1500;3306570;RITTAL;SK 3306570;
rittal-3306580-doors-for-installing-on-600-mm-wide-ts-8-enclosures-climate-controlled;3306580;RITTAL;SK 3306580;
rittal-3306590-doors-for-installing-on-600-mm-wide-ts-8-enclosures-climate-controlled;3306590;RITTAL;SK 3306590;
rittal-3306610-doors-for-installing-on-1200-mm-wide-ts-8-enclosures-useful-cooling-output-1100-1500;3306610;RITTAL;SK 3306610;
rittal-3306630-doors-for-installing-on-1200-mm-wide-ts-8-enclosures-useful-cooling-output-1100-1500;3306630;RITTAL;SK 3306630;
rittal-3306650-doors-for-installing-on-1200-mm-wide-ts-8-enclosures-useful-cooling-output-1100-1500;3306650;RITTAL;SK 3306650;
rittal-3306670-doors-for-installing-on-1200-mm-wide-ts-8-enclosures-useful-cooling-output-1100-1500;3306670;RITTAL;SK 3306670;
rittal-3306800-doors-for-installing-on-600-mm-wide-ts-8-enclosures-climate-controlled;3306800;RITTAL;SK 3306800;
rittal-3306840-doors-for-installing-on-600-mm-wide-ts-8-enclosures-climate-controlled;3306840;RITTAL;SK 3306840;
rittal-3306880-doors-for-installing-on-600-mm-wide-ts-8-enclosures-climate-controlled;3306880;RITTAL;SK 3306880;
rittal-3306884-doors-for-installing-on-600-mm-wide-ts-8-enclosures-climate-controlled;3306884;RITTAL;SK 3306884;
sk-3307-700-rittal-kapi-tipi-pano-klimasi-1500w-230v;3307.700;RITTAL;SK 3307.700 Rittal Kapı Tipi Pano Kliması;
sk-3307-710-rittal-sk-rtt-pano-klimasi-1500-w;3307.710;RITTAL;SK 3307.710 Rittal SK RTT Pano Kliması 1500 W;
sk-3307-740-rittal-sogutucu-modul-1500w-pano-klimasi;3307.740;RITTAL;SK 3307.740 Rittal 1500W Pano Kliması;
rittal-3307210-doors-for-installing-on-1200-mm-wide-ts-8-enclosures-useful-cooling-output-1100-1500;3307210;RITTAL;SK 3307210;
rittal-3307230-doors-for-installing-on-1200-mm-wide-ts-8-enclosures-useful-cooling-output-1100-1500;3307230;RITTAL;SK 3307230;
rittal-3307250-doors-for-installing-on-1200-mm-wide-ts-8-enclosures-useful-cooling-output-1100-1500;3307250;RITTAL;SK 3307250;
rittal-3307270-doors-for-installing-on-1200-mm-wide-ts-8-enclosures-useful-cooling-output-1100-1500;3307.270;RITTAL;SK 3307270;
rittal-3307410-doors-for-installing-on-1200-mm-wide-ts-8-enclosures-useful-cooling-output-1100-1500;3307410;RITTAL;SK 3307410;
rittal-3307430-doors-for-installing-on-1200-mm-wide-ts-8-enclosures-useful-cooling-output-1100-1500;3307430;RITTAL;SK 3307430;
rittal-3307450-doors-for-installing-on-1200-mm-wide-ts-8-enclosures-useful-cooling-output-1100-1500;3307450;RITTAL;SK 3307450;
rittal-3307470-doors-for-installing-on-1200-mm-wide-ts-8-enclosures-useful-cooling-output-1100-1500;3307470;RITTAL;SK 3307470;
rittal-3307500-doors-for-installing-on-600-mm-wide-ts-8-enclosures-climate-controlled;3307500;RITTAL;SK 3307500;
rittal-3307510-doors-for-installing-on-1200-mm-wide-ts-8-enclosures-useful-cooling-output-1100-1500;3307510;RITTAL;SK 3307510;
rittal-3307530-doors-for-installing-on-1200-mm-wide-ts-8-enclosures-useful-cooling-output-1100-1500;3307530;RITTAL;SK 3307530;
rittal-3307540-doors-for-installing-on-600-mm-wide-ts-8-enclosures-climate-controlled;3307540;RITTAL;SK 3307540;
rittal-3307550-doors-for-installing-on-1200-mm-wide-ts-8-enclosures-useful-cooling-output-1100-1500;3307550;RITTAL;SK 3307550;
rittal-3307570-doors-for-installing-on-1200-mm-wide-ts-8-enclosures-useful-cooling-output-1100-1500;3307570;RITTAL;SK 3307570;
rittal-3307580-doors-for-installing-on-600-mm-wide-ts-8-enclosures-climate-controlled;3307580;RITTAL;SK 3307580;
rittal-3307590-doors-for-installing-on-600-mm-wide-ts-8-enclosures-climate-controlled;3307590;RITTAL;SK 3307590;
rittal-3307610-doors-for-installing-on-1200-mm-wide-ts-8-enclosures-useful-cooling-output-1100-1500;3307610;RITTAL;SK 3307610;
rittal-3307630-doors-for-installing-on-1200-mm-wide-ts-8-enclosures-useful-cooling-output-1100-1500;3307630;RITTAL;SK 3307630;
rittal-3307650-doors-for-installing-on-1200-mm-wide-ts-8-enclosures-useful-cooling-output-1100-1500;3307650;RITTAL;SK 3307650;
rittal-3307670-doors-for-installing-on-1200-mm-wide-ts-8-enclosures-useful-cooling-output-1100-1500;3307670;RITTAL;SK 3307670;
rittal-3307800-doors-for-installing-on-600-mm-wide-ts-8-enclosures-climate-controlled;3307800;RITTAL;SK 3307800;
rittal-3307840-doors-for-installing-on-600-mm-wide-ts-8-enclosures-climate-controlled;3307840;RITTAL;SK 3307840;
rittal-3307880-doors-for-installing-on-600-mm-wide-ts-8-enclosures-climate-controlled;3307880;RITTAL;SK 3307880;
rittal-3307890-doors-for-installing-on-600-mm-wide-ts-8-enclosures-climate-controlled;3307890;RITTAL;SK 3307890;
rittal-3308500-doors-for-installing-on-800-mm-wide-ts-8-enclosures-climate-controlled;3308500;RITTAL;SK 3308500;
rittal-3308540-doors-for-installing-on-800-mm-wide-ts-8-enclosures-climate-controlled;3308540;RITTAL;SK 3308540;
rittal-3308580-doors-for-installing-on-800-mm-wide-ts-8-enclosures-climate-controlled;3308580;RITTAL;SK 3308580;
rittal-3308590-doors-for-installing-on-800-mm-wide-ts-8-enclosures-climate-controlled;3308590;RITTAL;SK 3308590;
rittal-3308800-doors-for-installing-on-800-mm-wide-ts-8-enclosures-climate-controlled;3308800;RITTAL;SK 3308800;
rittal-3308840-doors-for-installing-on-800-mm-wide-ts-8-enclosures-climate-controlled;3308840;RITTAL;SK 3308840;
rittal-3308880-doors-for-installing-on-800-mm-wide-ts-8-enclosures-climate-controlled;3308880;RITTAL;SK 3308880;
rittal-3308884-doors-for-installing-on-800-mm-wide-ts-8-enclosures-climate-controlled;3308884;RITTAL;SK 3308884;
rittal-3309120-doors-for-installing-on-1200-mm-wide-ts-8-enclosures-useful-cooling-output-2000-2500;3309120;RITTAL;SK 3309120;
rittal-3309140-doors-for-installing-on-1200-mm-wide-ts-8-enclosures-useful-cooling-output-2000-2500;3309140;RITTAL;SK 3309140;
rittal-3309170-doors-for-installing-on-1200-mm-wide-ts-8-enclosures-useful-cooling-output-2000-2500;3309170;RITTAL;SK 3309170;
rittal-3309210-doors-for-installing-on-1200-mm-wide-ts-8-enclosures-useful-cooling-output-2000-2500;3309210;RITTAL;SK 3309210;
rittal-3309410-doors-for-installing-on-1200-mm-wide-ts-8-enclosures-useful-cooling-output-2000-2500;3309410;RITTAL;SK 3309410;
rittal-3309420-doors-for-installing-on-1200-mm-wide-ts-8-enclosures-useful-cooling-output-2000-2500;3309420;RITTAL;SK 3309420;
rittal-3309440-doors-for-installing-on-1200-mm-wide-ts-8-enclosures-useful-cooling-output-2000-2500;3309440;RITTAL;SK 3309440;
rittal-3309470-doors-for-installing-on-1200-mm-wide-ts-8-enclosures-useful-cooling-output-2000-2500;3309470;RITTAL;SK 3309470;
rittal-3309500-doors-for-installing-on-600-mm-wide-ts-8-enclosures-climate-controlled;3309500;RITTAL;SK 3309500;
rittal-3309510-doors-for-installing-on-1200-mm-wide-ts-8-enclosures-useful-cooling-output-2000-2500;3309510;RITTAL;SK 3309510;
rittal-3309520-doors-for-installing-on-1200-mm-wide-ts-8-enclosures-useful-cooling-output-2000-2500;3309520;RITTAL;SK 3309520;
rittal-3309530-doors-for-installing-on-1200-mm-wide-ts-8-enclosures-useful-cooling-output-2000-2500;3309530;RITTAL;SK 3309530;
rittal-3309540-doors-for-installing-on-600-mm-wide-ts-8-enclosures-climate-controlled;3309540;RITTAL;SK 3309540;
rittal-3309570-doors-for-installing-on-1200-mm-wide-ts-8-enclosures-useful-cooling-output-2000-2500;3309570;RITTAL;SK 3309570;
rittal-3309580-doors-for-installing-on-600-mm-wide-ts-8-enclosures-climate-controlled;3309580;RITTAL;SK 3309580;
rittal-3309590-doors-for-installing-on-600-mm-wide-ts-8-enclosures-climate-controlled;3309590;RITTAL;SK 3309590;
rittal-3309610-doors-for-installing-on-1200-mm-wide-ts-8-enclosures-useful-cooling-output-2000-2500;3309610;RITTAL;SK 3309610;
rittal-3309620-doors-for-installing-on-1200-mm-wide-ts-8-enclosures-useful-cooling-output-2000-2500;3309620;RITTAL;SK 3309620;
rittal-3309640-doors-for-installing-on-1200-mm-wide-ts-8-enclosures-useful-cooling-output-2000-2500;3309640;RITTAL;SK 3309640;
rittal-3309670-doors-for-installing-on-1200-mm-wide-ts-8-enclosures-useful-cooling-output-2000-2500;3309670;RITTAL;SK 3309670;
rittal-3309800-doors-for-installing-on-600-mm-wide-ts-8-enclosures-climate-controlled;3309800;RITTAL;SK 3309800;
rittal-3309840-doors-for-installing-on-600-mm-wide-ts-8-enclosures-climate-controlled;3309840;RITTAL;SK 3309840;
rittal-3309880-doors-for-installing-on-600-mm-wide-ts-8-enclosures-climate-controlled;3309880;RITTAL;SK 3309880;
rittal-3309884-doors-for-installing-on-600-mm-wide-ts-8-enclosures-climate-controlled;3309884;RITTAL;SK 3309884;
sk-3310-700-rittal-2500-kw-230-v-pano-klimasi;3310.700;RITTAL;SK 3310.700 Rittal 2500 kW 230 V Pano Kliması;
sk-3310-740-rittal-blue-e-pano-klimasi-2500w;3310.740;RITTAL;SK 3310.740 Rittal Blue e Pano Kliması 2500W;
rittal-3310130-doors-for-installing-on-1200-mm-wide-ts-8-enclosures-useful-cooling-output-2000-2500;3310130;RITTAL;SK 3310130;
rittal-3310150-doors-for-installing-on-1200-mm-wide-ts-8-enclosures-useful-cooling-output-2000-2500;3310150;RITTAL;SK 3310150;
rittal-3310230-doors-for-installing-on-1200-mm-wide-ts-8-enclosures-useful-cooling-output-2000-2500;3310230;RITTAL;SK 3310230;
rittal-3310250-doors-for-installing-on-1200-mm-wide-ts-8-enclosures-useful-cooling-output-2000-2500;3310250;RITTAL;SK 3310250;
rittal-3310500-doors-for-installing-on-600-mm-wide-ts-8-enclosures-climate-controlled;3310500;RITTAL;SK 3310500;
rittal-3310530-doors-for-installing-on-1200-mm-wide-ts-8-enclosures-useful-cooling-output-2000-2500;3310530;RITTAL;SK 3310530;
rittal-3310550-doors-for-installing-on-1200-mm-wide-ts-8-enclosures-useful-cooling-output-2000-2500;3310550;RITTAL;SK 3310550 Kapı;
rittal-3310580-doors-for-installing-on-600-mm-wide-ts-8-enclosures-climate-controlled;3310580;RITTAL;SK 3310580;
rittal-3310630-doors-for-installing-on-1200-mm-wide-ts-8-enclosures-useful-cooling-output-2000-2500;3310630;RITTAL;SK 3310630;
rittal-3310650-doors-for-installing-on-1200-mm-wide-ts-8-enclosures-useful-cooling-output-2000-2500;3310650;RITTAL;SK 3310650 Soğutma Kapısı;
rittal-3310800-doors-for-installing-on-600-mm-wide-ts-8-enclosures-climate-controlled;3310800;RITTAL;SK 3310800;
rittal-3310880-doors-for-installing-on-600-mm-wide-ts-8-enclosures-climate-controlled;3310880;RITTAL;SK 3310880;
rittal-sk-3311010-toptherm-lcp-rack-cw-dx;3311010;RITTAL;SK 3311010 TopTherm LCP rack CW / DX;
rittal-sk-3311020-toptherm-fan-module-lcp-rack-cw-dx;3311020;RITTAL;SK 3311020 TopTherm Fan module LCP rack;
rittal-sk-3311040-connection-hose-bottom-and-top;3311040;RITTAL;SK 3311040;
rittal-sk-3311050-connection-hose-bottom-and-top;3311050;RITTAL;SK 3311050 Connection hose bottom and top;
rittal-sk-3311060-front-cover;3311060;RITTAL;SK 3311060 Front Cover(Ön Kapak);
rittal-sk-3311110-toptherm-lcp-rack-dx;3311110;RITTAL;SK 3311110 TopTherm LCP rack DX;
rittal-sk-3311130-toptherm-lcp-rack-cw;3311130;RITTAL;SK 3311130 TopTherm LCP rack CW;
rittal-sk-3311210-toptherm-lcp-rack-dx;3311210;RITTAL;SK 3311210 Roof element centre;
rittal-sk-3311230-toptherm-lcp-rack-cw;3311230;RITTAL;SK 3311230 TopTherm LCP rack CW;
rittal-sk-3311260-toptherm-lcp-rack-cw;3311260;RITTAL;SK 3311260 TopTherm LCP rack CW;
rittal-sk-3311310-condenser-unit;3311310;RITTAL;SK 3311310 Condenser unit;
rittal-sk-3311390-20-kw-ts-it-lcp-inline-dx;3311390;RITTAL;SK 3311390 20 kW TS IT LCP Inline DX;
rittal-sk-3311400-toptherm-lcp-t3-cw;3311400;RITTAL;SK 3311400 TopTherm LCP T3+ CW;
rittal-sk-3311430-12-kw-ts-it-lcp-inline-dx;3311430;RITTAL;SK 3311430 12 kW TS IT LCP Inline DX;
rittal-sk-3311440-12-kw-ts-it-lcp-inline-dx;3311440;RITTAL;SK 3311440 12 kW TS IT LCP Inline DX;
rittal-sk-3311450-35-kw-ts-it-lcp-inline-dx;3311450;RITTAL;SK 3311450 35 kW TS IT LCP Inline DX;
rittal-sk-3311490-lcu-dx-single;3311490;RITTAL;SK 3311490 LCU DX single;
rittal-sk-3311491-lcu-dx-redundant;3311491;RITTAL;SK 3311491 LCU DX, redundant;
rittal-sk-3311492-lcu-dx-single;3311492;RITTAL;SK 3311492 LCU DX, single;
rittal-sk-3311493-lcu-dx-redundant;3311493;RITTAL;SK 3311493 LCU DX, redundant;
rittal-sk-3311530-toptherm-lcp-rack-cw;3311530;RITTAL;SK 3311530 TopTherm LCP rack CW;
rittal-sk-3311560-toptherm-lcp-rack-cw;3311560;RITTAL;SK 3311560 TopTherm LCP rack CW;
rittal-sk-3311600-toptherm-lcp-passive-cw;3311600;RITTAL;SK 3311600 LCP Hybrid CW 20 kW;
rittal-sk-3312260-53-kw-ts-it-lcp-rack-cw;3312260;RITTAL;SK 3312260 53 kW TS IT LCP rack CW;
rittal-sk-3312530-lcp-inline-cw-30-kw;3312530;RITTAL;SK 3312530 LCP Inline CW 30 kW –;
rittal-sk-3312540-lcp-inline-cw-30-kw;3312540;RITTAL;SK 3312540 LCP Inline CW 30 kW;
rittal-sk-3312550-lcp-inline-cwg-28-kw;3312550;RITTAL;SK 3312550 LCP Inline CWG 28 kW –;
rittal-sk-3312560-lcp-inline-cw-55-kw;3312560;RITTAL;SK 3312560 LCP Inline CW 55 kW;
rittal-sk-3312570-lcp-inline-cwg-35-kw;3312570;RITTAL;SK 3312570 LCP Inline CWG 35 kW;
rittal-sk-3312800-roof-mounted-cooling-unit-blue-e-it;3312800;RITTAL;SK 3312800 Roof-mounted cooling unit Blue e+ IT;
rittal-sk-3312805-roof-plate-for-roof-mounted-cooling-unit-blue-e-it;3312805;RITTAL;SK 3312805 Roof plate for roof-mounted cooling;
rittal-sk-3312810-wall-mounted-cooling-unit-blue-e-it;3312810;RITTAL;SK 3312810 Wall-mounted cooling unit Blue e+ IT;
rittal-sk-3313130-30-kw-vx-it-lcp-rack-cw;3313130;RITTAL;SK 3313130 30 kW VX IT LCP rack CW;
rittal-sk-3313230-30-kw-vx-it-lcp-rack-cw;3313230;RITTAL;SK 3313230 30 kW VX IT LCP rack CW;
rittal-sk-3313250-35-kw-vx-it-lcp-rack-cw;3313250;RITTAL;SK 3313250 35 kW VX IT LCP rack CW;
rittal-sk-3313260-53-kw-vx-it-lcp-rack-cw;3313260;RITTAL;SK 3313260;
rittal-sk-3313290-20-kw-vx-it-lcp-rack-dx;3313290;RITTAL;SK 3313290 20 kW VX IT LCP rack DX;
rittal-sk-3313390-20-kw-vx-it-lcp-inline-dx;3313390;RITTAL;SK 3313390 20 kW VX IT LCP Inline DX;
rittal-sk-3313410-12-kw-vx-it-lcp-rack-dx;3313410;RITTAL;SK 3313410 12 kW VX IT LCP rack DX;
rittal-sk-3313420-12-kw-vx-it-lcp-rack-dx;3313420;RITTAL;SK 3313420 12 kW VX IT LCP rack DX;
rittal-sk-3313430-12-kw-vx-it-lcp-inline-dx;3313430;RITTAL;SK 3313430 12 kW VX IT LCP Inline DX;
rittal-sk-3313440-12-kw-vx-it-lcp-inline-dx;3313440;RITTAL;SK 3313440 12 kW VX IT LCP Inline DX;
rittal-sk-3313450-35-kw-vx-it-lcp-inline-dx;3313450;RITTAL;SK 3313450 35 kW VX IT LCP Inline DX;
rittal-sk-3313460-35-kw-vx-it-lcp-inline-dx-fc-ts-it;3313460;RITTAL;SK 3313460 35 kW VX IT LCP Inline DX/FC TS IT;
rittal-sk-3313470-35-kw-vx-it-lcp-inline-dx-ts-it;3313470;RITTAL;SK 3313470 35 kW VX IT LCP Inline DX TS IT;
rittal-sk-3313480-35-kw-vx-it-lcp-inline-dx-fc-ts-it;3313480;RITTAL;SK 3313480 35 kW VX IT LCP Inline DX/FC TS IT;
rittal-sk-3313530-lcp-inline-cw-30-kw-vx-it;3313530;RITTAL;SK 3313530 LCP Inline CW 30 kW VX IT;
rittal-sk-3313540-lcp-inline-cw-30-kw-vx-it;3313540;RITTAL;SK 3313540 LCP Inline CW 30 kW VX IT;
rittal-sk-3313550-lcp-inline-cwg-28-kw-vx-it;3313550;RITTAL;SK 3313550 LCP Inline CWG 28 kW VX IT;
rittal-sk-3313560-lcp-inline-cw-53-kw-vx-it;3313560;RITTAL;SK 3313560 LCP Inline CW 53 kW VX IT;
rittal-sk-3313570-lcp-inline-cwg-35-kw-vx-it;3313570;RITTAL;SK 3313570 LCP Inline CWG 35 kW VX IT;
rittal-3316180-a-w-heat-exchanger-wall;3316180;RITTAL;SK 3316180 A/W Heat Exchanger Wall;
sk-3318-600;3318.600;RITTAL;SK 3318.600 Mini Çiller, 1 kW, 230V;
sk-3318-610-sk-mini-ciller-1-kw-230v-su-tankli;3318.610;RITTAL;SK 3318.610 SK Mini Çiller, 1 kW, 230V, su tanklı;
sk-3319-600-sk-mini-ciller-1-5-kw-230v;3319.600;RITTAL;SK 3319.600 SK Mini Çiller, 1,5 kW, 230V;
sk-3319-610-sk-mini-ciller-1-5-kw-230v-su-tankli;3319.610;RITTAL;SK 3319.610 SK Mini Çiller, 1,5 kW, 230V, su tanklı;
sk-3320-200;3320.200;RITTAL;SK 3320.200 Chiller Blue e+ 2.1 kW 380-415 V;
sk-3320-600-sk-mini-ciller-3-kw-400v-su-tankli;3320.600;RITTAL;SK 3320.600 SK Mini Çiller, 3 kW, 400V, su tanklı;
sk-3321700-rittal-yedek-filtre-elyafi;3321700;RITTAL;SK 3321700 Rittal Yedek Filtre Elyafı;
sk-3321705-rittal-yedek-filtre-elyafi;3321705;RITTAL;SK 3321705 Rittal Yedek Filtre Elyafı;
sk-3322100-rittalfan-filter-unit-sk-43m3-h;3322100;RITTAL;SK 3322100 RittalFan,filter unit,SK,43m3/h;
sk-3322107-rittalfan-filter-unit-sk-43m3-h;3322107;RITTAL;SK 3322107 RittalFan,filter unit,SK,43m3/h;
sk-3322600-rittalfan-filter-unit-sk-43m3-h;3322600;RITTAL;SK 3322600 RittalFan,filter unit,SK,43m3/h;
sk-3322700-rittal-yedek-filtre-elyafi;3322700;RITTAL;SK 3322700 Rittal Yedek Filtre Elyafı;
sk-3322705-rittal-filtre-icin-kimyasal-elyaf;3322705;RITTAL;SK 3322705 Rittal Filtre için Kimyasal Elyaf;
sk-3325600-rittal-fan-filtre-180m3-h-230v-41-38-watt-28-24-amp-50-60-hz;3325600;RITTAL;SK 3325600 Rittal Fan-filtre 180m³/h 230V, 41/38 Watt, 28/24 Amp, 50-60 Hz;
sk-3327700-rittal-yedek-filtre-elyafi;3327700;RITTAL;SK 3327700 Rittal Yedek Filtre Elyafı;
sk-3328-100-yan-pnl-kapi-monteli-pano-klimasi-2000w;3328.100;RITTAL;SK 3328.100 Yan pnl-kapı monteli Pano Kliması 2000W;
sk-3328-500-rittal-yan-pnl-kapi-monteli-pano-klimasi-2000w-230v;3328.500;RITTAL;SK 3328.500 Yan pnl-kapı monteli Pano Kliması 2000W;
sk-3328-504-rittal-yan-pnl-kapi-monteli-pano-klimasi-1000w-nema-4x;3328.504;RITTAL;SK 3328.504 Yan pnl-kapı monteli Pano Kliması 1000W;
sk-3328-510-rittal-yan-pnl-kapi-monteli-pano-klimasi-2000w-115v;3328.510;RITTAL;SK 3328.510 Yan pnl-kapı monteli Pano Kliması 2000W;
sk-3328-514-rittal-yan-pnl-kapi-monteli-pano-klimasi-2000w-nema-4x;3328.514;RITTAL;SK 3328.514 Yan pnl-kapı Monteli Pano Kliması 2000W;
sk-3328-540-rittal-yan-pnl-kapi-monteli-pano-klimasi-2000w-400v;3328.540;RITTAL;SK 3328.540 Rittal Yan pnl-kapı monteli Pano 2000W;
sk-3328-544-rittal-yan-pnl-kapi-monteli-pano-klimasi-2000w-nema-4x-paslanmaz;3328.544;RITTAL;SK 3328.544 Yan pnl-kapı Monteli Pano Kliması 2000W;
sk-3328-600-rittal-yan-pnl-kapi-monteli-pano-klimasi-2000w-230v-paslanmaz;3328.600;RITTAL;SK 3328.600 Yan pnl-kapı monteli Pano Kliması 2000W;
sk-3328-610-rittal-yan-pnl-kapi-monteli-pano-klimasi-2000w-115v;3328.610;RITTAL;SK 3328.610 Yan pnl-kapı monteli Pano Kliması 2000W;
sk-3328-640-rittal-yan-pnl-kapi-monteli-pano-klimasi-2000w-400v-paslanmaz;3328.640;RITTAL;SK 3328.640 Yan pnl-kapı monteli Pano Kliması, 2000W;
rittal-sk-3328110-yana-kapi-montajli-klima-temel-2000-w;3328110;RITTAL;SK 3328110 Yana / Kapı Montajlı Klima Temel 2000;
rittal-sk-3328140-wall-mounted-cooling-units-basic-2000-w;3328140;RITTAL;SK 3328140 Wall-mounted cooling units Basic 2000;
rittal-sk-3328200-yana-kapi-montajli-klima-temel-2000-w;3328200;RITTAL;SK 3328200 Yana / Kapı Montajlı Klima Temel 2000;
rittal-sk-3328210-wall-mounted-cooling-units-basic-2000-w;3328210;RITTAL;SK 3328210 Wall-mounted cooling units Basic 2000;
rittal-sk-3328240-yana-kapi-montajli-klima-temel-2000-w;3328240;RITTAL;SK 3328240 Yana / Kapı Montajlı Klima Temel 2000;
sk-3329-100-yan-pnl-kapi-monteli-pano-klimasi-2500w;3329.100;RITTAL;SK 3329.100 Yan pnl-kapı monteli Pano Kliması 2500W;
sk-3329-500-rittal-yan-pnl-kapi-monteli-pano-klimasi-2500w-230v;3329.500;RITTAL;SK 3329.500 Yan pnl-kapı monteli Pano Kliması 2500W;
sk-3329-504-rittal-yan-pnl-kapi-monteli-pano-klimasi-2500w-nema-4x;3329.504;RITTAL;SK 3329.504 Rittal Yan pnl-kapı Pano Kliması 2500W;
sk-3329-510-rittal-yan-pnl-kapi-monteli-pano-klimasi-2500w-115v;3329.510;RITTAL;SK 3329.510 Rittal Yan pnl-kapı monteli Pano 2500W;
sk-3329-514-rittal-yan-pnl-kapi-monteli-pano-klimasi-2500w-230v-nema-4x;3329.514;RITTAL;SK 3329.514 Rittal Yan pnl-kapı Pano Kliması 2500W;
sk-3329-540-rittal-yan-pnl-kapi-monteli-pano-klimasi-2500w-400v;3329.540;RITTAL;SK 3329.540 Rittal Yan pnl-kapı monteli Pano 2500W;
sk-3329-544-rittal-yan-pnl-kapi-monteli-pano-klimasi-2500w-400v;3329.544;RITTAL;SK 3329.544 Rittal Yan pnl-kapı Pano Kliması 2500W;
sk-3329-600-rittal-yan-pnl-kapi-monteli-pano-klimasi-2500w-230v;3329.600;RITTAL;SK 3329.600 Rittal Yan pnl-kapı monteli Pano 2500W;
sk-3329-610-rittal-yan-pnl-kapi-monteli-pano-klimasi-2500w-115v;3329.610;RITTAL;SK 3329.610 Yan pnl-kapı monteli Pano Kliması 2500W;
sk-3329-640-rittal-yan-pnl-kapi-monteli-pano-klimasi-2500w-400v;3329.640;RITTAL;SK 3329.640 Yan pnl-kapı monteli Pano Kliması 2500W;
rittal-sk-3329110-wall-mounted-cooling-units-basic-2500-w;3329110;RITTAL;SK 3329110 Wall-mounted cooling units Basic 2500;
rittal-sk-3329140-yana-kapi-montajli-klima-temel-2500-w;3329140;RITTAL;SK 3329140 Yana / Kapı Montajlı Klima Temel 2500;
rittal-sk-3329200-wall-mounted-cooling-units-basic-2500-w;3329200;RITTAL;SK 3329200 Wall-mounted cooling units Basic 2500;
rittal-sk-3329210-yana-kapi-montajli-klima-temel-2500-w;3329210;RITTAL;SK 3329210 Yana Kapı Montajlı Klima Temel 2500;
rittal-sk-3329240-wall-mounted-cooling-units-basic-2500-w;3329240;RITTAL;SK 3329240 Wall-mounted cooling units Basic 2500;
rittal-sk-3329548-toptherm-wall-mounted-cooling-units-blue-e-ul-type-3r-4-output-class-2500-w;3329548;RITTAL;SK 3329548;
sk-3332-140-rittal-yan-pnl-kapi-pano-klimasi-4000w;3332.140;RITTAL;SK 3332.140 Rittal Yan pnl-kapı Pano Kliması 4000W;
sk-3332-540-rittal-yan-pnl-kapi-monteli-pano-klimasi-4000w-400v;3332.540;RITTAL;SK 3332.540 Rittal Yan pnl-kapı Pano Kliması 4000W;
sk-3332-640-rittal-yan-pnl-kapi-monteli-pano-klimasi-4000w-400v-paslanmaz;3332.640;RITTAL;SK 3332.640 Yan pnl-kapı monteli Pano Kliması 4000W;
rittal-sk-3332240-yana-kapi-montajli-klima-temel-4000-w;3332240;RITTAL;SK 3332240 Yana Kapı Montajlı Klima;
sk-3334-300-sk-chiller-blue-e-4-kw-380-415-v-440-480-v-3-50-60-hz-whd-450-x-820-x-710-mm;3334.300;RITTAL;SK 3334.300 Rittal Chiller Blue e+;
sk-3334-400-sk-chiller-blue-e-5-3-kw-380-415-v-440-480-v-3-50-60-hz-whd-450-x-1000-x-710-mm;3334.400;RITTAL;SK 3334.400 Rittal Chiller Blue e+;
sk-3334-600-sk-mini-ciller-4-5-kw-400v;3334.600;RITTAL;SK 3334.600 SK Mini Çiller, 4,5 kW, 400V;
sk-3334-660-sk-mini-ciller-6-kw-400v;3334.660;RITTAL;SK 3334.660 SK Mini Çiller, 6 kW, 400V;
sk-3335-790;3335.790;RITTAL;SK 3335.790 Rittal Çiller, 8 kW, TS 8 içinde dikili tip;
sk-3335-830-sk-ciller-8-kw-ts-8-icinde-dikili-tip-y-2100mm;3335.830;RITTAL;SK 3335.830 SK Çiller, 8 kW, TS 8 içinde Dikili Tip;
sk-3335-840-sk-ciller-12-kw-ts-8-icinde-dikili-tip;3335.840;RITTAL;SK 3335.840 SK Çiller, 12 kW, TS 8 içinde dikili tip;
sk-3335-850-sk-ciller-16-kw-ts-8-icinde-dikili-tip;3335.850;RITTAL;SK 3335.850 SK Çiller, 16 kW, TS 8 içinde dikili tip;
sk-3335-860-sk-ciller-20-kw-ts-8-icinde-dikili-tip;3335.860;RITTAL;SK 3335.860 SK Çiller, 20 kW, TS 8 içinde dikili tip;
sk-3335-870-sk-ciller-25-kw-ts-8-icinde-dikili-tip;3335.870;RITTAL;SK 3335.870 SK Çiller, 25 kW, TS 8 içinde dikili tip;
sk-3335-880-sk-ciller-32-kw-ts-8-icinde-dikili-tip;3335.880;RITTAL;SK 3335.880 SK Çiller, 32 kW, TS 8 içinde dikili tip;
sk-3335-890-sk-ciller-40-kw-ts-8-icinde-dikili-tip;3335.890;RITTAL;SK 3335.890 SK Çiller, 40 kW, TS 8 içinde dikili tip;
rittal-sk-3335590-chillers-for-water-toptherm-cooling;3335590;RITTAL;SK 3335590 Chillers for water TopTherm, cooling;
rittal-sk-3335600-chillers-for-water-toptherm-cooling;3335600;RITTAL;SK 3335600 Chillers for water TopTherm, cooling;
rittal-sk-3335610-chillers-for-water-toptherm-cooling;3335610;RITTAL;SK 3335610 Chillers for water TopTherm, cooling;
rittal-sk-3335620-chillers-for-water-toptherm-cooling;3335620;RITTAL;SK 3335620 Chillers for water TopTherm, cooling;
rittal-sk-3335630-chillers-for-water-toptherm-cooling;3335630;RITTAL;SK 3335630 Chillers for water TopTherm, cooling;
rittal-sk-3335640-chillers-for-water-toptherm-cooling;3335640;RITTAL;SK 3335640 Chillers for water TopTherm, cooling;
rittal-sk-3335650-chillers-for-water-toptherm-cooling;3335650;RITTAL;SK 3335650 Chillers for water TopTherm, cooling;
rittal-sk-3335660-chillers-for-water-toptherm-cooling;3335660;RITTAL;SK 3335660 TopTherm Soğutucu;
rittal-sk-3335920-vx25-toptherm-chillers-output-class-8000-w;3335920;RITTAL;SK 3335920 VX25 TopTherm chillers 8000 W;
rittal-sk-3335930-vx25-toptherm-chillers-output-class-8000-w;3335930;RITTAL;SK 3335930 VX25 TopTherm Chiller 8000 W;
rittal-sk-3335940-vx25-toptherm-chillers-output-class-12000-w;3335940;RITTAL;SK 3335940 VX25 TopTherm chillers 12000 W;
rittal-sk-3335950-vx25-toptherm-chillers-output-class-16000-w;3335950;RITTAL;SK 3335950 VX25 TopTherm chillers 16000 W;
rittal-sk-3335960-vx25-toptherm-chillers-output-class-20000-w;3335960;RITTAL;SK 3335960 VX25 TopTherm chillers 20000 W;
rittal-sk-3335970-vx25-toptherm-chillers-output-class-25000-w;VX25;RITTAL;SK 3335970 VX25 TopTherm chillers 25000 W;
rittal-sk-3336400-chillers-blue-e-output-class-11000-w;3336400;RITTAL;SK 3336400 Chillers Blue e Output class 11000 W;
rittal-sk-3336405-chillers-blue-e-output-class-11000-w;3336405;RITTAL;SK 3336405 Chillers Blue e Output class 11000 W;
rittal-sk-3336410-chillers-blue-e-output-class-15000-w;3336410;RITTAL;SK 3336410 Chillers Blue e Output class 15000 W;
rittal-sk-3336415-chillers-blue-e-output-class-15000-w;3336415;RITTAL;SK 3336415 Chillers Blue e Output class 15000 W;
rittal-sk-3336430-chillers-blue-e-output-class-20000-w;3336430;RITTAL;SK 3336430 Chillers Blue e Output class 20000 W;
rittal-sk-3336435-chillers-blue-e-output-class-20000-w;3336435;RITTAL;SK 3336435 Chillers Blue e Output class 20000 W;
rittal-sk-3336450-chillers-blue-e-output-class-25000-w;3336450;RITTAL;SK 3336450 Chillers Blue e Output class 25000 W;
rittal-sk-3336455-chillers-blue-e-output-class-25000-w;3336455;RITTAL;SK 3336455 Chillers Blue e Output class 25000 W;
rittal-sk-3339500-recooling-systems;3339500;RITTAL;SK 3339500 Recooling systems;
sk-3340-230-19-monteli-fan-2li-fan-230v;3340.230;RITTAL;SK 3340.230 Rittal 19'' monteli fan, 2'li fan, 230V;
sk-3341-115-rittal-19-monteli-fan-3lu-fan-115v;19'';RITTAL;SK 3341.115 Rittal 19'' monteli fan, 3'lü fan, 115V;
sk-3341-230-rittal-19-monteli-fan-3lu-fan-230v;3341.230;RITTAL;SK 3341.230 Rittal 19'' monteli fan, 3'lü fan, 230V;
sk-3342-024-rittal-19-monteli-fan-3lu-fan-24v-dc;3342.024;RITTAL;SK 3342.024 Rittal 19'' monteli fan, 3'lü fan, 24V (DC);
sk-3342-230-sk-19-monteli-fan-3lu-fan-230v;3342.230;RITTAL;SK 3342.230 SK 19'' monteli fan, 3'lü fan, 230V;
sk-3342-500-rittal-19-monteli-fan-3lu-fan-24v-dc-115-230v-ac;3342.500;RITTAL;SK 3342.500 Rittal 19''monteli fan 24V DC 115-230V;
sk-3342115-rittal-gomulu-havalandirma-480-m3-s;3342.115;RITTAL;SK 3342115, Rittal Gömülü havalandırma. 480 m3 / s;
3350-115-rittal-for-482-6-mm-19-115-v-1-50-60-hz-whd-482-6-x-44-x-200-mm;3350.115;RITTAL;SK 3350.115 Rittal 19'' 115 V;
sk-3350-230-rittal-19-monteli-fan-2li-fan-230v-aks-85mm;3350.230;RITTAL;SK 3350.230 Rittal 19'' monteli fan, 2'li fan, 230V;
sk-3351-230-rittal-19-monteli-fan-3lu-fan-230v-aks-85mm;3351.230;RITTAL;SK 3351.230 Rittal 19'' monteli fan, 3'lü fan, 230V;
sk-3352-024-rittal-raf-tipi-fan-for-482-6-mm-19-24-v-dc-whd-482-6-x-44-x-200-mm;3352.024;RITTAL;SK 3352.024 Rittal Raf Tipi Fan, 19'' 24 V;
sk-3352-115-rittal-raf-tipi-fan;3352230;RITTAL;SK 3352.115 Rittal Raf tipi Fan;
sk-3352-230-rittal-19-monteli-fan-3lu-fan-230v-aks-105mm;3352230;RITTAL;SK 3352.230 Rittal 19'' monteli fan, 3'lü fan, 230V;
sk-3352-500-rittal-19-monteli-fan-3lu-fan-115v-aks-105mm;3352.500;RITTAL;SK 3352.500 Rittal 19'' monteli fan, 3'lü fan,115V;
sk-kilavuz-cercevesi-sk-3350-3351-3352-230-icin;3355100;RITTAL;SK 3355100 Kılavuz Çerçevesi;
3355700-display-frame;3355700;RITTAL;SK 3355700 Rittal Ekran Çerçevesi;
baying-plate-for-vx25-blue-e-integration-solution;3355710;RITTAL;SK 3355710 Yedek Parça;
rittal-sk-3355720-electrical-condensate-evaporator-for-blue-e-roof-mounted-cooling-units;3355720;RITTAL;SK 3355720;
sk-kilavuz-cercevesi;3356100;RITTAL;SK 3356100 Kılavuz Çerçevesi;
sk-kilavuz-cercevesi-sk-3352-500-icin;3357100;RITTAL;SK 3357100 Kılavuz Çerçevesi;
sk-3359-500-rittal-tavan-monteli-pano-klimasi;3359500;RITTAL;SK 3359.500 Rittal Tavan Monteli Pano Kliması;
sk-3359-510-tavan-monteli-pano-klima;3359510;RITTAL;SK 3359.510 Tavan Monteli Pano Klima;
sk-3359-540-rittal-tavan-monteli-pano-klimasi;3359540;RITTAL;SK 3359.540 Rittal Tavan Monteli Pano Kliması;
sk-3359-600-tavan-monteli-pano-klimasi-50w;750;RITTAL;SK 3359.600 Tavan Monteli Pano Kliması 50W;
sk-3359-610-tavan-monteli-pano-klima;3359610;RITTAL;SK 3359.610 Tavan Monteli Pano Klima;
sk-3359-640-rittal-tavan-tipi-paslanmaz-celik-pano-klimasi;3359.640;RITTAL;SK 3359.640 Tavan Tipi Paslanmaz Çelik Pano Kliması;
sk-3360-100;3360.100;RITTAL;SK 3360.100 Yan panel monteli çiller, 1000W, 400V;
sk-3360-250-sk-yan-panel-monteli-ciller-2500w-400v;3360.250;RITTAL;SK 3360.250 SK Yan panel monteli çiller, 2500W, 400V;
sk-3360400-yan-panel-monteli-ciller-4000w-400v;3360400;RITTAL;SK 3360400 Yan Panel Monteli Çiller 4000W;
sk-3361-500-rittal-yan-pnl-kapi-monteli-pano-klimasi-750w-230v;3361.500;RITTAL;SK 3361.500 Yan pnl-kapı Monteli Pano Kliması 750W;
sk-3361-510-rittal-duvar-monteli-pano-klimasi-750w-115v;3361.510;RITTAL;SK 3361.510 Rittal Duvar Monteli Pano Kliması 750W;
sk-3361-540-rittal-yan-pnl-kapi-monteli-pano-klimasi-750w-400v;3361.540;RITTAL;SK 3361.540 Rittal Yan pnl-kapı Pano Kliması 750W;
sk-3361-600-rittal-yan-pnl-kapi-monteli-pano-klimasi-750w-230v;3361.600;RITTAL;SK 3361.600 Rittal Yan pnl-kapı Pano Kliması, 750W;
sk-3361-610-rittal-yan-pnl-kapi-monteli-pano-klimasi-750w-115v;3361.610;RITTAL;SK 3361.610 Yan pnl-kapı monteli Pano Kliması, 750W;
sk-3363-100-chiler-sogutucu-hava-su-isi-degistirici-yan-pnl-kapi-500w-basic;3363.100;RITTAL;SK 3363.100 Chiler Soğutucu yan pnl-kapı 500W;
sk-3363-104-chiler-sogutucu-duvara-monte-hava-su-isi-esanjoru;3363.104;RITTAL;SK 3363.104 Chiler Soğutucu Hava Su Isı Eşanjörü;
sk-3363-500-chiler-sogutucu-hava-su-isi-degistirici-yan-pnl-kapi-500w-komfort;3363.500;RITTAL;SK 3363.500 Chiler Soğutucu yan pnl-kapı, 500W;
sk-3363-504-chiler-sogutucu-duvara-monte-hava-su-isi-esanjoru;3363.504;RITTAL;SK 3363.504 Chiler Soğutucu Hava Su Isı Eşanjörü;
rittal-sk-air-water-heat-exchangers-3363110-wall-mounted-useful-cooling-output-500-w;3363110;RITTAL;SK 3363110;
rittal-sk-air-water-heat-exchangers-3363114-wall-mounted-useful-cooling-output-500-w;3363114;RITTAL;SK 3363114 Air/water heat exchangers;
rittal-sk-air-water-heat-exchangers-3363140-wall-mounted-useful-cooling-output-500-w;3363140;RITTAL;SK 3363140 Air/water heat exchangers;
rittal-sk-air-water-heat-exchangers-3363144-wall-mounted-useful-cooling-output-500-w;3363144;RITTAL;SK 3363144 Air/water heat exchangers;
rittal-sk-air-water-heat-exchangers-3363510-wall-mounted-useful-cooling-output-500-w;3363510;RITTAL;SK 3363510 Air/water heat exchangers;
rittal-sk-air-water-heat-exchangers-3363514-wall-mounted-useful-cooling-output-500-w;3363514;RITTAL;SK 3363514 Air/water heat exchangers;
rittal-sk-air-water-heat-exchangers-3363540-wall-mounted-useful-cooling-output-500-w;3363540;RITTAL;SK 3363540 Air/water heat exchangers 500 W;
rittal-sk-air-water-heat-exchangers-3363544-wall-mounted-useful-cooling-output-500-w;3363544;RITTAL;SK 3363544;
sk-3364-100-chiler-sogutucu-hava-su-isi-degistirici-yan-pnl-kapi-1000w-basic;3364.100;RITTAL;SK 3364.100 Chiler Soğutucu yan pnl-kapı 1000W;
sk-3364-104-chiler-sogutucu-duvara-monte-hava-su-isi-esanjoru;3364.104;RITTAL;SK 3364.104 Chiler Soğutucu Hava Su Isı Eşanjörü;
sk-3364-500-chiler-sogutucu-hava-su-isi-degistirici-yan-pnl-kapi-1000w-komfort;3364.500;RITTAL;SK 3364.500 Chiler Hava/su Isı Değiştirici 1000W;
sk-3364-504-chiler-sogutucu-duvara-monte-hava-su-isi-esanjoru;3364.504;RITTAL;SK 3364.504 Chiler Soğutucu Hava Su Isı Eşanjörü;
rittal-sk-air-water-heat-exchangers-3364110-wall-mounted-useful-cooling-output-1000-w;3364110;RITTAL;SK 3364110;
rittal-sk-air-water-heat-exchangers-3364114-wall-mounted-useful-cooling-output-1000-w;3364114;RITTAL;SK 3364114;
rittal-sk-air-water-heat-exchangers-3364140-wall-mounted-useful-cooling-output-1000-w;3364140;RITTAL;SK 3364140 Hava Su ısı eşanjörleri;
rittal-sk-air-water-heat-exchangers-3364144-wall-mounted-useful-cooling-output-1000-w;3364144;RITTAL;SK 3364144;
rittal-sk-air-water-heat-exchangers-3364510-wall-mounted-useful-cooling-output-1000-w;3364510;RITTAL;SK 3364510;
rittal-sk-air-water-heat-exchangers-3364514-wall-mounted-useful-cooling-output-1000-w;3364514;RITTAL;SK 3364514;
rittal-sk-air-water-heat-exchangers-3364540-wall-mounted-useful-cooling-output-1000-w;3364540;RITTAL;SK 3364540;
rittal-sk-air-water-heat-exchangers-3364544-wall-mounted-useful-cooling-output-1000-w;3364544;RITTAL;SK 3364544 Hava / Su Isı Eşanjörü 1000 W;
sk-3366-500-rittal-yan-pnl-kapi-monteli-pano-klimasi-1500w-230v-slimline;3366.500;RITTAL;SK 3366.500 Yan pnl-kapı monteli Pano Kliması 1500W;
sk-3366-540-rittal-yan-pnl-kapi-monteli-pano-klimasi-1500w-400v-slimline;3366.540;RITTAL;SK 3366.540 Rittal Yan pnl-kapı Pano Kliması 1500W;
sk-3366-600-rittal-yan-pnl-kapi-monteli-pano-klimasi-1500w-230v-slimline;3366.600;RITTAL;SK 3366.600 Rittal Yan pnl-kapı Pano Kliması 1500W;
sk-3366-610-rittal-yan-pnl-kapi-monteli-pano-klimasi-1500w-115v-slimline;3366.610;RITTAL;SK 3366.610 Yan pnl-kapı monteli Pano Kliması 1500W;
sk-3366-640-rittal-yan-pnl-kapi-monteli-pano-klimasi-1500w-400v-slimline;3366.640;RITTAL;SK 3366.640 Rittal Pano Kliması 1500W 400V slimline;
rittal-sk-3366100-wall-mounted-cooling-units-basic-slimline-1500-w;3366100;RITTAL;SK 3366100 Wall-mounted cooling units;
rittal-sk-3366110-yana-kapi-montajli-klima-temel-slimline-1500-w;3366110;RITTAL;SK 3366110 YanKapı Klima Temel Slimline1500 W;
rittal-sk-3366140-wall-mounted-cooling-units-basic-slimline-1500-w;3366140;RITTAL;SK 3366140 Wall-mounted cooling units Basic;
rittal-sk-3366200-yana-kapi-montajli-klima-temel-slimline-1500-w;3366200;RITTAL;SK 3366200 Yana Kapı Montajlı Klima 500 W;
rittal-sk-3366210-wall-mounted-cooling-units-basic-slimline-1500-w;3366210;RITTAL;SK 3366210 Basic Slimline1500 W;
rittal-sk-3366240-yana-kapi-montajli-klima-temel-slimline-1500-w;3366240;RITTAL;SK 3366240 Yana Montajlı Klima Slimline1500 W;
sk-3370-229-rittal-kabin-kompakt-yan-pnl-kapi-pano-klimasi-300w;3370.229;RITTAL;SK 3370.229 Rittal kabin Kompakt Yan pnl-kapı Pano Kliması 300W;
sk-3370-629-rittal-kabin-kompakt-yan-pnl-kapi-pano-klimasi-2000w;3370.629;RITTAL;SK 3370.629 Rittal kabin Kompakt Yan pnl-kapı Pano Kliması 2000W;
sk-3373-100-chiler-sogutucu-isi-degistirici-yan-pnl-kapi-monteli-2000w-230-v;3373.100;RITTAL;SK 3373.100 Chiler Soğutucu Isı Değiştirici,2000W;
sk-3373-104-chiler-sogutucu-duvara-monte-hava-su-isi-esanjoru;3373.104;RITTAL;SK 3373.104 Chiler Soğutucu Hava Su Isı Eşanjörü;
sk-3373-110-chiler-sogutucu-duvara-monte-hava-su-isi-esanjoru;3373.110;RITTAL;SK 3373.110 Chiler Soğutucu Hava Su Isı Eşanjörü;
sk-3373-114-chiler-sogutucu-duvara-monte-hava-su-isi-esanjoru;3373.114;RITTAL;SK 3373.114 Chiler Soğutucu Hava Su Isı Eşanjörü;
sk-3373-140-chiler-sogutucu-duvara-monte-hava-su-isi-esanjoru;3373.140;RITTAL;SK 3373.140 Chiler Soğutucu Hava Su Isı Eşanjörü;
sk-3373-144-chiler-sogutucu-duvara-monte-hava-su-isi-esanjoru;3373.144;RITTAL;SK 3373.144 Chiler Soğutucu Hava Su Isı Eşanjörü;
sk-3373-500-rittal-chiler-sogutucu-isi-degistirici-yan-pnl-kapi-monteli-2000w-komfort;3373.500;RITTAL;SK 3373.500 Rittal Chiler Soğutucu Isı değiştirici,2000W;
sk-3373-504-chiler-sogutucu-duvara-monte-hava-su-isi-esanjoru;3373.504;RITTAL;SK 3373.504 Chiler Soğutucu Hava Su Isı Eşanjörü;
sk-3373-510-chiler-sogutucu-duvara-monte-hava-su-isi-esanjoru;3373.510;RITTAL;SK 3373.510 Chiler Soğutucu Hava Su Isı Eşanjörü;
sk-3373-514-chiler-sogutucu-duvara-monte-hava-su-isi-esanjoru;3373.514;RITTAL;SK 3373.514 Chiler Hava Su Isı Eşanjörü;
sk-3373-540-chiler-sogutucu-duvara-monte-hava-su-isi-esanjoru;3373.540;RITTAL;SK 3373.540 Chiler Duvara Monte Eşanjör;
sk-3373-544-chiler-sogutucu-duvara-monte-hava-su-isi-esanjoru;3373.544;RITTAL;SK 3373.544 Chiler Hava Su Isı Eşanjörü;
sk-3374-100-chiler-sogutucu-isi-degistirici-yan-pnl-kapi-monteli-3000w-basic;3374.100;RITTAL;SK 3374.100 Chiler Soğutucu Isı Değiştirici 3000W;
sk-3374-110-chiler-sogutucu-duvara-monte-hava-su-isi-esanjoru;3374.110;RITTAL;SK 3374.110 Rittal Chiler Hava Su Isı Eşanjörü;
sk-3374-114-chiler-sogutucu-duvara-monte-hava-su-isi-esanjoru;3374.114;RITTAL;SK 3374.114 Rittal Chiler Hava Su Isı Eşanjörü;
sk-3374-140-chiler-sogutucu-duvara-monte-hava-su-isi-esanjoru;3374.140;RITTAL;SK 3374.140 Rittal Chiler Hava Su Isı Eşanjörü;
sk-3374-144-rittal-chiler-sogutucu-duvara-monte-hava-su-isi-esanjoru;3374.144;RITTAL;SK 3374.144 Duvara Monte Hava Su Isı Eşanjörü;
sk-3374-500-chiler-sogutucu-isi-degistirici-yan-pnl-kapi-monteli-3000w-komfort;3374.500;RITTAL;SK 3374.500 Chiler yan pnl-kapı monteli 3000W;
sk-3374-504-chiler-sogutucu-duvara-monte-hava-su-isi-esanjoru;3374.504;RITTAL;SK 3374.504 Rittal Chiler Hava Su Isı Eşanjörü;
sk-3374-510-chiler-sogutucu-duvara-monte-hava-su-isi-esanjoru;3374.510;RITTAL;SK 3374.510 Rittal Chiller Hava Su Isı Eşanjörü;
sk-3374-514-chiler-sogutucu-duvara-monte-hava-su-isi-esanjoru;3374.514;RITTAL;SK 3374.514 Rittal Chiler Hava Su Isı Eşanjörü;
sk-3374-540-chiler-sogutucu-air-water-heat-exchanger-wall-mounted-3-kw-400-v-2-50-60-hz-whd-400x950x145-mm-e-comfort-controller;3374.540;RITTAL;SK 3374.540 Chiler Soğutucu;
sk-3374-544-chiler-sogutucu-duvara-monte-hava-su-isi-esanjoru;3374.544;RITTAL;SK 3374.544 Rittal Chiler Hava Su Isı Eşanjörü;
sk-3374-104-chiler-sogutucu-duvara-monte-hava-su-isi-esanjoru;3374.104;RITTAL;SK 3374104 Chiler Hava Su Isı Eşanjörü;
sk-3375-100-chiler-sogutucu-isi-degistirici-yan-pnl-kapi-monteli-5000w-basic;3375.100;RITTAL;SK 3375.100 Chiler Yan pnl-kapı Monteli 5000W;
sk-3375-104-chiler-sogutucu-isi-degistirici-yan-pnl-kapi-monteli-4500w-basic;3375.104;RITTAL;SK 3375.104 Rittal Chiler Yan pnl-kapı Monteli 4500W;
sk-3375-110-chiler-sogutucu-duvara-monte-hava-su-isi-esanjoru;3375.110;RITTAL;SK 3375.110 Rittal Chiler Hava Su Isı Eşanjörü;
sk-3375-114-rittal-chiler-sogutucu-duvara-monte-hava-su-isi-esanjoru;3375.114;RITTAL;SK 3375.114 Chiler Soğutucu Hava Su Isı Eşanjörü;
sk-3375-140-chiler-sogutucu-duvara-monte-hava-su-isi-esanjoru;3375.140;RITTAL;SK 3375.140 Chiler Soğutucu Hava Su Isı Eşanjörü;
sk-3375-144-chiler-sogutucu-duvara-monte-hava-su-isi-esanjoru;3375.144;RITTAL;SK 3375.144 Chiler Soğutucu Hava Su Isı Eşanjörü;
sk-3375-500-chiler-sogutucu-isi-degistirici-yan-pnl-kapi-monteli-5000w-komfort;3375.500;RITTAL;SK 3375.500 Chiler Yan pnl-kapı Monteli 5000W;
sk-3375-504-chiler-sogutucu-duvara-monte-hava-su-isi-esanjoru;3375.504;RITTAL;SK 3375.504 Chiler Soğutucu Hava Su Isı Eşanjörü;
sk-3375-510-chiler-sogutucu-duvara-monte-hava-su-isi-esanjoru;3375.510;RITTAL;SK 3375.510 Duvara Monte Hava Su Isı Eşanjörü;
sk-3375-514-rittal-chiler-sogutucu-duvara-monte-hava-su-isi-esanjoru;3375.514;RITTAL;SK 3375.514 Rittal Chiler Soğutucu;
sk-3375-540-chiler-sogutucu;3375.540;RITTAL;SK 3375.540 Chiler Soğutucu;
sk-dis-montaj-cercevesi-sk-3366-icin;3377000;RITTAL;SK 3377000 Dış Montaj Çerçevesi;
rittal-sk-3377100-wall-mounted-cooling-units-basic-slimline-1500-w;3377100;RITTAL;SK 3377100 Wall-mounted cooling units;
rittal-sk-3377110-yana-kapi-montajli-klima-temel-slimline-1500-w;3377110;RITTAL;SK 3377110 Yana / Kapı Montajlı Klima;
rittal-sk-3377140-wall-mounted-cooling-units-basic-slimline-1500-w;3377140;RITTAL;SK 3377140 Wall-mounted cooling units;
rittal-sk-3377200-yana-kapi-montajli-klima-temel-slimline-1500-w;3377200;RITTAL;SK 3377200 Yana / Kapı Montajlı Klima;
rittal-sk-3377210-wall-mounted-cooling-units-basic-slimline-1500-w;3377210;RITTAL;SK 3377210 Basic Slimline, 1500 W;
rittal-sk-3377240-yana-kapi-montajli-klima-temel-slimline-1500-w;3377240;RITTAL;SK 3377240 Temel Slimline, 1500 W;
rittal-sk-3377500-wall-mounted-cooling-units-basic-slimline-1500-w;3377500;RITTAL;SK 3377500 Basic Slimline, 1500 W;
rittal-sk-3377510-yana-kapi-montajli-klima-temel-slimline-1500-w;3377510;RITTAL;SK 3377510 Yana / Kapı Montajlı Klima;
rittal-sk-3377540-wall-mounted-cooling-units-basic-slimline-1500-w;3377540;RITTAL;SK 3377540 Wall-mounted cooling units;
rittal-sk-3377600-yana-kapi-montajli-klima-temel-slimline-1500-w;3377600;RITTAL;SK 3377600 Yana / Kapı Montajlı Klima;
rittal-sk-3377610-wall-mounted-cooling-units-basic-slimline-1500-w;3377610;RITTAL;SK 3377610 Basic Slimline, 1500 W;
rittal-sk-3377640-yana-kapi-montajli-klima-temel-slimline-1500-w;3377640;RITTAL;SK 3377640 Temel Slimline, 1500 W;
sk-3378-200;3378.200;RITTAL;SK 3378.200 Chiler Soğutucu LCP;
sk-3378-280-chiler-sogutma-sk-lcp-gyd-300x2000x800-mm;3378.280;RITTAL;SK 3378.280 Chiler Soğutma;
rittal-sk-3378300-liquid-cooling-package-output-class-10000-w-lcp-rack-industry;3378300;RITTAL;SK 3378300;
rittal-sk-3378380-liquid-cooling-package-output-class-10000-w-lcp-rack-industry;3378380;RITTAL;SK 3378380;
sk-3382-500-tavan-monteli-pano-klimasi;500;RITTAL;SK 3382.500 Tavan Monteli Pano Kliması;
sk-3382-510-rittal-tavan-monteli-pano-klima-500w;3382510;RITTAL;SK 3382.510 Rittal Tavan Monteli Pano Klima 500W;
sk-3382-510-rittaltoptherm-blue-e-catiya-monte-0-55-kw-pano-klimasi;3382.510;RITTAL;SK 3382.510 TopTherm Çatıya Monte Pano Kliması;
sk-3382-600-rittal-blue-e-paslanmaz-celik-tavan-monteli-pano-klimasi;3382600;RITTAL;SK 3382.600 Tavan Monteli Pano Kliması;
sk-3383-500-tavan-monteli-pano-klima-1000w;3383500;RITTAL;SK 3383.500 Tavan Monteli Pano Klima 1000W;
sk-3383-510-rittal-tavan-monteli-pano-klima-1000w;3383510;RITTAL;SK 3383.510 Rittal Tavan Monteli Pano Klima 1000W;
sk-3383-540-rittal-tavan-monteli-pano-klima;3383540;RITTAL;SK 3383.540 Rittal Tavan Monteli Pano Klima;
sk-3383-600-rittal-tavan-monteli-pano-klimasi-1000w;3383600;RITTAL;SK 3383.600 Rittal Tavan Monteli Pano Kliması 1000W;
sk-3383-610-rittal-tavan-monteli-paslanmaz-celik-pano-klimasi-1000w;3383.610;RITTAL;SK 3383.610 Paslanmaz Çelik Pano Kliması 1000W;
sk-3383-640-rittal-tavan-monteli-paslanmaz-celik-pano-klimasi;1000;RITTAL;SK 3383.640 Rittal Tavan Monteli Paslanmaz Klima;
rittal-sk-3383740-roof-mounted-cooling-units-with-co2-as-the-coolant-useful-cooling-output-1000-w;3383740;RITTAL;SK 3383740 Roof-mounted cooling units with CO2 as the coolant, useful cooling output 1000 W;
sk-3384-500-rittal-tavan-monteli-karbon-celik-pano-klimasi-1500w-230v;1500W;RITTAL;SK 3384.500 Tavan Monteli Çelik Pano Kliması;
sk-3384-510-karbon-celik-blue-e-rittal-pano-klimasi-1500w;3384.510;RITTAL;SK 3384.510 Karbon Çelik Blue e Pano Kliması;
sk-3384-540-rittal-tavan-monteli-pano-klimasi-1500w;3384540;RITTAL;SK 3384.540 Rittal Tavan Monteli Pano Kliması 1500W;
sk-3384-640-tavan-monteli-pano-klimasi-1500w-paslanmaz-celik-kasa;1500;RITTAL;SK 3384.640 Tavan Monteli Pano Kliması 1500W;
sk-3384600-rittal-tavan-monteli-pano-klimasi-1500w;3384600;RITTAL;SK 3384600 Tavan Monteli Pano Kliması 1500W;
sk-tavan-monteli-klima-2000w-230v-3385-500;3385.500;RITTAL;SK 3385.500 Rittal Tavan Monteli Pano Kliması;
sk-3385-510-rittal-toptherm-blue-e-cati-tipi-2000w-pano-klimasi;3385510;RITTAL;SK 3385.510 Blue e Çatı Tipi 2000W Pano Kliması;
sk-3385-540-rittal-tavan-monteli-pano-klimasi-2000w;3385540;RITTAL;SK 3385.540 RİTTAL Tavan Monteli Pano Kliması 2000W;
sk-3385-600-rittal-tavan-monteli-pano-klimasi-2000w;3385600;RITTAL;SK 3385.600 Rittal Tavan Monteli Pano Kliması 2000W;
sk-3385-610-rittal-tavan-monteli-paslanmaz-celik-pano-klimasi-2000w;3385610;RITTAL;SK 3385.610 Tavan Monteli Çelik Pano Kliması;
sk-3385-640-rittal-tavan-monteli-pano-klimasi-2000w;3385640;RITTAL;SK 3385.640 Rittal Tavan Monteli Pano Kliması , 2000W;
sk-3386-540-rittal-tavan-monteli-karbon-celik-pano-klimasi-3000w-400v;3386540;RITTAL;SK 3386.540 Karbon Çelik Pano Kliması 3000W;
sk-3386-640-rittal-tavan-monteli-paslanmaz-celik-3000w-pano-klimasi;3386640;RITTAL;SK 3386.640 Rittal Çelik 3000W Pano Kliması;
sk-tavan-monteli-klima-4000w-400v-sk-3387-540;3387.540,sk;RITTAL;SK 3387.540 Tavan Monteli Pano Klima 4000W 400V;
sk-3387-640-tavan-monteli-paslanmaz-pano-klimasi;3387640;RITTAL;SK 3387.640 Tavan Monteli Paslanmaz Pano Kliması;
sk-3387140-tavan-monteli-pano-klimasi;3387140;RITTAL;SK 3387140 Tavan Monteli Pano Kliması;
sk-3387240-tavan-monteli-pano-klimasi;3387240;RITTAL;SK 3387240 Tavan Monteli Pano Kliması;
radyal-fan-3396-032;3396.032;RITTAL;SK 3396.032 İç Sirkülasyon Fanı;
chiller-pompa-motoru-3396-093;3396.093;RITTAL;SK 3396.093 Pompa;
kompresor;3396.137;RITTAL;SK 3396.137 Kompresör;
elektronik-kart-3396-278;3396.278;RITTAL;SK 3396.278 Klima yedek parçası - PCB kart;
sk-yedek-parca-aksesuar-paketi-3329xxx-icin;3396679;RITTAL;SK 3396.679 Yedek parça aksesuar paketi;
sk-accessory-bag-7;3396680;RITTAL;SK 3396.680 Accessory bag;
sk-pompa-t-201-130-0001-400v-3-50-60-hz-sk-3396091;3396091;RITTAL;SK 3396091 Rittal Pompa;
sk-kontrol-unitesi-3396096;3396096;RITTAL;SK 3396096 Rittal Kontrol Ünitesi;
sk-pump;3396107;RITTAL;SK 3396107 Pompa;
3396113-plakali-isi-esanjoru;3396113;RITTAL;SK 3396113 Plakalı Isı Eşanjörü;
sk-3396127-evaporator-coil;3396127;RITTAL;SK 3396127 Rittal Yedek Parça;
sk-condenser-coil;3396128;RITTAL;SK 3396128 Kondansatör;
sk-compressor;3396138;RITTAL;SK 3396138 Kompresör;
kompresor-1;3396141;RITTAL;SK 3396141 Kompresör;
sk-kompresor-mtz64hm4-380-400v-3-50hz;3396142;RITTAL;SK 3396142 Kompresör;
sk-kompresor-mtz40jh4-380-400v;3396143;RITTAL;SK 3396143 Kompresör;
kompresor-2;3396145;RITTAL;SK 3396145 Kompresör;
sk-compressor-1;3396146;RITTAL;SK 3396146 Kompresör;
pompa;3396161;RITTAL;SK 3396161 Pompa;
pompa-1;3396163;RITTAL;SK 3396163 Pompa;
pompa-2;3396165;RITTAL;SK 3396165 Pompa;
sk-pump-1;3396166;RITTAL;SK 3396166 Pompa;
pompa-3;3396167;RITTAL;SK 3396167 Pompa;
sk-pump-2;3396168;RITTAL;SK 3396168 Pompa;
pompa-4;3396170;RITTAL;SK 3396170 Pompa;
pompa-5;3396172;RITTAL;SK 3396172 Pompa;
sk-santrifuj-fan-3396260;3396260;RITTAL;SK 3396260 Santrifüj Fan;
radyal-fan-sk-3396-266;3396.266;RITTAL;SK 3396266 İç fan ünitesi;
sk-gosterge-unitesi;3396281;RITTAL;SK 3396281 Gösterge Ünitesi;
sk-display-unitesi-3302100-display-3396-282;3396.282;RITTAL;SK 3396282 Display ünitesi;
sk-pump-3;3396296;RITTAL;SK 3396296 Pompa;
radial-fan-sk-3396304;3396304;RITTAL;SK 3396304 Rittal Radial Fan;
sk-pump-4;3396327;RITTAL;SK 3396327 Pompa;
3396332-sk-heat-exchangers;3396332;RITTAL;SK 3396332 Eşanjör;
sensor-orta-3320-3334-sk-3396336;3396.336;RITTAL;SK 3396336 Rittal Yedek Parça;
pompa-6;3396339;RITTAL;SK 3396339 Pompa;
pompa-7;3396341;RITTAL;SK 3396341 Pompa;
pompa-8;3396342;RITTAL;SK 3396342 Pompa;
sk-pump-5;3396344;RITTAL;SK 3396344 Pompa;
sk-pump-6;3396345;RITTAL;SK 3396345 Pompa;
sk-pump-7;3396346;RITTAL;SK 3396346 Pompa;
pompa-9;3396347;RITTAL;SK 3396347 Pompa;
sk-pump-8;3396349;RITTAL;SK 3396349 Pompa;
pompa-10;3396355;RITTAL;SK 3396355 Pompa;
sk-pump-9;3396356;RITTAL;SK 3396356 Pompa;
sk-pump-10;3396358;RITTAL;SK 3396358 Pompa;
sk-pump-11;3396359;RITTAL;SK 3396359 Pompa;
pompa-11;3396373;RITTAL;SK 3396373 Pompa;
pompa-12;3396374;RITTAL;SK 3396374 Pompa;
pompa-13;3396376;RITTAL;SK 3396376 Pompa;
pompa-14;3396378;RITTAL;SK 3396378 Pompa;
sk-pump-12;3396379;RITTAL;SK 3396379 Pompa;
pompa-15;3396382;RITTAL;SK 3396382 Pompa;
sk-pump-13;3396383;RITTAL;SK 3396383 Pompa;
sk-pump-14;3396387;RITTAL;SK 3396387 Pompa;
pompa-16;3396388;RITTAL;SK 3396388 Pompa;
pompa-17;3396389;RITTAL;SK 3396389 Pompa;
pompa-18;3396391;RITTAL;SK 3396391 Pompa;
pompa-19;3396392;RITTAL;SK 3396392 Pompa;
axial-fan-sk-3396395;3396395;RITTAL;SK 3396395 Rittal Aksiyal Fan;
kompresor-3;3396427;RITTAL;SK 3396427 Kompresör;
kompresor-4;3396429;RITTAL;SK 3396429 Kompresör;
sk-kompresor;3396431;RITTAL;SK 3396431 Kompresör;
kompresor-5;3396432;RITTAL;SK 3396432 Kompresör;
kompresor-6;3396433;RITTAL;SK 3396433 Kompresör;
kompresor-7;3396434;RITTAL;SK 3396434 Kompresör;
kompresor-8;3396435;RITTAL;SK 3396435 Kompresör;
sk-compressor-2;3396436;RITTAL;SK 3396436 Kompresör;
kompresor-9;3396437;RITTAL;SK 3396437 Kompresör;
kompresor-10;3396438;RITTAL;SK 3396438 Kompresör;
kompresor-11;3396439;RITTAL;SK 3396439 Kompresör;
kompresor-12;3396440;RITTAL;SK 3396440 Kompresör;
kompresor-13;3396441;RITTAL;SK 3396441 Kompresör;
kompresor-14;3396443;RITTAL;SK 3396443 Kompresör;
kompresor-15;3396444;RITTAL;SK 3396444 Kompresör;
sk-compressor-3;3396445;RITTAL;SK 3396445 Kompresör;
sk-compressor-4;3396446;RITTAL;SK 3396446 Kompresör;
sk-compressor-5;3396447;RITTAL;SK 3396447 Kompresör;
kompresor-16;3396448;RITTAL;SK 3396448 Kompresör;
sk-water-assembly;3396513;RITTAL;SK 3396513 Yedek Parça;
sk-pump-15;3396532;RITTAL;SK 3396532 Pompa;
sk-water-assembly-1;3396537;RITTAL;SK 3396537 Yedek Parça;
sk-display;3396542;RITTAL;SK 3396542 Display;
sk-sealing-plate-4;3396546;RITTAL;SK 3396546 Aksesuar Çantası;
sk-display-kontrolor-hava-hava-isi-degistirici;3396548;RITTAL;SK 3396548 Display Kontrolör Hava/Hava Isı Degiştirici;
sk-display-unitesi-basic;3396549;RITTAL;SK 3396549 Display Ünitesi;
ekran;3396550;RITTAL;SK 3396550 Yedek Parça;
kompresor-17;3396569;RITTAL;SK 3396569 Kompresör;
sk-guc-karti-10;3396585;RITTAL;SK 3396585 PCB Güç Kartı;
pompa-20;3396587;RITTAL;SK 3396587 Pompa;
pompa-21;3396588;RITTAL;SK 3396588 Pompa;
pompa-22;3396589;RITTAL;SK 3396589 Pompa;
pompa-23;3396590;RITTAL;SK 3396590 Pompa;
pompa-24;3396591;RITTAL;SK 3396591 Pompa;
pompa-25;3396592;RITTAL;SK 3396592 Pompa;
pompa-26;3396593;RITTAL;SK 3396593 Pompa;
pompa-27;3396594;RITTAL;SK 3396594 Pompa;
pompa-28;3396595;RITTAL;SK 3396595 Pompa;
pompa-29;3396596;RITTAL;SK 3396596 Pompa;
pompa-30;3396597;RITTAL;SK 3396597 Pompa;
pompa-31;3396598;RITTAL;SK 3396598 Pompa;
pompa-32;3396599;RITTAL;SK 3396599 Pompa;
pompa-33;3396600;RITTAL;SK 3396600 Pompa;
sk-3396607-filtre-kurutucu-dml083s;3396607;RITTAL;SK 3396607 Filtre Kurutucu;
pompa-34;3396615;RITTAL;SK 3396615 Pompa;
water-level-indicator-sk-3396625;3396.625;RITTAL;SK 3396625 Rittal Yedek Parça;
sk-valf-12;3396626;RITTAL;SK 3396626 Rittal Valf;
kompresor-18;3396631;RITTAL;SK 3396631 Kompresör;
sk-display-mini-chiller-icin;3396639;RITTAL;SK 3396639 Display Mini Chiller için;
sk-display-kontrol-kablosu;3396640;RITTAL;SK 3396640 Dısplay Kontrol Kablosu;
elektronik-kart-sk-3396-666;3396.666;RITTAL;SK 3396666 Yedek parça;
sk-display-unitesi;3396667;RITTAL;SK 3396667 Display Ünitesi;
sk-pcb-kart-h-e-icin;3396668;RITTAL;SK 3396668 PCB Kart;
sk-accessory-bag;3396669;RITTAL;SK 3396669 Accessory bag;
sk-yedek-parca-aksesuar-paketi-3304xxx-icin;3396670;RITTAL;SK 3396670 Yedek parça aksesuar paketi, 3304xxx için;
sk-yedek-parca-aksesuar-paketi-3328xxx-icin;3396671;RITTAL;SK 3396671 Yedek parça aksesuar paketi, 3328xxx için;
sk-grille-2;3396672;RITTAL;SK 3396672 Grille;
sk-accessory-bag-1;3396673;RITTAL;SK 3396673 Accessory bag;
sk-accessory-bag-2;3396.674;RITTAL;SK 3396674 Accessory bag;
sk-accessory-bag-3;3396.675;RITTAL;SK 3396675 Accessory bag;
sk-accessory-bag-5;3396677;RITTAL;SK 3396677 Accessory bag;
sk-accessory-bag-10;3397405;RITTAL;SK 3396678 Accessory bag;
sk-accessory-bag-6;3396678;RITTAL;SK 3396678 Accessory bag;
sk-accessory-bag-8;3396696;RITTAL;SK 3396678 Accessory bag;
sk-accessory-bag-9;3397387;RITTAL;SK 3396678 Accessory bag;
sk-yedek-parca-aksesuar-paketi-1;3397248;RITTAL;SK 3396678 Yedek parça aksesuar paketi;
sk-yedek-parca-aksesuar-paketi-2;3397277;RITTAL;SK 3396678 Yedek parça aksesuar paketi;
sk-yedek-parca-aksesuar-paketi;3397247;RITTAL;SK 3396678 Yedek parça aksesuar paketi;
sk-display-1;3396697;RITTAL;SK 3396697 Display;
sk-pompa;3396704;RITTAL;SK 3396704 Pompa;
sk-display-2;3396711;RITTAL;SK 3396711 Display;
sk-heat-exchangers;3396713;RITTAL;SK 3396713 Isı Eşanjörü;
sk-heat-exchangers-1;3396715;RITTAL;SK 3396715 Isı Eşanjörü;
sk-heat-exchangers-2;3396716;RITTAL;SK 3396716 Isı Eşanjörü;
sk-heat-exchangers-3;3396717;RITTAL;SK 3396717 Isı Eşanjörü;
sk-heat-exchangers-4;3396719;RITTAL;SK 3396719 Isı Eşanjörü;
pompa-35;3396728;RITTAL;SK 3396728 Pompa;
plastik-kapak-3397-065;3397.065;RITTAL;SK 3397.065 Top Lover Plastik Kapak;
sk3397-165-rittal-kompresor;3397165;RITTAL;SK 3397.165 Rittal Kompresör;
kuyruklu-drayer-3397-252;3397.252;RITTAL;SK 3397.252 Filtre Dryer;
isi-sensoru-mavi-sk-3397-534;3397.534;RITTAL;SK 3397.534 Rittal Isı Sensörü Mavi;
isi-sensor-kirmizi-sk-3397-537;3397.537;RITTAL;SK 3397.537 Rittal Isı Sensör Kırmızı;
trafo-3397-556;3397.556;RITTAL;SK 3397.556 Yedek parça;
sk-condenser-coil-1;3397002;RITTAL;SK 3397002 Kondenser;
pressostat-sk-3397004;3397004;RITTAL;SK 3397004;
sk-condenser-coil-2;3397005;RITTAL;SK 3397005 Kondenser;
evaporator;3397006;RITTAL;SK 3397006 Evaporatör;
sk-evaporator-coil;3397011;RITTAL;SK 3397011 Evaporatör;
pressostat-ps3-wf5-hnu23-16-sk-3397014;3397014;RITTAL;SK 3397014;
sk-filtre-kurutucu;3397015;RITTAL;SK 3397015 Filtre Kurutucu;
sk-sizdirmazlik-plakasi;3397017;RITTAL;SK 3397017 Sızdırmazlık Plakası;
sk-heat-exchangers-5;3397024;RITTAL;SK 3397024 Isı Eşanjörü;
sk-sizdirmazlik-plakasi-2;3397029;RITTAL;SK 3397029 Rittal Sızdırmazlık Plakası;
sk-sizdirmazlik-plakasi-1;3397021;RITTAL;SK 3397029 Sızdırmazlık Plakası;
sk-condenser-coil-3;3397032;RITTAL;SK 3397032 Kondenser;
sk-sizdirmazlik-plakasi-3;3397034;RITTAL;SK 3397034 Sızdırmazlık Plakası;
sk-condenser-coil-4;3397035;RITTAL;SK 3397035 Kondenser;
sk-evaporator-coil-1;3397036;RITTAL;SK 3397036 Evaporatör;
sk-sizdirmazlik-plakasi-4;3397044;RITTAL;SK 3397044 Sızdırmazlık plakası;
kompresor-19;3397046;RITTAL;SK 3397046 Kompresör;
sk-filtre-kurutucu-1;3397.047;RITTAL;SK 3397047 Dryer Filtre Kurutucu;
sk-filtre-kurutucu-sk-3305500-icin;3397048;RITTAL;SK 3397048 Filtre Kurutucu;
sk-kompresor-sc-15-ghx;3397052;RITTAL;SK 3397052 Kompresör;
yuksek-basinc-switch-3397-054;3397.054;RITTAL;SK 3397054 Genişleme Valfi;
sk-evaporator-coil-2;3397055;RITTAL;SK 3397055 Evaporatör;
kompresor-20;3397057;RITTAL;SK 3397057 Kompresör;
sk-filtre-kurutucu-2;3397058;RITTAL;SK 3397058 Filtre Kurutucu;
sk-baslangic-cihazi;3397061;RITTAL;SK 3397061 Yedek Parça;
kompresor-21;3397064;RITTAL;SK 3397064 Kompresör;
sk-capacitor;3397067;RITTAL;SK 3397067 Rittal Yedek Parça;
sk-kondenser-17;3397070;RITTAL;SK 3397070 Kondenser;
pressostat-sk-3397075;3397075;RITTAL;SK 3397075;
sk-condenser-coil-5;3397076;RITTAL;SK 3397076 Kondenser;
sk-izgara-kapak-4;3397086;RITTAL;SK 3397086 Izgara Kapak;
sk-kompresor-1;3397088;RITTAL;SK 3397088 Kompresör;
sk-evaporator-coil-3;3397090;RITTAL;SK 3397090 Evaporatör;
sk-evaporator-coil-4;3397094;RITTAL;SK 3397094 Evaporatör;
transformator-4;3397097;RITTAL;SK 3397097 Transformatör;
sk-sizdirmazlik-plakasi-5;3397.109;RITTAL;SK 3397109 Sızdırmazlık Plakası;
sk-sizdirmazlik-plakasi-6;3397110;RITTAL;SK 3397110 Sızdırmazlık Plakası;
sk-evaporator-coil-5;3397111;RITTAL;SK 3397111 Evaporatör;
sk-condenser;3397112;RITTAL;SK 3397112 Kondenser;
sk-sizdirmazlik-plakasi-7;3397113;RITTAL;SK 3397113 Sızdırmazlık Plakası;
sk-kompresor-3203100-icin;3397116;RITTAL;SK 3397116 Kompresör;
sk-condenser-1;3397120;RITTAL;SK 3397120 Kondenser;
sk-evaporator-coil-6;3397121;RITTAL;SK 3397121 Evaporatör;
sk-kompresor-sk-3309140-klima-icin;3397122;RITTAL;SK 3397122 Kompresör;
isi-esanjoru;3397124;RITTAL;SK 3397124 Isı Eşanjörü;
pressostat-sk-3397127;3397127;RITTAL;SK 3397127;
sk-condenser-2;3397128;RITTAL;SK 3397128 Kondenser;
sk-condenser-3;3397129;RITTAL;SK 3397129 Kondenser;
sk-evaporator-coil-7;3397130;RITTAL;SK 3397130 Evaporatör;
kompresor-22;3397131;RITTAL;SK 3397131 Kompresör;
sk-condenser-4;3397132;RITTAL;SK 3397132 Kondenser;
sk-condenser-5;3397133;RITTAL;SK 3397133 Kondenser;
sk-transformer;3397134;RITTAL;SK 3397134 Transformer;
sk-evaporator-coil-8;3397136;RITTAL;SK 3397136 Evaporatör;
sk-condenser-6;3397145;RITTAL;SK 3397145 Kondenser;
sk-kompresor-2;3397147;RITTAL;SK 3397147 Kompresör;
sk-sizdirmazlik-plakasi-8;3397149;RITTAL;SK 3397149 Sızdırmazlık Plakası;
transformator-19;3397154;RITTAL;SK 3397154 Rittal Transformatör;
sk-kompresor-3385540-icin;3397155;RITTAL;SK 3397155 Kompresör;
sk-starting-device;3397156;RITTAL;SK 3397156 Yedek Parça;
sk-kompresor-3;3397157;RITTAL;SK 3397157 Kompresör;
sk-baslangic-cihazi-1;3397166;RITTAL;SK 3397166 Yedek Parça;
pressostat-sk-3397169;3397169;RITTAL;SK 3397169;
isi-esanjoru-1;3397171;RITTAL;SK 3397171 Isı Eşanjörü;
sk-starting-device-1;3397172;RITTAL;SK 3397172 Yedek Parça;
sk-baslangic-cihazi-2;3397173;RITTAL;SK 3397173 Yedek Parça;
sk-baslangic-cihazi-3;3397175;RITTAL;SK 3397175 Yedek Parça;
kondansator-2;3397176;RITTAL;SK 3397176 Kondansatör;
sk-capacitor-1;3397177;RITTAL;SK 3397177 Kondansatör;
kompresor-23;3397178;RITTAL;SK 3397178 Kompresör;
sk-starting-device-3;3397187;RITTAL;SK 3397187 Rittal Yedek Parça;
sk-cover-baslik;3397200;RITTAL;SK 3397200 Cover Başlık;
sk-cover-baslik-1;3397201;RITTAL;SK 3397201 Cover Başlık;
sk-cover-baslik-2;3397206;RITTAL;SK 3397206 Cover Başlık;
sk-cover-baslik-3;3397207;RITTAL;SK 3397207 Cover Başlık;
sk-cover-baslik-4;3397211;RITTAL;SK 3397211 Cover Başlık;
sk-cover-baslik-5;3397213;RITTAL;SK 3397213 Cover Başlık;
sk-cover-baslik-6;3397217;RITTAL;SK 3397217 Cover Başlık;
sk-cover-baslik-7;3397223;RITTAL;SK 3397223 Cover Başlık;
sk-cover-baslik-8;3397234;RITTAL;SK 3397234 Cover Başlık;
sk-cover-baslik-9;3397235;RITTAL;SK 3397235 Cover Başlık;
sk-cover-baslik-10;3397239;RITTAL;SK 3397239 Cover Başlık;
sk-cover-baslik-11;3397240;RITTAL;SK 3397240 Cover Başlık;
sk-cover-baslik-12;3397241;RITTAL;SK 3397241 Cover Başlık;
sk-cover-baslik-13;3397242;RITTAL;SK 3397242 Cover Başlık;
sk-cover-baslik-14;3397244;RITTAL;SK 3397244 Cover Başlık;
sk-cover-baslik-15;3397251;RITTAL;SK 3397251 Cover Başlık;
sk-filtre-kurutucu-3;3397253;RITTAL;SK 3397253 Filtre Kurutucu;
sk-cover-baslik-16;3397259;RITTAL;SK 3397259 Cover Başlık;
sk-cover-baslik-17;3397260;RITTAL;SK 3397260 Cover Başlık;
sk-cover-baslik-18;3397262;RITTAL;SK 3397262 Cover Başlık;
sk-cover-baslik-19;3397267;RITTAL;SK 3397267 Cover Başlık;
sk-cover-baslik-20;3397276;RITTAL;SK 3397276 Cover Başlık;
sk-sizdirmazlik-plakasi-9;3397279;RITTAL;SK 3397279 Sızdırmazlık Plakası;
rittal-sk-3397282-dk-5501895-cover-baslik;3397282;RITTAL;SK 3397282 - DK 5501895 Cover Başlık;
isi-esanjoru-2;3397283;RITTAL;SK 3397283 Isı Eşanjörü;
kompresor-24;3397286;RITTAL;SK 3397286 Kompresör;
sk-compressor-6;3397287;RITTAL;SK 3397287 Kompresör;
sk-cover-baslik-22;3397305;RITTAL;SK 3397305 Cover Başlık;
sk-cover-baslik-23;3397306;RITTAL;SK 3397306 Cover Başlık;
sk-cover-baslik-25;3397308;RITTAL;SK 3397308 Cover Başlık;
sk-cover-baslik-26;3397309;RITTAL;SK 3397309 Cover Başlık;
sk-cover-baslik-27;3397310;RITTAL;SK 3397310 Cover Başlık;
sk-cover-baslik-28;3397311;RITTAL;SK 3397311 Cover Başlık;
sk-cover-baslik-30;3397313;RITTAL;SK 3397313 Cover Başlık;
sk-evaporator-coil-9;3397321;RITTAL;SK 3397321 Evaporatör;
sk-evaporator-coil-10;3397323;RITTAL;SK 3397323 Evaporatör;
sk-plate-heat-exchanger;3397324;RITTAL;SK 3397324 Plakalı Isı Eşanjörü;
sk-plate-heat-exchanger-2;3397327;RITTAL;SK 3397327 Plakalı Isı Eşanjörü;
sk-condenser-7;3397328;RITTAL;SK 3397328 Kondenser;
sk-condenser-8;3397330;RITTAL;SK 3397330 Kondenser;
sk-condenser-9;3397331;RITTAL;SK 3397331 Kondenser;
sk-condenser-10;3397332;RITTAL;SK 3397332 Kondenser;
sk-kompresor-4;3397333;RITTAL;SK 3397333 Kompresör;
otomatik-bosaltma-valfleri;3397344;RITTAL;SK 3397344 Yedek Parça;
sk-filtre-kurutucu-4;3397355;RITTAL;SK 3397355 Filtre Kurutucu;
sk-filtre-kurutucu-5;3397357;RITTAL;SK 3397357 Filtre Kurutucu;
sk-cover-baslik-31;3397364;RITTAL;SK 3397364 Cover Başlık;
transformator-25;3397365;RITTAL;SK 3397365 Transformatör;
sk-condenser-11;3397368;RITTAL;SK 3397368 Kondenser;
transformator-26;3397370;RITTAL;SK 3397370 Transformatör;
evaporator-5;3397379;RITTAL;SK 3397379 Evaporatör;
evaporator-6;3397380;RITTAL;SK 3397380 Evaporatör;
sk-kondenser-18;3397381;RITTAL;SK 3397381 Kondenser;
sk-kondenser-19;3397382;RITTAL;SK 3397382 Rittal Kondenser;
transformator-27;3397386;RITTAL;SK 3397386 Transformatör;
sk-cover-baslik-32;3397388;RITTAL;SK 3397388 Cover Başlık;
sk-sivi-filtresi-damla-separatoru-3214100-icin;3397389;RITTAL;SK 3397389 Damla Separatörü;
sk-esanjor-3214100-icin;3397390;RITTAL;SK 3397390 Eşanjör, 3214100 için;
sk-cover-baslik-33;3397393;RITTAL;SK 3397393 Cover Başlık;
sk-cover-baslik-34;3397.394;RITTAL;SK 3397394 Cover Başlık;
isi-esanjoru-3;3397396;RITTAL;SK 3397396 Isı Eşanjörü;
transformator-28;3397397;RITTAL;SK 3397397 Transformatör;
sk-cover-baslik-35;3397399;RITTAL;SK 3397399 Cover Başlık;
sk-evaporator-coil-11;3397402;RITTAL;SK 3397402 Evaporatör;
alt-kapak-tava-3397-403;3397.403;RITTAL;SK 3397403 Alt Tava;
sk-cover-baslik-36;3397404;RITTAL;SK 3397404 Cover Başlık;
sk-cover-baslik-37;3397406;RITTAL;SK 3397406 Cover Başlık;
sk-spray-eliminator-damla-separatoru;3397407;RITTAL;SK 3397407 Damla Separatörü;
sk-heat-exchangers-6;3397408;RITTAL;SK 3397408 Isı Eşanjörü;
sk-yedek-parca-aksesuar-paketi-3;3397409;RITTAL;SK 3397409 Rittal Yedek Parça Aksesuar Paketi;
sk-cover-baslik-38;3397410;RITTAL;SK 3397410 Cover Başlık;
isi-esanjoru-4;3397411;RITTAL;SK 3397411 Isı Eşanjörü;
sk-cover-baslik-39;3397412;RITTAL;SK 3397412 Cover Başlık;
sk-filter-dryer;3397452;RITTAL;SK 3397452 Filter Dryer;
sk-display-cable;3397486;RITTAL;SK 3397486 Display Kablosu;
sk-compressor-7;3397487;RITTAL;SK 3397487 Kompresör;
kompresor-25;3397488;RITTAL;SK 3397488 Kompresör;
kompresor-26;3397489;RITTAL;SK 3397489 Kompresör;
sk-kompresor-3305-icin;3397490;RITTAL;SK 3397490 Kompresör;
sk-kompresor-5;3397491;RITTAL;SK 3397491 Kompresör;
kompresor-27;3397492;RITTAL;SK 3397492 Kompresör;
kompresor-28;3397493;RITTAL;SK 3397493 Kompresör;
sk-compressor-8;3397494;RITTAL;SK 3397494 Kompresör;
kompresor-sk3397-495;3397.495;RITTAL;SK 3397495 Kompresör;
sk-kompresor-6;3397496;RITTAL;SK 3397496 Kompresör;
sk-kompresor-3303100-icin;3397497;RITTAL;SK 3397497 Kompresör;
sk-yedek-parca-aksesuar-paketi-4;3397504;RITTAL;SK 3397504 Rittal Yedek Parça Aksesuar Paketi;
sk-sizdirmazlik-plakasi-3273500-icin;3397509;RITTAL;SK 3397509 Sızdırmazlık plakası 3273500 için,;
sk-sealing-plate;3397510;RITTAL;SK 3397510 Yalıtım Plakası;
sk-filtre-kurutucu-6;3397522;RITTAL;SK 3397522 Filtre Kurutucu;
sk-izgara-kapak-16;3397527;RITTAL;SK 3397527 Izgara Kapak;
sk-lamelengitter-catisi-595x415;3397528;RITTAL;SK 3397528 Rittal Izgara;
sk-gosterge-paneli-kapak;3397532;RITTAL;SK 3397532 Gösterge Paneli Kapak;
sk-transformer-1;3397555;RITTAL;SK 3397555 Transformer;
sk-transformer-2;3397557;RITTAL;SK 3397557 Transformer;
sk-transformer-3;3397558;RITTAL;SK 3397558 Transformer;
sk-transformer-4;3397559;RITTAL;SK 3397559 Transformer;
sk-trafo-sk-3385140-icin;3397560;RITTAL;SK 3397560 Transformatör;
sk-transformer-5;3397564;RITTAL;SK 3397564 Transformer;
sk-evaporator-coil-12;3397565;RITTAL;SK 3397565 Evaporatör;
evaporator-1;3397568;RITTAL;SK 3397568 Evaporatör;
evaporator-2;3397572;RITTAL;SK 3397572 Evaporatör;
sk-evaporator;3397573;RITTAL;SK 3397573 Evaporatör;
sk-kondenser;3397577;RITTAL;SK 3397577 Kondenser;
sk-condenser-12;3397578;RITTAL;SK 3397578 Kondenser;
sk-kondenser-1;3397581;RITTAL;SK 3397581 Kondenser;
sk-kondenser-2;3397582;RITTAL;SK 3397582 Kondenser;
sk-kondenser-sk-3303-icin;3397590;RITTAL;SK 3397590 Kondenser;
sk-condenser-13;3397594;RITTAL;SK 3397594 Kondenser;
sk-yedek-parca-aksesuar-paketi-5;3397595;RITTAL;SK 33975965 Rittal Aksesuar Paketi;
sk-grille-5;3397597;RITTAL;SK 3397597 Grille;
pressostat-sk-3397603;3397.603;RITTAL;SK 3397603;
sk-evaporator-sk-3386-icin;3397604;RITTAL;SK 3397604 Evaporatör;
sk-grille-6;3397605;RITTAL;SK 3397605 Grille;
sk-grille-7;3397610;RITTAL;SK 3397610 Grille;
sk-grille-8;3397611;RITTAL;SK 3397611 Grille;
sk-evaporator-sk-3304-icin;3397613;RITTAL;SK 3397613 Evaporatör;
sk-yedek-parca-sk-3304-icin;3397614;RITTAL;SK 3397614 Yedek Parça;
sk-evaporator-sk-3305-icin;3397615;RITTAL;SK 3397615 Evaporatör;
sk-condenser-14;3397616;RITTAL;SK 3397616 Kondenser;
kompresor-29;3397623;RITTAL;SK 3397623 Kompresör;
kompresor-30;3397629;RITTAL;SK 3397629 Kompresör;
sk-yedek-parca-3302100-icin;3397630;RITTAL;SK 3397630 Yedek parça, 3302100 için;
sk-plate-heat-exchanger-3;3397638;RITTAL;SK 3397638 Plakalı Isı Eşanjörü;
tank;3397640;RITTAL;SK 3397640 Yedek Parça;
sk-cover-baslik-52;3397642;RITTAL;SK 3397642 Cover Başlık;
tank-1;3397643;RITTAL;SK 3397643 Yedek Parça;
sk-plate-heat-exchanger-4;3397644;RITTAL;SK 3397644 Plakalı Isı Eşanjörü;
tank-2;3397646;RITTAL;SK 3397646 Yedek Parça;
sk-accessory-bag-11;3397647;RITTAL;SK 3397647 Aksesuar Çantası;
sk-sealing-plate-2;3397656;RITTAL;SK 3397656 Yalıtım Plakası;
sk-accessory-bag-12;3397657;RITTAL;SK 3397657 Aksesuar Çantası;
sk-accessory-bag-13;3397662;RITTAL;SK 3397662 Aksesuar Çantası;
sk-kompresor-7;3397668;RITTAL;SK 3397668 Kompresör;
pompa-36;3397680;RITTAL;SK 3397680 Pompa;
sk-kompresor-3328100-icin;3397693;RITTAL;SK 3397693 Kompresör;
trk5480y-kompresor-3397-694;3397694;RITTAL;SK 3397694 Kompresör;
sk-kompresor-sk-3329-icin;3397695;RITTAL;SK 3397695 Kompresör;
sk-accessory-bag-14;3397699;RITTAL;SK 3397699 Aksesuar Çantası;
sk-evaporator-coil-13;3397709;RITTAL;SK 3397709 Evaporatör;
sk-kondenser-3;3397711;RITTAL;SK 3397711 Kondenser;
sk-compressor-9;3397712;RITTAL;SK 3397712 Kompresör;
sk-evaporator-coil-14;3397715;RITTAL;SK 3397715 Evaporatör;
sk-condenser-15;3397716;RITTAL;SK 3397716 Kondenser;
sk-yogusma-suyu-buharlastiricisi-tip1;3397717;RITTAL;SK 3397717 Yoğuşma Suyu Buharlaştırıcısı;
sk-kompresor-rb174ydk;3397719;RITTAL;SK 3397719 Kompresör;
sk-buharlastirici-unite-tip2-400-460;3397721;RITTAL;SK 3397721 Yoğuşmalı Buharlaştırıcı;
sk-kompresor-8;3397722;RITTAL;SK 3397722 Kompresör;
pressostat-sk-3397724;3397724;RITTAL;SK 3397724;
sk-evaporator-coil-15;3397725;RITTAL;SK 3397725 Evaporatör;
sk-condenser-16;3397726;RITTAL;SK 3397726 Kondenser;
sk-kompresor-9;3397728;RITTAL;SK 3397728 Kompresör;
sk-yedek-parca-aksesuar-paketi-6;3397.729;RITTAL;SK 3397729 Yedek Parça Aksesuar Paketi;
sk-evaporator-coil-16;3397730;RITTAL;SK 3397730 Evaporatör;
sk-compressor-10;3397731;RITTAL;SK 3397731 Kompresör;
sk-filtre-kurutucu-7;3397733;RITTAL;SK 3397733 Filtre Kurutucu;
sk-capacitor-2;3397734;RITTAL;SK 3397734 Rittal Kondansatör;
sk-yedek-parca;3397758;RITTAL;SK 3397758 Yedek Parça;
sk-yedek-parca-1;3397759;RITTAL;SK 3397759 Yedek Parça;
sk-kompresor-10;3397761;RITTAL;SK 3397761 Kompresör;
sk-kompresor-3305-icin-1;3397762;RITTAL;SK 3397762 Kompresör;
sk-accessory-bag-15;3397784;RITTAL;SK 3397784 Aksesuar Çantası;
sk-enclosure;3397785;RITTAL;SK 3397785 Pano;
sk-yedek-parca-aksesuar-paketi-7;3397788;RITTAL;SK 3397788 Rittal Yedek Parça;
sk-yedek-parca-3212-230-icin;3397.789;RITTAL;SK 3397789 Rittal Yedek Parça, 3212.230 için;
sk-evaporator-sk-3384-3385;3397791;RITTAL;SK 3397791 Evaporatör;
leak-sensor-sk-3397796;3397796;RITTAL;SK 3397796 Rittal Kaçak Sensörü;
sk-automatic-bleeding-valves;3397804;RITTAL;SK 3397804 Otomatik Vantilatör;
isi-esanjoru-5;3397805;RITTAL;SK 3397805 Isı Eşanjörü;
plastik-tava-3397-807;3397.807;RITTAL;SK 3397807 Taban Tepsisi;
sk-transformer-6;3397815;RITTAL;SK 3397815 Transformer;
sk-transformer-7;3397816;RITTAL;SK 3397816 Transformer;
sk-evaporator-coil-17;3397817;RITTAL;SK 3397817 Evaporatör;
sk-evaporator-coil-18;3397818;RITTAL;SK 3397818 Evaporatör;
sk-evaporator-coil-19;3397819;RITTAL;SK 3397819 Evaporatör;
sk-evaporator-3304-3305-icin;3397820;RITTAL;SK 3397820 Evaporatör;
sk-condenser-17;3397821;RITTAL;SK 3397821 Kondenser;
sk-condenser-18;3397822;RITTAL;SK 3397822 Kondenser;
sk-kondenser-3377140-icin;3397823;RITTAL;SK 3397823 Kondenser, 3377140 için;
sk-yedek-parca-aksesuar-paketi-8;3397.827;RITTAL;SK 3397827 Rittal Yedek Parça Aksesuar Paketi;
sk-yedek-parca-aksesuar-paketi-9;3397.828;RITTAL;SK 3397828 Rittal Yedek Parça Aksesuar Paketi;
sk-accessory-bag-17;3397829;RITTAL;SK 3397829 Aksesuar Çantası;
sk-heat-exchangers-8;3397830;RITTAL;SK 3397830 Isı Eşanjörü;
sk-heat-exchangers-9;3397831;RITTAL;SK 3397831 Isı Eşanjörü;
sk-power-pack;3397832;RITTAL;SK 3397832 Rittal Yedek Parça;
sk-kondenser-4;3397833;RITTAL;SK 3397833 Kondenser;
sk-transformer-8;3397834;RITTAL;SK 3397834 Transformer;
sk-transformer-type-6;3397836;RITTAL;SK 3397836 Transformer;
sk-evaporator-coil-20;3397837;RITTAL;SK 3397837 Evaporatör;
sk-evaporator-fan-sk-3382xxx-icin;3397838;RITTAL;SK 3397838 Evaporatör Fan;
sk-grille-9;3397840;RITTAL;SK 3397840 Grille;
sk-klima-on-izgara-kapagi-yan-pnl-280x550;3397840;RITTAL;SK 3397840 Klima Ön Izgara Kapağı;
sk-accessory-bag-18;3397842;RITTAL;SK 3397842 Aksesuar Çantası;
sk-accessory-bag-19;3397.848;RITTAL;SK 3397848 Aksesuar Çantası;
sk-heat-exchangers-10;3397852;RITTAL;SK 3397852 Isı Eşanjörü;
aksesuar-cantasi;3397.853;RITTAL;SK 3397853 Aksesuar Çantası;
sk-sealing-plate-3;3397.856;RITTAL;SK 3397856 Yalıtım Plakası;
pompa-37;3397865;RITTAL;SK 3397865 Pompa;
sk-filter-dryer-1;3397866;RITTAL;SK 3397866 Filter Dryer;
sk-gosterge-kablosu-500mm-0-22qmm;3397867;RITTAL;SK 3397867 Gösterge Kablosu;
sk-display-cable-basis-3397-868;3397.868,SK3397.868,3397.868,3397868,SK;RITTAL;SK 3397868 Gösterge Kablosu;
sk-gosterge-kablosu-1500mm;3397869;RITTAL;SK 3397869 Gösterge Kablosu;
sk-ekran-kablosu-500mm-0-22qmm;3397870;RITTAL;SK 3397870 Ekran Kablosu;
sk-gosterge-kablosu;3397871;RITTAL;SK 3397871 Gösterge Kablosu;
sk-gosterge-kablosu-1;3397872;RITTAL;SK 3397872 Gösterge Kablosu;
sk-condenser-19;3397901;RITTAL;SK 3397901 Kondenser;
sk-filter-dryer-2;3397921;RITTAL;SK 3397921 Filter Dryer;
sk-filter-dryer-3;3397922;RITTAL;SK 3397922 Rittal Kurutucu;
sk-filter-dryer-4;3397923;RITTAL;SK 3397923 Filter Dryer;
sk-filter-dryer-5;3397924;RITTAL;SK 3397924 Filter Dryer;
sk-plate-heat-exchanger-5;3397931;RITTAL;SK 3397931 Plakalı Isı Eşanjörü;
sk-3397932-yag-karteri-isiticisi;3397932;RITTAL;SK 3397932 Yağ Karteri Isıtıcısı;
pompa-38;3397933;RITTAL;SK 3397933 Pompa;
pompa-39;3397935;RITTAL;SK 3397935 Pompa;
pompa-40;3397940;RITTAL;SK 3397940 Rittal Pompa;
kompresor-31;3397942;RITTAL;SK 3397942 Kompresör;
sk-condenser-20;3397943;RITTAL;SK 3397943 Kondenser;
ekran-1;3397944;RITTAL;SK 3397944 Rittal Yedek Parça;
su-seviye-gostergesi-sk-3397946;3397.946;RITTAL;SK 3397946 Rittal Su Seviye Göstergesi;
sk-oil-sump-heater;3397957;RITTAL;SK 3397957 Yağ Karteri Isıtıcısı;
yag-karteri-isiticisi-1;3397958;RITTAL;SK 3397958 Yağ Karteri Isıtıcısı;
yag-karteri-isiticisi-2;3397959;RITTAL;SK 3397959 Yağ Karteri Isıtıcısı;
yag-karteri-isiticisi-3;3397960;RITTAL;SK 3397960 Yağ Karteri Isıtıcısı;
sk-phase-relay;3397961;RITTAL;SK 3397961 Faz Rölesi;
sk-plate-heat-exchanger-6;3397963;RITTAL;SK 3397963 Plakalı Isı Eşanjörü;
sk-plate-heat-exchanger-7;3397.964;RITTAL;SK 3397964 Plakalı Isı Eşanjörü;
pompa-41;3397965;RITTAL;SK 3397965 Rittal Pompa;
pompa-42;3397966;RITTAL;SK 3397966 Pompa;
pompa-43;3397968;RITTAL;SK 3397968 Rittal Pompa;
pompa-44;3397969;RITTAL;SK 3397969 Pompa;
pompa-45;3397970;RITTAL;SK 3397970 Pompa;
pompa-46;3397971;RITTAL;SK 3397971 Pompa;
pompa-47;3397973;RITTAL;SK 3397973 Pompa;
pompa-48;3397974;RITTAL;SK 3397974 Pompa;
pompa-49;3397975;RITTAL;SK 3397975 Pompa;
pompa-50;3397976;RITTAL;SK 3397976 Pompa;
pompa-51;3397978;RITTAL;SK 3397978 Rittal Pompa;
pompa-52;3397979;RITTAL;SK 3397979 Pompa;
pompa-53;3397980;RITTAL;SK 3397980 Rittal Pompa;
pompa-54;3397981;RITTAL;SK 3397981 Rittal Pompa;
kompresor-32;3397983;RITTAL;SK 3397983 Kompresör;
sk-power-pack-1;3397985;RITTAL;SK 3397985 Rittal Yedek Parça;
kompresor-33;3397991;RITTAL;SK 3397991 Kompresör;
kompresor-34;3397993;RITTAL;SK 3397993 Kompresör;
kompresor-35;3397994;RITTAL;SK 3397994 Kompresör;
kompresor-36;3397995;RITTAL;SK 3397995 Kompresör;
esitleme-valfi-1;3398005;RITTAL;SK 3398005 Dengeleme Valfi;
kompresor-37;3398026;RITTAL;SK 3398026 Kompresör;
sk-kondenser-5;3398027;RITTAL;SK 3398027 Kondenser;
sk-kondenser-6;3398028;RITTAL;SK 3398028 Kondenser;
plakali-isi-esanjoru;3398030;RITTAL;SK 3398030 Plakalı Isı Eşanjörü;
pompa-55;3398033;RITTAL;SK 3398033 Pompa;
yag-karteri-isiticisi-4;3398035;RITTAL;SK 3398035 Yağ Karteri Isıtıcısı;
kompresor-38;3398037;RITTAL;SK 3398037 Kompresör;
sk-compressor-11;3398038;RITTAL;SK 3398038 Kompresör;
sk-genlesme-valfi-20;3398044;RITTAL;SK 3398044 Genleşme Valfi;
sk-filter-dryer-6;3398048;RITTAL;SK 3398048 Filter Dryer;
sk-compressor-12;3398051;RITTAL;SK 3398051 Kompresör;
sk-compressor-13;3398052;RITTAL;SK 3398052 Kompresör;
kompresor-39;3398053;RITTAL;SK 3398053 Kompresör;
sk-kompresor-11;3398054;RITTAL;SK 3398054 Kompresör;
kompresor-40;3398055;RITTAL;SK 3398055 Kompresör;
kompresor-41;3398056;RITTAL;SK 3398056 Kompresör;
kompresor-42;3398057;RITTAL;SK 3398057 Kompresör;
sk-compressor-14;3398058;RITTAL;SK 3398058 Kompresör;
pompa-56;3398060;RITTAL;SK 3398060 Pompa;
sk-pump-16;3398061;RITTAL;SK 3398061 Rittal Pompa;
pompa-57;3398062;RITTAL;SK 3398062 Pompa;
pompa-58;3398063;RITTAL;SK 3398063 Pompa;
pompa-59;3398064;RITTAL;SK 3398064 Pompa;
sk-pump-17;3398066;RITTAL;SK 3398066 Pompa;
pompa-60;3398084;RITTAL;SK 3398084 Pompa;
sk-pump-18;3398085;RITTAL;SK 3398085 Rittal Pompa;
pompa-61;3398086;RITTAL;SK 3398086 Rittal Pompa;
kompresor-43;3398088;RITTAL;SK 3398088 Kompresör;
sk-pump-19;3398089;RITTAL;SK 3398089 Rittal Pompa;
sk-pump-20;3398090;RITTAL;SK 3398090 Rittal Pompa;
pompa-62;3398091;RITTAL;SK 3398091 Rittal Pompa;
sk-pump-21;3398092;RITTAL;SK 3398092 Rittal Pompa;
sk-display-3;3398094;RITTAL;SK 3398094 Display;
sk-pump-22;3398095;RITTAL;SK 3398095 Pompa;
sk-pump-23;3398096;RITTAL;SK 3398096 Rittal Pompa;
pressostat-sk-3398098;3398098;RITTAL;SK 3398098;
sk-display-4;3398099;RITTAL;SK 3398099 Display;
sk-kompresor-12;3398100;RITTAL;SK 3398100 Kompresör;
pompa-63;3398101;RITTAL;SK 3398101 Rittal Pompa;
sk-power-pack-3;3398106;RITTAL;SK 3398106 Rittal Yedek Parça;
pompa-64;3398107;RITTAL;SK 3398107 Rittal Pompa;
sk-filter-dryer-7;3398110;RITTAL;SK 3398110 Filter Dryer;
pressostat-sk-3398111;3398.111;RITTAL;SK 3398111;
sk-grille-10;3398.113;RITTAL;SK 3398113 Grille;
sk-grille-11;3398114;RITTAL;SK 3398114 Grille;
sk-filter-dryer-8;3398122;RITTAL;SK 3398122 Filter Dryer;
pressostat-sk-3398123;3398123;RITTAL;SK 3398123 Yedek Parça;
sk-compressor-15;3398124;RITTAL;SK 3398124 Kompresör;
sk-compressor-16;3398125;RITTAL;SK 3398125 Kompresör;
sk-compressor-17;3398126;RITTAL;SK 3398126 Kompresör;
sk-pump-24;3398129;RITTAL;SK 3398129 Rittal Pompa;
sk-pump-25;3398136;RITTAL;SK 3398136 Rittal Pompa;
sk-pump-26;3398137;RITTAL;SK 3398137 Rittal Pompa;
kompresor-44;3398138;RITTAL;SK 3398138 Kompresör;
kompresor-45;3398141;RITTAL;SK 3398141 Kompresör;
sk-pump-27;3398142;RITTAL;SK 3398142 Rittal Pompa;
pompa-65;3398146;RITTAL;SK 3398146 Rittal Pompa;
kompresor-46;3398147;RITTAL;SK 3398147 Kompresör;
sk-kompresor-13;3398150;RITTAL;SK 3398150 Kompresör;
sk-menfez-tutucu-yatagi-yeni-versiyon-10lu-pk;3398153;RITTAL;SK 3398153 Menfez Tutucu Yatağı 10'lu pk;
sk-evaporator-coil-21;3398159;RITTAL;SK 3398159 Evaporatör;
sk-izgara-kapak-17;3398161;RITTAL;SK 3398161 Izgara Kapak;
pompa-66;3398164;RITTAL;SK 3398164 Rittal Pompa;
sk-izgara-kapak-18;3398168;RITTAL;SK 3398168 Izgara Kapak;
plakali-isi-esanjoru-1;3398171;RITTAL;SK 3398171 Plakalı Isı Eşanjörü;
sk-display-unitesi-1;3398174;RITTAL;SK 3398174 Display Ünitesi;
sk-evaporator-coil-22;3398182;RITTAL;SK 3398182 Evaporatör;
sk-compressor-18;3398187;RITTAL;SK 3398187 Kompresör;
pompa-67;3398201;RITTAL;SK 3398201 Rittal Pompa;
sk-condenser-21;3398205;RITTAL;SK 3398205 Kondenser;
sk-plate-heat-exchanger-8;3398207;RITTAL;SK 3398207 Plakalı Isı Eşanjörü;
sk-pump-28;3398213;RITTAL;SK 3398213 Rittal Pompa;
sk-pompa-3hm03p07tbrqqvz-elp-23-40;3398214;RITTAL;SK 3398214 Rittal Pompa;
sk-plateheatexchanger;3398217;RITTAL;SK 3398217 Evaporatör;
sk-evaporator-coil-23;3398218;RITTAL;SK 3398218 Evaporatör;
sk-evaporator-coil-24;3398219;RITTAL;SK 3398219 Evaporatör;
ekran-2;3398244;RITTAL;SK 3398244 Rittal Yedek Parça;
kompresor-47;3398251;RITTAL;SK 3398251 Kompresör;
sk-izgara-kapak-19;3398253;RITTAL;SK 3398253 Izgara Kapak;
sk-filtre-kurutucu-8;3398258;RITTAL;SK 3398258 Filtre Kurutucu;
sk-display-unitesi-2;3398264;RITTAL;SK 3398264 Display Ünitesi;
yag-karteri-isiticisi-6;3398266;RITTAL;SK 3398266 Yağ Karteri Isıtıcısı;
kompresor-48;3398275;RITTAL;SK 3398275 Kompresör;
kompresor-49;3398276;RITTAL;SK 3398276 Kompresör;
ekran-3;3398278;RITTAL;SK 3398278 Rittal Yedek Parça;
pompa-68;3398280;RITTAL;SK 3398280 Rittal Pompa;
pompa-69;3398281;RITTAL;SK 3398281 Rittal Pompa;
sk-kondenser-8;3398288;RITTAL;SK 3398288 Kondenser;
sk-evaporator-coil-25;3398289;RITTAL;SK 3398289 Evaporatör;
plakali-isi-esanjoru-2;3398290;RITTAL;SK 3398290 Plakalı Isı Eşanjörü;
kompresor-50;3398291;RITTAL;SK 3398291 Kompresör;
sk-kondenser-9;3398295;RITTAL;SK 3398295 Kondenser;
sk-evaporator-coil-26;3398296;RITTAL;SK 3398296 Evaporatör;
sk-kondenser-10;3398297;RITTAL;SK 3398297 Kondenser;
sk-kondenser-11;3398298;RITTAL;SK 3398298 Kondenser;
sk-evaporator-coil-27;3398299;RITTAL;SK 3398299 Evaporatör;
sk-kondenser-12;3398300;RITTAL;SK 3398300 Kondenser;
sk-kondenser-13;3398301;RITTAL;SK 3398301 Kondenser;
sk-kondenser-14;3398302;RITTAL;SK 3398302 Kondenser;
sk-evaporator-coil-28;3398303;RITTAL;SK 3398303 Evaporatör;
sk-evaporator-coil-29;3398304;RITTAL;SK 3398304 Evaporator;
sk-fan-trim-panel;3398306;RITTAL;SK 3398306 Fan Trim Panel;
plakali-isi-esanjoru-3;3398310;RITTAL;SK 3398310 Plakalı Isı Eşanjörü;
plakali-isi-esanjoru-4;3398311;RITTAL;SK 3398311 Plakalı Isı Eşanjörü;
plakali-isi-esanjoru-5;3398312;RITTAL;SK 3398312 Plakalı Isı Eşanjörü;
yuksek-basinc-sivici-sk-3398315;3398315;RITTAL;SK 3398315 Yüksek Basınç Switch;
yuksek-basinc-sivici-sk-3398317;3398317;RITTAL;SK 3398317 Yüksek Basınç Switch;
sk-evaporator-coil-30;3398320;RITTAL;SK 3398320 Evaporatör;
sk-power-pack-4;3398322;RITTAL;SK 3398322 Rittal Yedek Parça;
sk-kompresor-14;3398332;RITTAL;SK 3398332 Kompresör;
sk-filtre-kurutucu-9;3398335;RITTAL;SK 3398335 Rittal Filtre Kurutucu;
pressostat-sk-3398336;3398336;RITTAL;SK 3398336 Yedek Parça;
sk-3398337-display-ekran;3398337;RITTAL;SK 3398337 Display-Ekran;
sk-ekran-kablosu;3398338;RITTAL;SK 3398338 Ekran Kablosu;
sk-evaporator-coil-31;3398340;RITTAL;SK 3398340 Evaporatör;
sk-condenser-22;3398341;RITTAL;SK 3398341 Kondenser;
sk-aksesuar-paketi;3398.345;RITTAL;SK 3398345 Aksesuar Paketi;
sk-condensate-evaporator;3398350;RITTAL;SK 3398350 Yoğuşmalı Buharlaştırıcı;
sk-display-cable-1;3398351;RITTAL;SK 3398351 Display Kablosu;
aksesuar-cantasi-1;SK3398.353;RITTAL;SK 3398353 Aksesuar Çantası;
sk-compressor-19;3398360;RITTAL;SK 3398360 Kompresör;
sk-display-cable-2;3398364;RITTAL;SK 3398364 Display Kablosu;
pompa-70;3398366;RITTAL;SK 3398366 Rittal Pompa;
pompa-71;3398384;RITTAL;SK 3398384 Rittal Pompa;
pompa-72;3398385;RITTAL;SK 3398385 Rittal Pompa;
pompa-73;3398386;RITTAL;SK 3398386 Rittal Pompa;
pompa-74;3398387;RITTAL;SK 3398387 Rittal Pompa;
sk-pump-29;3398388;RITTAL;SK 3398388 Rittal Pompa;
sk-pump-30;3398389;RITTAL;SK 3398389 Rittal Pompa;
sk-compressor-20;3398395;RITTAL;SK 3398395 Kompresör;
kompresor-51;3398396;RITTAL;SK 3398396 Kompresör;
yuksek-basinc-sivici-sk-3398397;3398397;RITTAL;SK 3398397 Yedek Parça;
sk-display-5;3398402;RITTAL;SK 3398402 Display;
sk-display-unitesi-3;3398403;RITTAL;SK 3398403 Display Ünitesi;
sk-cover-12;3398405;RITTAL;SK 3398405 Cover;
sk-aksesuar-paketi-1;3398406;RITTAL;SK 3398406 Rittal Aksesuar Paketi;
sk-fan-trim;3398407;RITTAL;SK 3398407 Rittal Fan Kaplaması;
sk-condenser-23;3398409;RITTAL;SK 3398409 Kondenser;
sk-evaporator-1;3398410;RITTAL;SK 3398410 Evaporatör;
sk-ekran-kablosu-1;3398412;RITTAL;SK 3398412 Ekran Kablosu;
sk-kurutucu;3398413;RITTAL;SK 3398413 Rittal Kurutucu;
sk-kompresor-15;3398416;RITTAL;SK 3398416 Kompresör;
sk-kondenser-15;3398444;RITTAL;SK 3398444 Kondenser;
evaporator-3;3398445;RITTAL;SK 3398445 Evaporatör;
sk-kondenser-16;3398446;RITTAL;SK 3398446 Kondenser;
evaporator-4;3398447;RITTAL;SK 3398447 Evaporatör;
sk-steam-humidifier;5050203;RITTAL;SK 5050203 Yedek Parça;
buhar-nemlendirici;5050204;RITTAL;SK 5050204 Buhar Nemlendirici;
sk-display-6;5050207;RITTAL;SK 5050207 Display;
sk-power-pack-5;5050247;RITTAL;SK 5050247 Yedek Parça;
rittal-sk-5302041-digital-enclosure-internal-temperature-display-and-thermostat-integrated-into-a-patch-panel-1-u;5302041;RITTAL;SK 5302041;
rittal-sk-5502020-fan-mounting-plate-for-vx-it-te;5502020;RITTAL;SK 5502020 Fan mounting plate for VX IT, TE;
rittal-sk-6730600-adaptor-frame;6730600;RITTAL;SK 6730600 Adaptor frame;
dk-dijital-termometre-termostat-1u-230v-ac;7109035;RITTAL;SK 7109035 Yedek Parça;
rittal-sk-7507760-vent-coverfor-vx-vx-it;7507760;RITTAL;SK 7507760 Vent coverfor VX, VX IT;
rittal-sk-7825300-liquid-cooling-package;7825300;RITTAL;SK 7825300 Liquid Cooling Package;
rittal-sk-7825302-liquid-cooling-package;7825302;RITTAL;SK 7825302 Liquid Cooling Package;
rittal-sk-7826362-fan-roof;7826382;RITTAL;SK 7826362 Fan roof;
rittal-sk-7826382-fan-roof;7826382;RITTAL;SK 7826382 Fan roof;
rittal-sk-7826750-vent-cover;7826750;RITTAL;SK 7826750;
rittal-sk-7856360-fan-roof;7856360;RITTAL;SK 7856360 Fan roof;
rittal-sk-7856362-fan-roof;7856362;RITTAL;SK 7856362 Fan roof;
rittal-sk-7856366-fan-roof;7856366;RITTAL;SK 7856366 Fan roof;
rittal-sk-7856368-fan-roof;7856368;RITTAL;SK 7856368 Fan roof;
rittal-sk-7856380-fan-roof;7856380;RITTAL;SK 7856380 Fan roof;
rittal-sk-7856388-fan-roof;7856388;RITTAL;SK 7856388 Fan roof;
rittal-sk-7980000-fan-expansion-kit;7980000;RITTAL;SK 7980000 Fan expansion kit;
rittal-sk-7980100-fan-expansion-kit;7980100;RITTAL;SK 7980100 Fan expansion kit;
rittal-sk-7980148-fan-expansion-kit;7980148;RITTAL;SK 7980148 Fan expansion kit;
rittal-8207170-two-door-climate-controlled-enclosures;8207170;RITTAL;SK 8207170 İki Kapılı Klima Muhafaza;
rittal-8207180-two-door-climate-controlled-enclosures;8207180;RITTAL;SK 8207180 İki Kapılı Klima Muhafaza;
rittal-8287170-two-door-climate-controlled-enclosures;8287170;RITTAL;SK 8287170 İki Kapılı Klima Muhafaza;
rittal-8607840-single-door-climate-controlled-enclosures;8607840;RITTAL;SK 8607840;
rittal-sk-8616000-dcp-direct-cooling-package;8616000;RITTAL;SK 8616000 DCP – Direct Cooling Package;
rittal-sk-8616010-dcp-direct-cooling-package;8616010;RITTAL;SK 8616010 DCP – Direct Cooling Package;
rittal-sk-8616020-dcp-direct-cooling-package;8616020;RITTAL;SK 8616020 DCP – Direct Cooling Package;
rittal-sk-8616030-dcp-direct-cooling-package;8616030;RITTAL;SK 8616030 DCP – Direct Cooling Package;
rittal-sk-8616200-dcp-direct-cooling-package;8616200;RITTAL;SK 8616200 DCP – Direct Cooling Package;
rittal-sk-8616210-dcp-direct-cooling-package;8616210;RITTAL;SK 8616210 DCP – Direct Cooling Package;
rittal-sk-8616220-dcp-direct-cooling-package;8616220;RITTAL;SK 8616220 DCP – Direct Cooling Package;
rittal-sk-8616230-dcp-direct-cooling-package;8616230;RITTAL;SK 8616230 DCP – Direct Cooling Package;
rittal-sk-8616300-dcp-panelcooling;8616300;RITTAL;SK 8616300 DCP PanelCooling;
rittal-sk-8616310-dcp-panelcooling;8616310;RITTAL;SK 8616310 DCP PanelCooling;
rittal-sk-8616500-dcp-coolingunit-addon;8616500;RITTAL;SK 8616500 DCP CoolingUnit – AddOn;
rittal-sk-8616510-dcp-coolingunit-addon;8616510;RITTAL;SK 8616510 DCP CoolingUnit – AddOn;
rittal-sk-8616550-dcp-coolingunit-standalone;8616550;RITTAL;SK 8616550 DCP CoolingUnit – Standalone;
rittal-sk-8616560-dcp-coolingunit-standalone;8616560;RITTAL;SK 8616560 DCP CoolingUnit – Standalone;
rittal-sk-8616600-dcp-direct-cooling-package;8616600;RITTAL;SK 8616600 DCP – Direct Cooling Package;
rittal-sk-8616602cold-plate-incl-t-channel-for-frequency-converters;8616602;RITTAL;SK 8616602;
rittal-sk-8616610-dcp-direct-cooling-package;8616610;RITTAL;SK 8616610 DCP – Direct Cooling Package;
rittal-sk-8616620-dcp-direct-cooling-package;8616620;RITTAL;SK 8616620 DCP – Direct Cooling Package;
rittal-sk-8616622cold-plate-incl-t-channel-for-frequency-converters;8616622;RITTAL;SK 8616622;
rittal-sk-8616630-dcp-direct-cooling-package;8616630;RITTAL;SK 8616630 DCP – Direct Cooling Package;
rittal-sk-8616640-siemens-sinamics-s120-cold-plate-accessories;8616640;RITTAL;SK 8616640 Siemens SINAMICS S120;
rittal-sk-8616641-siemens-sinamics-s121-cold-plate-accessories;8616641;RITTAL;SK 8616641 Siemens SINAMICS S121;
rittal-sk-8616650-danfoss-vlt-automation-drive-fc300-cold-plate-accessories;8616650;RITTAL;SK 8616650;
rittal-sk-8616651-danfoss-vlt-automation-drive-fc301-cold-plate-accessories;8616651;RITTAL;SK 8616651;
rittal-sk-8616751-direct-fluid-connection-cold-plate-accessories;8616751;RITTAL;SK 8616751;
rittal-sk-8616763-elbow-coupling-cold-plate-accessories;8616763;RITTAL;SK 8616763;
rittal-sk-8616764-double-nipple-coupling-cold-plate-accessories;8616764;RITTAL;SK 8616764;
rittal-sk-8616765-temperature-sensor-tf25-cold-plate-accessories;8616765;RITTAL;SK 8616765 Sıcaklık Sensörü;
rittal-sk-8616772-flexible-hose;8616772;RITTAL;SK 8616772 Flexible hose;
rittal-sk-8616773-flexible-hose;8616773;RITTAL;SK 8616773 Flexible hose;
rittal-sk-8616800-dcp-direct-cooling-package;8616800;RITTAL;SK 8616800;
rittal-sk-8616802cold-plate-incl-t-channel-for-frequency-converters;8616802;RITTAL;SK 8616802;
rittal-sk-8616820-dcp-direct-cooling-package;8616820;RITTAL;SK 8616820;
rittal-sk-8616822cold-plate-incl-t-channel-for-frequency-converters;8616822;RITTAL;SK 8616822;
rittal-sk-8616830-dcp-direct-cooling-package;8616830;RITTAL;SK 8616830 DCP – Direct Cooling Package;
rittal-sk-8616840-siemens-sinamics-s120-cold-plate-accessories;8616840;RITTAL;SK 8616840 Siemens SINAMICS S120;
rittal-sk-8616841-siemens-sinamics-s121-cold-plate-accessories;8616841;RITTAL;SK 8616841 Siemens SINAMICS S121;
rittal-sk-8616850-danfoss-vlt-automation-drive-fc300-cold-plate-accessories;8616850;RITTAL;SK 8616850;
rittal-sk-8616851-danfoss-vlt-automation-drive-fc301-cold-plate-accessories;8616851;RITTAL;SK 8616851;
sk-8618200-rittal-komfort-kapi-kolu-vx;8618.200;RITTAL;SK 8618200 Rittal Komfort kapı kolu VX;
rittal-8687100-single-door-climate-controlled-enclosures;8687100;RITTAL;SK 8687100;
rittal-8687840-single-door-climate-controlled-enclosures;8687840;RITTAL;SK 8687840;
ts-tavan-plakasi-sklar-icin-ts-gd-600x600mm;8801310;RITTAL;SK 8801310 Tavan Plakası;
ts-tavan-plakasi-sklar-icin-ts-gd-800x600mm;8801320;RITTAL;SK 8801320 Tavan Plakası;
ts-tavan-plakasi-sklar-icin-ts-gd-800x600mm-1;8801330;RITTAL;SK 8801330 Tavan Plakası;
ts-tavan-plakasi-sklar-icin-ts-gd-800x600mm-2;8801340;RITTAL;SK 8801340 Tavan Plakası;
ts-tavan-plakasi-sklar-icin-ts-gd-1200x600mm;8801350;RITTAL;SK 8801350 Tavan Plakası;
ts-vent-attachment;8801380;RITTAL;SK 8801380 Rittal Yedek Parça;
rittal-sk-8801410-roof-plates-dk-ts;8801410;RITTAL;SK 8801410 Roof plates DK-TS;
rittal-sk-8801420-roof-plates-dk-ts;8801420;RITTAL;SK 8801420 Roof plates DK-TS;
rittal-sk-8801430-roof-plates-dk-ts;8801430;RITTAL;SK 8801430 Roof plates DK-TS;
rittal-sk-8801440-roof-plates-dk-ts;8801440;RITTAL;SK 8801440 Roof plates DK-TS;
rittal-sk-8801920-roof-plates-ts;8801920;RITTAL;SK 8801920 Roof plates TS;
rittal-8807100-single-door-climate-controlled-enclosures;8807100;RITTAL;SK 8807100;
rittal-8807180-two-door-climate-controlled-enclosures;8807180;RITTAL;SK 8807180 İki Kapılı Klima Muhafaza;
rittal-8807250-two-door-climate-controlled-enclosures;8807250;RITTAL;SK 8807250 İki Kapılı Klima Muhafaza;
rittal-8807260-two-door-climate-controlled-enclosures;8807260;RITTAL;SK 8807260 İki Kapılı Klima Muhafaza;
rittal-8887150-single-door-climate-controlled-enclosures;8887150;RITTAL;SK 8887150;
rittal-sk-9761212-air-air-heat-exchangers-and-cooling-units-for-cs-modular-enclosures;9761212;RITTAL;SK 9761212;
rittal-sk-9762212-air-air-heat-exchangers-and-cooling-units-for-cs-modular-enclosures;9762212;RITTAL;SK 9762212;
rittal-sk-9764040-air-air-heat-exchangers-and-cooling-units-for-cs-modular-enclosures;9764040;RITTAL;SK 9764040;
rittal-sk-9765051-air-air-heat-exchangers-and-cooling-units-for-cs-modular-enclosures;9765051;RITTAL;SK 9765051;
rittal-sk-9768152-air-air-heat-exchangers-and-cooling-units-for-cs-modular-enclosures;9768152;RITTAL;SK 9768152;
rittal-sk-9769080-enclosure-heater-800-w;9769080;RITTAL;SK 9769080 Enclosure heater 800 W;
rittal-sk-9776102-air-air-heat-exchangers-and-cooling-units-for-cs-toptec;9776102;RITTAL;SK 9776102;
rittal-sk-9776152-air-air-heat-exchangers-and-cooling-units-for-cs-toptec;9776152;RITTAL;SK 9776152;
rittal-sk-9776500-air-air-heat-exchangers-and-cooling-units-for-cs-toptec;9776500;RITTAL;SK 9776500;
rittal-sk-9776550-air-air-heat-exchangers-and-cooling-units-for-cs-toptec;9776550;RITTAL;SK 9776550;
sk-accessory-bag-4;3396676;RITTAL;SK Accessory bag;
sk-condensate-pump;3396545;RITTAL;SK Condensate pump;
sk-controller-1;3396.280;RITTAL;SK Controller;
sk-faz-rolesi;3397962;RITTAL;SK Faz Rölesi;
tek-yollu-valf-3397049;3397049;RITTAL;SK Genişleme valfi;
sk-genlesme-valfi-1;3396482;RITTAL;SK Genleşme valfi;
sk-grille;3396075;RITTAL;SK Grille;
sk-heat-exchangers-7;3397786;RITTAL;SK Isı Eşanjörü;
sk-kondenser-7;3398287;RITTAL;SK Kondenser;
plastik-on-kapak-sk-3397-530;3397.530;RITTAL;SK Lamelengıtter çatısı, 795x465;
sk-plate-heat-exchanger-1;3397325;RITTAL;SK Plakalı Isı Eşanjörü;
sk-power-pack-2;3398105;RITTAL;SK Rittal Yedek Parça;
sk-power-supply;3396731;RITTAL;SK Rittal Yedek Parça;
uc-yollu-valf-3397-072;3397.072;RITTAL;SK SK 3397.072 Genleşme Valfleri;
sk-valf-9;3396612;RITTAL;SK Valf;
sk-starting-device-2;3397174;RITTAL;SK Yedek Parça;
sk-yedek-parca-aksesuar-paketi-3303xxx-icin;3397621;RITTAL;SK Yedek parça aksesuar paketi, 3303xxx için;
sk3370-620-rittal-kabin-kompakt-yan-pnl-kapi-pano-klimasi-2000w;SK3370.620;RITTAL;SK3370.620 Rittal kabin Kompakt Yan pnl-kapı Pano Kliması 2000W;
so-flex-block-baza-panel-y-100mmg-d-1200mm-2li-pk;8100120;RITTAL;SO 8100120 Flex-Block Baza Panel Kaplama;
sv-3455-505-iletken-baglantisi-klemensi-iceri-itme;3455.505;RITTAL;SV 3455.505 İletken Bağlantısı Klemensi İçeri İtme;
sv-3456-505-sv-bara-gecmeli-klemens-10mm-bara-1-5-16mm2;3456.505;RITTAL;SV 3456.505 SV Bara geçmeli klemens 10mm bara, 1,5 – 16mm2;
sv-9340-000-yassi-bakir-ray-bara-askisi;9340.000;RITTAL;SV 9340.000 Yassı Bakır Ray Bara Askısı;
sv-9340-040-bara-askisi-2-kutuplu;9340.040;RITTAL;SV 9340.040 Bara Askısı 2 Kutuplu;
sv-9340-070-sonlandirici-kapak;9340.070;RITTAL;SV 9340.070 Sonlandırıcı Kapak;
sv-9340-260-temas-sistemsiz-om-tasiyici-kontak-sistemi-olmayan-om-adaptorleri;9340.260;RITTAL;SV 9340.260 OM Adaptörü;
sv-9340-340-baglanti-hatli-om-adaptoru-baglanti-kablolu;9340.340;RITTAL;SV 9340.340 Bağlantı Hatlı ve Kablolu OM Adaptörü;
sv-9340-430-baglanti-hatli-om-adaptoru-baglanti-kablolu;9340.430;RITTAL;SV 9340.430 Bağlantı Hatlı ve Kablolu OM Adaptörü;
sv-9340-530-baglanti-hatli-om-adaptoru-yayli;9340.530;RITTAL;SV 9340.530 Bağlantı Hatlı Yaylı OM Adaptörü;
sv-9340-630-baglanti-hatli-om-adaptoru-yayli;9340.630;RITTAL;SV 9340.630 Bağlantı Hatlı Yaylı OM Adaptörü;
sv-9342-800-pin-blogu-tasiyici-cerceve-icin;9342.800;RITTAL;SV 9342.800 Pin Bloğu Taşıyıcı Çerçeve İçin;
sv-9342-820-sv-sikistirma-blogu-montaj-aparati-5li-pk;9342.820;RITTAL;SV 9342.820 Sıkıştırma Bloğu Montaj Aparatı;
sv-yatay-blm-pnl-delikli-ts-g-600-d-600mm-4lu;9673465;RITTAL;SV 9673465 Fonksiyon Bölmesi Aparatı;
sv-9676-806-vida-m10;9676.806;RITTAL;SV 9676.806 Rittal Vida M10;
sv-bosluk-kapatma-aparati-pls-16li-pk;9676008;RITTAL;SV 9676008 Boşluk Kapatma Aparatı;
sz-2305000-monitor-cercevesi;2305000;RITTAL;SZ 2305000 Monitör çerçevesi;
sz-2403000-yazi-citasi;2403000;RITTAL;SZ 2403000 Yazı çıtası;
sz-2404000-identification-strips-yazi-citasi;2404000;RITTAL;SZ 2404000 Identification strips Yazı çıtası;
sz-2459-000-yogusma-suyu-cikisi-condensate-discharge;2459.000;RITTAL;SZ 2459.000 Condensate discharge;
sz-2459-500-basinc-dengeleme-tipasi-pressure-relief-stoppers;2459.500;RITTAL;SZ 2459.500 Pressure relief stoppers;
sz-4568-000-tasima-halkalari-vx-ts-se-icin;4568.000;RITTAL;SZ 4568.000 Taşıma halkaları VX, TS, SE için;
isi-sensoru-sari-3397-540;3397.540;RITTAL;Sarı Isı Sensörü SK 3397.540;
security-room-high-availability-for-data-centres;;RITTAL;Security room High availability for data centres;
temperature-sensor-sk-3398268;3398268;RITTAL;Sensör SK 3398268;
temperature-sensor-sk-3398381;3398381;RITTAL;Sensör SK 3398381;
level-monitor-sk-3398163;3398.163;RITTAL;Seviye Göstergesi 3398163;
isi-sensoru-su-donusu-sk-3397803;3397803;RITTAL;Su Dönüşü Isı Sensörü SK 3397803;
isi-sensoru-su-donusu-sk-3397878;3397878;RITTAL;Su Dönüşü Isı Sensörü SK 3397878;
sicaklik-probu-sk-3398339;3398339;RITTAL;Sıcaklık Probu SK 3398339;
sicaklik-probu-sk-3398411;3398411;RITTAL;Sıcaklık Sensörü SK 3398411;
ts-4166-000-kafes-somunlar;4166.000;RITTAL;TS 4166.000 Kafes Somunlar;
ts-4540-000-kombine-aci-vx-ts-icin;4540.000;RITTAL;TS 4540.000 Kombine açı VX, TS için;
temperature-sensor-sk-3398361;3398361;RITTAL;Temperature Sensör SK 3398361;
temperature-sensor-sk-3398269;3398269;RITTAL;Temperature sensor SK 3398269;
termostat-sk-3396636;3396636;RITTAL;Termostat SK 3396636;
termostat-sk-3397000;3397000;RITTAL;Termostat SK 3397000;
termostat-sk-3397009;3397.009;RITTAL;Termostat SK 3397009;
termostat-sk-3398103;3398103;RITTAL;Termostat SK 3398103;
termostat-sk-3398175;3398.175;RITTAL;Termostat SK 3398175;
termostat-sk-3398319;3398.319;RITTAL;Termostat SK 3398319;
termostat-sk-5050275;5050.275;RITTAL;Termostat SK 5050275;
thermostat-sk-3396609;3396609;RITTAL;Thermostat SK 3396609;
thermostat-sk-3396610;3396610;RITTAL;Thermostat SK 3396610;
thermostat-sk-3396620;3396620;RITTAL;Thermostat SK 3396620;
thermostat-sk-3397123;3397.123;RITTAL;Thermostat SK 3397123;
thermostat-sk-3398068;3398.068;RITTAL;Thermostat SK 3398068;
thermostat-sk-3398069;3398069;RITTAL;Thermostat SK 3398069;
thermostat-sk-3398070;3398.070;RITTAL;Thermostat SK 3398070;
transformator;3396117;RITTAL;Transformatör SK 3396117;
transformator-1;3397074;RITTAL;Transformatör SK 3397074;
transformator-2;3397078;RITTAL;Transformatör SK 3397078;
transformator-3;3397079;RITTAL;Transformatör SK 3397079;
transformator-5;3397108;RITTAL;Transformatör SK 3397108;
transformator-6;3397125;RITTAL;Transformatör SK 3397125;
transformator-7;3397137;RITTAL;Transformatör SK 3397137;
transformator-8;3397138;RITTAL;Transformatör SK 3397138;
transformator-9;3397139;RITTAL;Transformatör SK 3397139;
transformator-10;3397140;RITTAL;Transformatör SK 3397140;
transformator-11;3397141;RITTAL;Transformatör SK 3397141;
transformator-12;3397142;RITTAL;Transformatör SK 3397142;
transformator-13;3397146;RITTAL;Transformatör SK 3397146;
transformator-14;3397148;RITTAL;Transformatör SK 3397148;
transformator-15;3397150;RITTAL;Transformatör SK 3397150;
transformator-16;3397151;RITTAL;Transformatör SK 3397151;
transformator-17;3397152;RITTAL;Transformatör SK 3397152;
transformator-18;3397153;RITTAL;Transformatör SK 3397153;
transformator-20;3397161;RITTAL;Transformatör SK 3397161;
transformator-21;3397162;RITTAL;Transformatör SK 3397162;
transformator-22;3397164;RITTAL;Transformatör SK 3397164;
trafo-sk-3397-189;3397.189;RITTAL;Transformatör SK 3397189;
transformator-23;3397293;RITTAL;Transformatör SK 3397293;
transformator-24;3397.304;RITTAL;Transformatör SK 3397304;
transformator-29;3397398;RITTAL;Transformatör SK 3397398;
transformator-30;3397561;RITTAL;Transformatör SK 3397561;
transformator-31;3397563S;RITTAL;Transformatör SK 3397563;
transformator-32;3397669;RITTAL;Transformatör SK 3397669;
transformator-33;3397718;RITTAL;Transformatör SK 3397718;
transformator-34;3397727;RITTAL;Transformatör SK 3397727;
transformator-37;3397835;RITTAL;Transformatör SK 3397835;
transformator-38;3398003;RITTAL;Transformatör SK 3398003;
transformator-35;3398224;RITTAL;Transformatör SK 3398224;
transformator-36;3398235;RITTAL;Transformatör SK 3398235;
transformator-39;3398259;RITTAL;Transformatör SK 3398259;
vx-8617-500-vx-kose-birlestirme-aparati-6li-pk;8617.500;RITTAL;VX 8617.500 Köşe birleştirme aparatı, 6'lı pk;
vx-8617-502-pano-birlestirme-aparati-distan-vx-icin;8617.502;RITTAL;VX 8617.502 Pano birleştirme aparatı, dıştan VX için;
vx-8618450-yazi-citasi-vx-ts-se-icin;8618450;RITTAL;VX 8618450 Yazı çıtası VX, TS, SE için;
vx-it-7030262-glazed-door-vx-it-for-automatic-door-opening-ado;7030262;RITTAL;VX IT 7030262 Glazed door VX IT for Automatic Door Opening (ADO);
vx-it-7030263-glazed-door-vx-it-for-automatic-door-opening-ado;7030263;RITTAL;VX IT 7030263;
vx-it-7030272-glazed-door-vx-it-for-automatic-door-opening-ado;7030272;RITTAL;VX IT 7030272 Glazed door VX IT for Automatic Door Opening;
vx-it-7030273-glazed-door-vx-it-for-automatic-door-opening-ado;7030273;RITTAL;VX IT 7030273 Glazed door VX IT for Automatic Door Opening;
vx-it-7030282-glazed-door-vx-it-for-automatic-door-opening-ado;7030282;RITTAL;VX IT 7030282 Glazed door VX IT for Automatic Door Opening;
vx-it-7030283-glazed-door-vx-it-for-automatic-door-opening-ado;7030283;RITTAL;VX IT 7030283 Glazed door VX IT for Automatic Door Opening (ADO);
wall-mounted-cooling-unit-blue-e-1-6-5-8-kw;3186.930,sk;RITTAL;Wall-mounted cooling unit Blue e+ 1.6 - 5.8 kW;
yag-karteri-isiticisi-5;3398204;RITTAL;Yağ Karteri Isıtıcısı;
yag-karteri-isiticisi;3397956;RITTAL;Yağ Karteri Isıtıcısı;
fan-kpl-s2d250-ai14-12-sk-3396394;3396394;RITTAL;Yedek Parça SK 3396394;
condensate-sensor-sk-3397795;3397795;RITTAL;Yoğunlaştırma Sensörü SK 3397795;
yuksek-basinc-sivici-sk-3397617;3397.617;RITTAL;Yüksek Basınç Switch SK 3397617;
yuksek-basinc-sivici-sk-3397714;3397714;RITTAL;Yüksek Basınç Switch SK 3397714;
yuksek-basinc-sivici-sk-3397936;3397936;RITTAL;Yüksek Basınç Switch SK 3397936;
yuksek-basinc-sivici-sk-3398049;3398049;RITTAL;Yüksek Basınç Switch SK 3398049;
yuksek-basinc-sivici-sk-3398206;3398206;RITTAL;Yüksek Basınç Switch SK 3398206;
yuksek-basinc-sivici-sk-3398261;3398261;RITTAL;Yüksek Basınç Switch SK 3398261;
yuksek-basinc-sivici-sk-3398282;3398282;RITTAL;Yüksek Basınç Switch SK 3398282;
yuksek-basinc-sivici-sk-3398324;3398324;RITTAL;Yüksek Basınç Switch SK 3398324;
sk-3366-510-rittal-yan-pnl-kapi-monteli-pano-klimasi-1500w-115v-slimline;3366.510;RITTAL;an pnl-kapı monteli Pano Kliması 1500W;
liquid-cooling-packages-dx-the-new-output-categories-for-suite-cooling;;RITTAL;categories for suite cooling;
dk-7030501-door-control-module;7030501;RITTAL;dk 7030501 CMC III Automatic Door Opening;
sk-3375-544-rittal-chiler-sogutucu-duvara-monte-hava-su-isi-esanjoru;3375.544;RITTAL;iler Soğutucu;
sk-3384-610-tavan-monteli-klima-1500w-paslanmaz-celik-pano-klimasi;3384610;RITTAL;k Pano Kliması;
sk-3310-710-rittal-blue-e-moduler-montajli-pano-klimasi;3310.710;RITTAL;tal Blue e Modüler Montajlı Pano Kliması;
temperature-sensor-sk-3398383;3398383;RITTAL;temperature sensor SK 3398383;
diagonal-fan-sk-3396560;3396560;RITTAL;Çapraz Fan SK 3396560;
radyal-fan-sk-3396-028;3396.028;RITTAL;İç Sirkülasyon Fanı SK 3396028;
kompresor-rechi-precision-39a173a-220v-r410a;39A173A;Rechi Precision;Rechi Precision Kompresör 39A173A;
kompresor-rechi-precision-44a203b-220v-r410a;44A203B;Rechi Precision;Rechi Precision Kompresör 44A203B;
kompresor-rechi-precision-44a263b-220v-r410a;44A263B;Rechi Precision;Rechi Precision Kompresör 44A263B;
seifert-43302001-400-460v-10240-btu-control-cabinet-air-conditioner;43302001;SEIFERT;Seifert 43302001 400/460V 10240 BTU Control Cabinet Air Conditioner;
sti-termostat-koruyucu-buyuk;;STI;STI termostat koruyucu - büyük;
sti-termostat-koruyucu-kucuk;;STI;STI termostat koruyucu - küçük;
saginomiya-stf-0408-md-dort-yollu-vana;Saginomiya_STF-0408;Saginomiya;Saginomiya_STF-0408 Dört Yollu Vana;
pn20-kuresel-zon-kontrol-vanalari;PN20;Smallart;PN20 Küresel Zon Kontrol Vana G2D-G3AB-G3BD-SMBV06;
tr-110m-elektro-mekanik-fan-coil-termostati;TR-110M;Smallart;TR-110M – Elektro Mekanik Fan Coil Termostatı;
as4t-300-068-k233-p1916-s-p;AS4T-300/068;Soler&Palau;As4T-300/068 K233 P1916 s&p;
solvex-termostat-sporlan-bbize-5-ga;;Sporlan;Solvex Termostat Sporlan Bbize 5 GA;
cde05a322080000-cosmotec-slim-in-cde05-indoor-air-conditioner-mounts-semi-recessed-in-panel-230v-single-phase-cooling-capacity-600-670w-l35-l35;CDE05A322080000;Stulz Cosmotec;CDE05A322080000 Cosmotec SLIM IN CDE05;
cde05u320380000-cosmotec-slim-in-cde05-ul-indoor-air-conditioner-mounts-semi-recessed-in-panel-115v-single-phase-cooling-capacity-575w-l35-l35;CDE05U320380000;Stulz Cosmotec;CDE05U320380000 - Cosmotec SLIM IN CDE05;
cde10a322080000-cosmotec-slim-in-cde10-indoor-air-conditioner-mounts-semi-recessed-in-panel-230v-single-phase-cooling-capacity-1000-1050w-l35-l35;CDE10A322080000;Stulz Cosmotec;CDE10A322080000 Cosmotec SLIM IN CDE10;
cde10u320380000-cosmotec-slim-in-cde10-ul-indoor-air-conditioner-mounts-semi-recessed-in-panel-115v-single-phase-cooling-capacity-975w-l35-l35;CDE10U320380000;Stulz Cosmotec;CDE10U320380000 - Cosmotec SLIM IN CDE10 UL;
cde14a322080000-cosmotec-slim-in-cde14-indoor-air-conditioner-mounts-semi-recessed-in-panel-230v-single-phase-cooling-capacity-1400-1500w-l35-l35;CDE14A322080000;Stulz Cosmotec;CDE14A322080000 Cosmotec SLIM IN CDE14;
cde14u320380000-cosmotec-slim-in-cde14-ul-indoor-air-conditioner-mounts-semi-recessed-in-panel-115v-single-phase-cooling-capacity-1400w-l35-l35;CDE14U320380000;Stulz Cosmotec;CDE14U320380000 - Cosmotec SLIM IN;
cde20a322080000-cosmotec-slim-in-cde20-indoor-air-conditioner-mounts-semi-recessed-in-panel-230v-single-phase-cooling-capacity-2100-2200w-l35-l35;CDE20A322080000;Stulz Cosmotec;CDE20A322080000 - Cosmotec SLIM IN CDE20 Indoor Air Conditioner Mounts semi-recessed in panel 230V Single Phase Cooling Capacity 2100-2200W L35/L35;
cde20u320380000-cosmotec-slim-in-cde20-ul-indoor-air-conditioner-mounts-semi-recessed-in-panel-115v-single-phase-cooling-capacity-2100w-l35-l35;CDE20U320380000;Stulz Cosmotec;CDE20U320380000 - Cosmotec SLIM IN CDE20 UL;
cde40a326180000-cosmotec-cde-slim-in-lll-indoor-air-conditioner-mounts-semi-recessed-in-panel-400v-three-phase-cooling-capacity-3950-4095w-l35-l35;CDE40A326180000;Stulz Cosmotec;CDE40A326180000 Cosmotec CDE SLIM-IN lll;
cne040022080000-cosmotec-compact-protherm-cne04-indoor-air-conditioner-230v-single-phase-cooling-capacity-455-495w-l35-l35;CNE040022080000;Stulz Cosmotec;CNE040022080000 - Cosmotec;
cne040022880000-cosmotec-compact-protherm-cne04-indoor-air-conditioner-400v-two-phase-cooling-capacity-450-490w-l35-l35;CNE040022880000;Stulz Cosmotec;CNE040022880000 Cosmotec CNE04 Indoor Air Conditioner;
cne04u120380000-cosmotec-compact-protherm-cne04-ul-indoor-air-conditioner-115v-single-phase-cooling-capacity-455w-l35-l35;CNE04U120380000;Stulz Cosmotec;CNE04U120380000 - Cosmotec;
cne070022080000-cosmotec-compact-protherm-cne07-indoor-air-conditioner-230v-single-phase-cooling-capacity-660-670w-l35-l35;CNE070022080000;Stulz Cosmotec;CNE070022080000 - Cosmotec;
cne070022880000-cosmotec-compact-protherm-cne07-indoor-air-conditioner-400v-two-phase-cooling-capacity-645-655w-l35-l35;CNE070022880000;Stulz Cosmotec;CNE070022880000 - Cosmotec CNE07;
cne07u120380000-cosmotec-compact-protherm-cne07-ul-indoor-air-conditioner-115v-single-phase-cooling-capacity-625w-l35-l35;CNE07U120380000;Stulz Cosmotec;CNE07U120380000 - Cosmotec;
cne100022080000-cosmotec-compact-protherm-cne10-indoor-air-conditioner-230v-single-phase-cooling-capacity-975-1075w-l35-l35;CNE100022080000;Stulz Cosmotec;CNE100022080000 - Cosmotec COMPACT PROTHERM CNE10 Indoor Air Conditioner 230V Single Phase Cooling Capacity 975-1075W L35/L35;
cne100022880000-cosmotec-compact-protherm-cne10-indoor-air-conditioner-400v-two-phase-cooling-capacity-950-1050w-l35-l35;CNE100022880000;Stulz Cosmotec;CNE100022880000 - Cosmotec COMPACT;
cne10u120380000-cosmotec-compact-protherm-cne10-ul-indoor-air-conditioner-115v-single-phase-cooling-capacity-950w-l35-l35;CNE10U120380000;Stulz Cosmotec;CNE10U120380000 Cosmotec CNE10 UL;
cno040022080000-cosmotec-compact-protherm-cno04-outdoor-air-conditioner-230v-single-phase-cooling-capacity-455-495w-l35-l35;CNO040022080000;Stulz Cosmotec;CNO040022080000 - Cosmotec;
cno040022880000-cosmotec-compact-protherm-cno04-outdoor-air-conditioner-400v-two-phase-cooling-capacity-450-490w-l35-l35;CNO040022880000;Stulz Cosmotec;CNO040022880000 Cosmotec PROTHERM;
cno04u120380000-cosmotec-compact-protherm-cno04-ul-outdoor-air-conditioner-115v-single-phase-cooling-capacity-455w-l35-l35;CNO04U120380000;Stulz Cosmotec;CNO04U120380000 - Cosmotec COMPACT PROTHERM;
cno070022080000-cosmotec-compact-protherm-cno07-outdoor-air-conditioner-230v-single-phase-cooling-capacity-660-670w-l35-l35;CNO070022080000;Stulz Cosmotec;CNO070022080000 - Cosmotec Conditioner;
cno070022880000-cosmotec-compact-protherm-cno07-outdoor-air-conditioner-400v-two-phase-cooling-capacity-645-655w-l35-l35;CNO070022880000;Stulz Cosmotec;CNO070022880000 - Cosmotec COMPACT PROTHERM CNO07 Outdoor Air Conditioner 400V Two Phase Cooling Capacity 645-655W L35/L35;
cno07u120380000-cosmotec-compact-protherm-cno07-ul-outdoor-air-conditioner-115v-single-phase-cooling-capacity-625w-l35-l35;CNO07U120380000;Stulz Cosmotec;CNO07U120380000 - Cosmotec COMPACT PROTHERM CNO07 UL Outdoor Air Conditioner 115V Single Phase Cooling Capacity 625W L35/L35;
cno100022080000-cosmotec-compact-protherm-cno10-outdoor-air-conditioner-230v-single-phase-cooling-capacity-975-1075w-l35-l35;CNO100022080000;Stulz Cosmotec;CNO100022080000 - Cosmotec COMPACT PROTHERM CNO10 Outdoor Air Conditioner 230V Single Phase Cooling Capacity 975-1075W L35/L35;
cno100022880000-cosmotec-compact-protherm-cno10-outdoor-air-conditioner-400v-two-phase-cooling-capacity-950-1050w-l35-l35;CNO100022880000;Stulz Cosmotec;CNO100022880000 - Cosmotec COMPACT PROTHERM CNO10 Outdoor Air Conditioner 400V Two Phase Cooling Capacity 950-1050W L35/L35;
cno10u120380000-cosmotec-compact-protherm-cno10-ul-outdoor-air-conditioner-115v-single-phase-cooling-capacity-950w-l35-l35;CNO10U120380000;Stulz Cosmotec;CNO10U120380000 - Cosmotec COMPACT PROTHERM CNO10 UL Outdoor Air Conditioner 115V Single Phase Cooling Capacity 950W L35/L35;
cosmotec-ete090-220-high-temperature-enclosure-air-conditioner-230v-1500btu;ETE090;Stulz Cosmotec;COSMOTEC ETE090 220 HIGH TEMPERATURE ENCLOSURE AIR CONDITIONER 230V 1500BTU;
stulz-cosmotec-cve05002208000-protherm-pano-klimasi;CVE05002208000;Stulz Cosmotec;CVE05002208000 Protherm Pano Kliması;
cve08002288000-cosmotec-protherm-cve08-indoor-air-conditioner-mounts-externally-on-panel-400v-two-phase-cooling-capacity-850-900w-l35-l35;CVE0700S208000;Stulz Cosmotec;CVE08002288000 - Cosmotec PROTHERM CVE08 Indoor Air conditioner Mounts externally on panel 400V Two Phase Cooling Capacity 850-900W L35/L35;
cosmotec-protherm-cve08-ul-indoor-air-conditioner-mounts-externally-on-panel-110v-single-phase-cooling-capacity-900w-l35-l35;CVE0700S208000;Stulz Cosmotec;CVE08U12038000 Cosmotec PROTHERM CVE08 UL Indoor Air Conditioner Mounts externally on panel 110V Single Phase Cooling Capacity 900W L35/L35;
cve11002208000-cosmotec-protherm-cve11-indoor-air-conditioner-mounts-externally-on-panel-230v-single-phase-cooling-capacity-1100-1150w-l35-l35;CVE11002208000;Stulz Cosmotec;CVE11002208000 Cosmotec PROTHERM;
stulz-cosmotec-cve11002208000-protherm-pano-klimasi;CVE11002208000;Stulz Cosmotec;CVE11002208000 Protherm Pano Kliması;
cve11002288000-cosmotec-protherm-cve11-indoor-air-conditioner-mounts-externally-on-panel-400v-two-phase-cooling-capacity-1100-1150w-l35-l35;CVE11002288000;Stulz Cosmotec;CVE11002288000 Cosmotec PROTHERM CVE11;
cve11u12038000-cosmotec-protherm-cve11-ul-indoor-air-conditioner-mounts-externally-on-panel-110v-single-phase-cooling-capacity-1150w-l35-l35;CVE11U12038000;Stulz Cosmotec;CVE11U12038000 Stulz Cosmotec;
cve15002208000-cosmotec-protherm-cve15-indoor-air-conditioner-mounts-externally-on-panel-230v-single-phase-cooling-capacity-1500-1600w-l35-l35;CVE15002208000;Stulz Cosmotec;CVE15002208000 Cosmotec PROTHERM CVE15;
cve15002288000-cosmotec-protherm-cve15-indoor-air-conditioner-mounts-externally-on-panel-400v-two-phase-cooling-capacity-1500-1600w-l35-l35;CVE15002288000;Stulz Cosmotec;CVE15002288000 Cosmotec PROTHERM CVE15;
cve15u12038000-cosmotec-protherm-cve15-ul-indoor-air-conditioner-mounts-externally-on-panel-115v-single-phase-cooling-capacity-1600w-l35-l35;CVE15U12038000;Stulz Cosmotec;CVE15U12038000 - Cosmotec PROTHERM CVE15 UL Indoor Air Conditioner Mounts externally on panel 115V Single Phase Cooling Capacity 1600W L35/L35;
cve15u12628000-cosmotec-protherm-cve15-indoor-air-conditioner-mounts-externally-on-panel-400v-three-phase-cooling-capacity-1500w-l35-l35;CVE15U12628000;Stulz Cosmotec;CVE15U12628000 - Cosmotec PROTHERM;
cve20002208000-cosmotec-protherm-cve20-indoor-air-conditioner-mounts-externally-on-panel-230v-single-phase-cooling-capacity-2100-2200w-l35-l35;CVE20002208000;Stulz Cosmotec;CVE20002208000 - Cosmotec PROTHERM;
cve20u12038000-cosmotec-protherm-cve20-ul-indoor-air-conditioner-mounts-externally-on-panel-115v-single-phase-cooling-capacity-2200w-l35-l35;CVE20U12038000;Stulz Cosmotec;CVE20U12038000 - Cosmotec;
cve30002208000-cosmotec-protherm-cve30;CVE30002208000;Stulz Cosmotec;CVE30002208000 Cosmotec PROTHERM CVE30;
cve30002618000-cosmotec-protherm-cve30-indoor-air-conditioner-mounts-externally-on-panel-400v-three-phase-cooling-capacity-2850-3000w-l35-l35;CVE30002618000;Stulz Cosmotec;CVE30002618000 Cosmotec PROTHERM CVE30;
cve40002208000-cosmotec-protherm-cve40;CVE40002208000;Stulz Cosmotec;CVE40002208000 Cosmotec PROTHERM CVE40;
cve40002618000-cosmotec-protherm-cve40;CVE40002618000;Stulz Cosmotec;CVE40002618000 Cosmotec PROTHERM CVE40;
cve60002618000-cosmotec-protherm-cve60-indoor-air-conditioner-mounts-externally-on-panel-440v-three-phase-cooling-capacity-5600-5950w-l35-l35;CVE60002618000;Stulz Cosmotec;CVE60002618000 - Cosmotec;
compresor-cosmotec-model-0050800260;TRK5512Y;Stulz Cosmotec;Compresor Cosmotec Model 0050800260;
cosmotec-protherm-indoor-cve03002200000-360-380-w-230-1-50-60-v-ph-hz;CVE03;Stulz Cosmotec;Cosmotec PROTHERM Indoor CVE03002200000 360-380 W 230-1-50/60 V-Ph-Hz;
cosmotec-protherm-indoor-cve03u12030000-380-w-115-1-60-v-ph-hz;CVE03;Stulz Cosmotec;Cosmotec PROTHERM Indoor CVE03U12030000 380 W 115-1-60 V-Ph-Hz;
cosmotec-protherm-indoor-cve03u12200000-380-w-230-1-50-60-v-ph-hz;CVE03;Stulz Cosmotec;Cosmotec PROTHERM Indoor CVE03U12200000 380 W 230-1-50/60 V-Ph-Hz;
cosmotec-protherm-indoor-cve05002128000-500-w-48vdc-v-ph-hz;CVE05002128000;Stulz Cosmotec;Cosmotec PROTHERM Indoor CVE05002128000 500 W 48VDC V-Ph-Hz;
cosmotec-protherm-indoor-cve05002288000-500-550-w-400-2-50-460-2-60-v-ph-hz;CVE05002288000;Stulz Cosmotec;Cosmotec PROTHERM Indoor CVE05002288000 500-550 W 400-2-50 460-2-60 V-Ph-Hz;
cosmotec-protherm-indoor-cve05u12038000-580-w-115-1-60-v-ph-hz;CVE05U12038000;Stulz Cosmotec;Cosmotec PROTHERM Indoor CVE05U12038000 580 W 115-1-60 V-Ph-Hz;
cosmotec-protherm-indoor-cve05u12208000-580-w-230-1-50-60-v-ph-hz;CVE05U12208000;Stulz Cosmotec;Cosmotec PROTHERM Indoor CVE05U12208000 580 W 230-1-50/60 V-Ph-Hz;
cosmotec-protherm-indoor-cve0700s208000-800-850-w-230-1-50-60-v-ph-hz;CVE0700S208000;Stulz Cosmotec;Cosmotec PROTHERM Indoor CVE0700S208000 800-850 W 230-1-50/60 V-Ph-Hz;
cosmotec-protherm-indoor-cve08002208000-850-900-w-230-1-50-60-v-ph-hz;CVE0700S208000;Stulz Cosmotec;Cosmotec PROTHERM Indoor CVE08002208000 850-900 W 230-1-50/60 V-Ph-Hz;
cosmotec-protherm-outdoor-cvo15;CVO15;Stulz Cosmotec;Cosmotec Protherm Outdoor CVO15;
cosmotec-protherm-outdoor-cvo20;CVO20;Stulz Cosmotec;Cosmotec Protherm Outdoor CVO20;
cosmotec-protherm-outdoor-cvo40;CVO40;Stulz Cosmotec;Cosmotec Protherm Outdoor CVO40;
cosmotec-protherm-outdoor-cvo60;CVO60;Stulz Cosmotec;Cosmotec Protherm Outdoor CVO60;
cosmotec-protherm-outdoor;CVO05;Stulz Cosmotec;PROTHERM Outdoor CVO05002128000 500 (W) 48 VDC (V-ph-Hz) 636 x 314,5 x 233 (mm) HxWxD;
protherm-outdoor-cvo05002208000-550-580-w-230-1-50-60-v-ph-hz-636-x-314-5-x-233-mm-hxwxd;CVO05;Stulz Cosmotec;PROTHERM Outdoor CVO05002208000 550-580 (W) 230-1-50/60 (V-ph-Hz) 636 x 314,5 x 233 (mm) HxWxD;
protherm-outdoor-cvo05002288000-500-550-w-400-460-2-50-60-v-ph-hz-636-x-314-5-x-233-mm-hxwxd;CVO05;Stulz Cosmotec;PROTHERM Outdoor CVO05002288000 500-550 (W) 400/460-2-50/60 (V-ph-Hz) 636 x 314,5 x 233 (mm) HxWxD;
protherm-outdoor-cvo05u12038000-580-w-115-1-60-v-ph-hz-636-x-314-5-x-233-mm-hxwxd;CVO05;Stulz Cosmotec;PROTHERM Outdoor CVO05U12038000 580 (W) 115-1-60 (V-ph-Hz) 636 x 314,5 x 233 (mm) HxWxD;
protherm-outdoor-cvo05u12208000-580-w-230-1-50-60-v-ph-hz-636-x-314-5-x-233-mm-hxwxd;CVO05;Stulz Cosmotec;PROTHERM Outdoor CVO05U12208000 580 (W) 230-1-50/60 (V-ph-Hz) 636 x 314,5 x 233 (mm) HxWxD;
protherm-outdoor-cvo08002208000-850-900-w-230-1-50-60-v-ph-hz-636-x-314-5-x-233-mm-hxwxd;CVO08;Stulz Cosmotec;PROTHERM Outdoor CVO08002208000 850-900 (W) 230-1-50/60 (V-ph-Hz) 636 x 314,5 x 233 (mm) HxWxD;
protherm-outdoor-cvo08002288000-800-850-w-400-460-2-50-60-v-ph-hz-636-x-314-5-x-233-mm-hxwxd;CVO08;Stulz Cosmotec;PROTHERM Outdoor CVO08002288000 800-850 (W) 400/460-2-50/60 (V-ph-Hz) 636 x 314,5 x 233 (mm) HxWxD;
protherm-outdoor-cvo08u12038000-900-w-115-1-60-v-ph-hz-636-x-314-5-x-233-mm-hxwxd;CVO08;Stulz Cosmotec;PROTHERM Outdoor CVO08U12038000 900 (W) 115-1-60 (V-ph-Hz) 636 x 314,5 x 233 (mm) HxWxD;
protherm-outdoor-cvo08u12208000-900-w-230-1-50-60-v-ph-hz-636-x-314-5-x-233-mm-hxwxd;CVO08;Stulz Cosmotec;PROTHERM Outdoor CVO08U12208000 900 (W) 230-1-50/60 (V-ph-Hz) 636 x 314,5 x 233 (mm) HxWxD;
protherm-outdoor-cvo11002208000-1100-1150-w-230-1-50-60-v-ph-hz-906-x-412-5-x-271-5-mm-hxwxd;CVO11;Stulz Cosmotec;PROTHERM Outdoor CVO11002208000 1100-1150 (W) 230-1-50/60 (V-ph-Hz) 906 x 412,5 x 271,5 (mm) HxWxD;
protherm-outdoor-cvo11002288000-1050-1100-w-400-460-2-50-60-v-ph-hz-906-x-412-5-x-271-5-mm-hxwxd;CVO11;Stulz Cosmotec;PROTHERM Outdoor CVO11002288000 1050-1100 (W) 400/460-2-50/60 (V-ph-Hz) 906 x 412,5 x 271,5 (mm) HxWxD;
protherm-outdoor-cvo11u12038000-1150-w-115-1-60-v-ph-hz-906-x-412-5-x-271-5-mm-hxwxd;CVO11;Stulz Cosmotec;PROTHERM Outdoor CVO11U12038000 1150 (W) 115-1-60 (V-ph-Hz) 906 x 412,5 X 271,5 (mm) HxWxD;
protherm-outdoor-cvo11u12208000-1150-w-230-1-50-60-v-ph-hz-906-x-412-5-x-271-5-mm-hxwxd;CVO11;Stulz Cosmotec;PROTHERM Outdoor CVO11U12208000 1150 (W) 230-1-50/60 (V-ph-Hz) 906 x 412,5 x 271,5 (mm) HxWxD;
rack-solutions-indoor-ere1000320;ERE1000320;Stulz Cosmotec;Stulz Cosmotec Rack Solutions Indoor ERE1000320;
compresor-cosmotec-model-0050800261;RK5512Y;Tecumseh;Compresor Cosmotec Model 0050800261;
compresor-hoffman-nvent-model-10102608sp-aka5483exd-ak130et-004-b4;AKA5483EXD;Tecumseh;Compresor Hoffman (nVent) Model 10102608SP (AKA5483EXD, AK130ET-004-B4);
compresor-hoffman-nvent-modelo-101026107sp-rka5512yxd-rk233ft-037-b4-1;101026105SP;Tecumseh;Compresor Hoffman (nVent) Modelo 101026107SP (RKA5512YXD, RK233FT-037-B4);
compresor-hoffman-nvent-modelo-101026107sp-rka5512yxd-rk233ft-037-b4;101026105SP;Tecumseh;Compresor Hoffman (nVent) Modelo 101026107SP (RKA5512YXD, RK233FT-037-B4);
compresor-hoffman-nvent-modelo-101026108sp-rka5470yxd-rk136gt-024-a4;101026105SP;Tecumseh;Compresor Hoffman (nVent) Modelo 101026108SP (RKA5470YXD, RK136GT-024-A4);
compressor-r134a-ae4430y-8-02cm3-hbp-230v;R134A;Tecumseh;Compressor R134A AE4430Y 8.02cm³ HBP 230V;
compressor-tecumseh-l-unite-taj4461y;taj4461y;Tecumseh;Compressor Tecumseh l Unite taj4461y;
compressor-tecumseh-l-unite-taj4511y;taj4511y;Tecumseh;Compressor Tecumseh l Unite taj4511y;
compressor-tecumseh-l-unite-tfh4518y;tfh4518y;Tecumseh;Compressor tecumseh l unite tfh4518y;
compressor-tecumseh-l-unite-tfh4525y;tfh4525y;Tecumseh;Compressor tecumseh l unite tfh4525y;
rk5450y-kompresor;RK5450Y;Tecumseh;RK5450Y Kompresör RKA5450YUZ;
rk5480y-rotary-compressors-kompresor;RK5480Y;Tecumseh;RK5480Y Rotary Compressors Kompresör;
rka5480yxg-trk5480y;RKA5480YXG;Tecumseh;RKA5480YXG ( TRK5480Y );
trk5450y-rotary-compressors-kompresor;TRK5450Y;Tecumseh;TRK5450Y Rotary Compressors Kompresör;
trk5480y-kompresor;TRK5480Y;Tecumseh;TRK5480Y Rotary Compressors Kompresör;
tecumseh-compressor-rk5512y;RK5512Y;Tecumseh;Tecumseh Compressor RK5512Y;
tecumseh-compressor-rk5512y-na3a;RK5512Y-NA3A;Tecumseh;Tecumseh Compressor RK5512Y-NA3A;
tecumseh-compressor-trk5512y;TRK5512Y;Tecumseh;Tecumseh Compressor TRK5512Y;
nvent-101026105sp-compressor-230v-rka5486yxd;101026105SP;Tecumseh;nVent 101026105SP Compressor, 230v (RKA5486YXD);
texa-a-c-unit-ego-08-bt1b-ral7032;BT1B;Texa Industries;Texa A/C Unit EGO 08 BT1B RAL7032;
kompresor-toshiba-pa185m2c-4ft2-220v-r410a;PA185M2C-4FT2;Toshiba;Toshiba Kompresör PA185M2C-4FT2;
kompresor-toshiba-pa220m2as-4k01-220v-r410a;PA220M2AS-4K01;Toshiba;Toshiba Kompresör PA220M2AS-4K01;
kompresor-toshiba-pa240m2cs-220v-r410a;PA240M2CS;Toshiba;Toshiba Kompresör PA240M2CS;
kompresor-toshiba-ph225x2c-4ft-220v-r22;PH225X2C-4FT;Toshiba;Toshiba Kompresör PH225X2C-4FT;
kompresor-toshiba-ph330x2cs-8kuc1-220vr22;PH330X2CS-8KUC1;Toshiba;Toshiba Kompresör PH330X2CS-8KUC1;
kompresor-toshiba-ph420x3cs-4ku1-220v-r22;PH420X3CS-4KU1;Toshiba;Toshiba Kompresör PH420X3CS-4KU1;
bg-1500-mobil-filtre-unitesi;BG-1500-MOBİL;Vanterm;BG-1500-MOBİL FİLTRE ÜNİTESİ;
bg-3000-mobil-filtre-unitesi;BG-3000-MOBİL;Vanterm;BG-3000-MOBİL FİLTRE ÜNİTESİ;
bg-750-mobil-filtre-unitesi;BG-750-MOBİL;Vanterm;BG-750-MOBİL FİLTRE ÜNİTESİ;
eco-serisi-mobil-kaynak-dumani-filtre-unitesi;ECO:1;Vanterm;ECO:1 (F9) Serisi-Mobil Kaynak Dumanı Filtre Ünitesi;
eco-1-h13-serisi-mobil-kaynak-dumani-filtre-unitesi;ECO:1;Vanterm;ECO:1 (H13) Serisi-Mobil Kaynak Dumanı Filtre Ünitesi;
eco-2-f9-serisi-mobil-kaynak-dumani-filtre-unitesi;ECO:2;Vanterm;ECO:2 (F9) Serisi-Mobil Kaynak Dumanı Filtre Ünitesi;
eco-2-h13-serisi-mobil-kaynak-dumani-filtre-unitesi;ECO:2;Vanterm;ECO:2 (H13) Serisi-Mobil Kaynak Dumanı Filtre Ünitesi;
m-1000-serisi-mobil-filtre-unitesi;M-1000-SERİSİ;Vanterm;M-1000-SERİSİ MOBİL FİLTRE ÜNİTESİ;
m-2000-serisi-mobil-filtre-unitesi;M-2000-SERİSİ;Vanterm;M-2000-SERİSİ MOBİL FİLTRE ÜNİTESİ;
m-500-serisi-mobil-filtre-unitesi;M-500-MOBİL;Vanterm;M-500-SERİSİ MOBİL FİLTRE ÜNİTESİ;
pm-mobil-kaynak-dumani-filtre-unitesi-pm-802;PM-802;Vanterm;PM-802 Mobil Kaynak Dumanı Filtre Ünitesi;
pm-mobil-kaynak-dumani-filtre-unitesi;PM-801;Vanterm;PM-Mobil Kaynak Dumanı Filtre Ünitesi PM-801;
fan-coil-vana-aktuatorleri-22cx2;22CX2;Watts;Fan Coil Vana Aktüatörleri 22CX2;
fan-coil-vana-aktuatorleri-emujc;;Watts;Fan Coil Vana Aktüatörleri EMUJC;
fan-coil-vana-govdesi-3131;3131;Watts;Fan Coil Vana Gövdesi 3131;
fan-coil-vana-govdesi-4131;4131;Watts;Fan Coil Vana Gövdesi 4131;
fan-coil-vana-govdesi-2131;2131;Watts;Watts Fan Coil Vana Gövdesi 2131;
025lo2777-000-micro-opto-pcb;025LO2777-000;YORK;025LO2777-000 Micro Opto PCB;
031-011109-213-york-cable;031-011109-213;YORK;031-011109-213 York Cable;
york-duvar-tipi-ic-unite-fan-motoru-111m00033-000;111M00033-000;YORK;Duvar Tipi İç Fan Motoru 111M00033-000;
york-kaset-tipi-klima-kumandasi-502m24121049;502M24121049;YORK;Kaset Tipi Klima Kumandası 502M24121049;
termostat-0150401331j-yr-e17-c1york;0150401331J;YORK;Termostat 0150401331J YR-E17 C1YORK;
york-vrf-kumanda-oda-termostati-york-kjr-12b-qpbglt-e-a-crosh-2033551a5334;2033551A5334;YORK;Vrf Kumanda Oda Termostatı 2033551A5334;
york-325-43503-001-level-sensor;325-43503-001;YORK;YORK 325-43503-001 Level Sensor;
york-025l02412-000;025L02412-000;YORK;York 025L02412-000;
york-025l02415-000;025L02415-000;YORK;York 025L02415-000;
york-031-02060-001-scr-trigger-board;031-02060-001;YORK;York 031-02060-001 SCR Tetikleme;
york-akim-transformatoru;;YORK;York Akım Transformatörü;
york-board-031-01094c000;031-01094C000;YORK;York Board 031-01094C000;
york-board-power-025-l02408-000;025-L02408-000;YORK;York Board Power 025-L02408-000;
york-chiller-cltch-2-el;2.EL;YORK;York Chiller -cltch- 2.EL;
york-chiller-252kw-chiller-2-el;2.EL;YORK;York Chiller 252kW Chiller - 2.EL;
york-fan-026-33611-000;026-33611-000;YORK;York Fan 026-33611-000;
york-fan-motor-f-391903-61-5hp-098l00293-000;F-391903-61;YORK;York Fan Motor F-391903-61 5HP/098L00293-000;
york-adiabatic-evaporative-cooling-hassas-kontrollu-klimalar;;YORK;York Hassas Kontrollü Klima Adiabatic Cooling;
york-kablo-031-01109-211;031-01109-211;YORK;York Kablo 031-01109-211;
york-kablo-031-01109-212;031-01109-212;YORK;York Kablo 031-01109-212;
york-komp-karti-025l01881c000;025L01881C000;YORK;York Komp.Kartı 025L01881C000;
031-01095-002-main-board;031-01095-002;YORK;York Main Board 031-01095-002;
ntc-sensor-ntc-bakir-boru-sensoru-york;;YORK;York Ntc Bakır Boru Sensörü;
york-p-n-013-03849-001;013-03849-001;YORK;York P/N 013-03849-001 Coolant;
york-power-board-025l02408-000;025L02408-000;YORK;York Power Board 025L02408-000;
york-r11cc-e-klima-kumandasi-1;R11CC;YORK;York R11CC E Klima KumandasıI-1-;
york-relay-board;;YORK;York Relay Board;
york-sensor-025-28663-001;025-28663-001;YORK;York Sensör 025-28663-001;
york-sensor-025-34176-000;025-34176-000;YORK;York Sensör 025-34176-000;
york-supression-board-031-02417-000;031-02417-000;YORK;York Supressıon Board 031-02417-000;
york-transtucer-sifir-025-29139-001;025-29139-001;YORK;York Transtucer Sıfır 025-29139-001;
igbt-vsd-power-assembly-kit-for-york-part-371-04479-001;cltch-JCI-YORK-371-04479-001;YORK;York Yedek Parça;
york-r-yc-g-serisi-hassas-kontrollu-klimalar;;YORK;York® YC-G Serisi Hassas Kontrollü Klima;
york-r-yc-p-serisi-hassas-kontrollu-klimalar;;YORK;York® YC-P Serisi Hassas Kontrollü Klima;
york-r-yc-r-serisi-hassas-kontrollu-klimalar;;YORK;York® YC-R Serisi Hassas Kontrollü Klima;
scale-eliminatortm;;dial;Scale Eliminator™ Tortu Önleyici;
aksiyel-fan-a4e250-aa04-ebmpaps;A4E250-AA04;ebm papst;Aksiyel Fan A4E250-AA04 EBMPAPS;
aksiyel-fan-m4e068-cf-240x240-230vac;M4E068-CF;ebm papst;Aksiyel Fan M4E068-CF 240X240 230VAC;
dv-4650-470-ebm-papst;4650-470;ebm papst;DV 4650-470 | EBM-PAPST;
sk-fan-r1g190-ac11-20-kelvin-vba0009899;R1G190-AC11-20;ebm papst;Fan R1G190-AC11-20 Kelvin VBA0009899;
k2e200-ah20-05-ebm-papst;K2E200-AH20-05;ebm papst;K2E200-AH20-05 | EBM-PAPST;
r2e225-at52-1r2e225-at52-19;R2E225-AT52-19;ebm papst;R2E225-AT52-1R2E225-AT52-19;
r3g220-rc05-03-ec-fan-santrifuj-fan-santrifuj-fan-220-x-71mm-230-v-ac-radical-serisi;220;ebm papst;R3G220-RC05-03 EC FAN Santrifüj Fan Santrifüj Fan, 220 x 71mm, 230 V ac (RadiCal Serisi);
r3g220-rc05-03-emis-agzi-sivama-saci-09609-2-4013;220;ebm papst;R3G220-RC05-03 EMİŞ AĞZI SIVAMA SACI - 09609-2-4013;
r3g250-re07-07-emis-agzi-sivama-saci-96359-2-4013;230;ebm papst;R3G250-RE07-07 EMİŞ AĞZI SIVAMA SACI - 96359-2-4013;
r3g250-re07-07-santrifuj-fan-santrifuj-fan-250-x-99mm-230-v-ac-radical-serisi;230;ebm papst;R3G250-RE07-07 Santrifüj Fan Santrifüj Fan, 250 x 99mm, 230 V ac (RadiCal Serisi);
r3g310-rr05-h1-ec-fan;230;ebm papst;R3G310-RR05-H1 EC FAN;
r3g310-rr05-h1-ec-fan-emis-agzi-31000-2-4013;230;ebm papst;R3G310-RR05-H1 EC FAN EMIS AGZI - 31000-2-4013;
radial-fan-r2d225-av02-24;R2D225-AV02-24;ebm papst;Radial Fan R2D225-AV02-24;
radial-santrifuj-fan-d2e097-cb-20-ebmpapst;D2E097-CB...-20;ebm papst;Radial Santrifüj Fan D2E097-CB...-20 EBMPAPS;
radial-santrifuj-fan-m2e068-230v;M2E068;ebm papst;Radial Santrifüj Fan M2E068, 230V,;
radial-santrifuj-fan-r2d190-ac;R2D190-AC;ebm papst;Radial Santrifüj Fan R2D190-AC;
radial-santrifuj-fan-rb2t-220;RB2T;ebm papst;Radial Santrifüj Fan RB2T 220;
radial-santrifuj-fan-rb2t-225-088;RB2T;ebm papst;Radial Santrifüj Fan RB2T 225/088;
antifiriz-olcer;;eco;Antifiriz Ölçer ATC Glycol Antifreeze;
eco-125-yag-buhari-filtresi-oil-mist;125;eco;ECO 125 Yağ Buharı Filtresi;
eco-90yag-buhari-filtresi-oil-mist;90Yağ;eco;ECO 90Yağ Buharı Filtresi;
eco-clean-1lt-evaporatif-klima-temizleme-urunu;lt-1,evaporatif;eco;Eco-Clean LT-1 Evaporatif Klima Temizleme Ürünü 1 Lt;
eco-clean-evaporatif-klima-temizleme-urunu;lt-2,evaporatif;eco;Eco-Clean LT-2 Evaporatif Klima Temizleme Ürünü 2 Lt;
eco-clean-5lt-evaporatif-klima-temizleme-urunu;lt-5,evaporatif;eco;Eco-Clean LT-5 Evaporatif Klima Temizleme Ürünü 5 Lt;
evaporatif-sogutma-petek-pet-pad-100x60x10;100x60x10;eco;Evaporatif Soğutma Petek / Pet / Pad 100x60x10;
evaporatif-sogutma-petek-pet-pad-100x60x15;100x60x15;eco;Evaporatif Soğutma Petek / Pet / Pad 100x60x15;
evaporatif-sogutma-petek-pet-pad-120x60x10;120x60x10;eco;Evaporatif Soğutma Petek / Pet / Pad 120x60x10;
evaporatif-sogutma-petek-pet-pad-120x60x15;120x60x15;eco;Evaporatif Soğutma Petek / Pet / Pad 120x60x15;
evaporatif-sogutma-petek-pet-pad-150x60x10;150x60x10;eco;Evaporatif Soğutma Petek / Pet / Pad 150x60x10;
evaporatif-sogutma-petek-pet-pad-150x60x15;150x60x15;eco;Evaporatif Soğutma Petek / Pet / Pad 150x60x15;
evaporatif-sogutma-petek-pet-pad-180x60x10;180x60x10;eco;Evaporatif Soğutma Petek / Pet / Pad 180x60x10;
evaporatif-sogutma-petek-pet-pad-180x60x15;180x60x15;eco;Evaporatif Soğutma Petek / Pet / Pad 180x60x15;
evaporatif-sogutma-petek-pet-pad-200x60x10;200x60x10;eco;Evaporatif Soğutma Petek / Pet / Pad 200x60x10;
evaporatif-sogutma-petek-pet-pad-200x60x15;200x60x15;eco;Evaporatif Soğutma Petek / Pet / Pad 200x60x15;
pandemic-ahu;;eco;Pandemic AHU;
eco2-meter-karbondioksit-co2-pm-2-5-ic-hava-kalitesi-monitoru;eCO2;eco;eCO2 meter Karbondioksit ve Partikül İç Mekan Co2/PM Ölçüm Cihazı;
eco2-meter-karbondioksit-co2-ic-hava-kalitesi-monitoru;eCO2;eco;eCO2 meter Karbondioksit İç Mekan Co2 Ölçüm Cihazı;
eco-500w-dikey-slim-ve-yatay-indoor-pano-klimasi;;eco;eco 500W Dikey Slim Indoor Pano Klima;
ecochem-fresh-durulanmayan-aluminyum-temizleyici-1lt;1LT;eco;ecoCHEM Fresh Durulanmayan Alüminyum Temizleyici 1LT;
pfannenberg-dtt-6301-ecool-top-mounting-cooling-unit-1500-w;6301;pfannenberg;Pfannenberg DTT 6301 εCOOL top mounting cooling unit 1500 W;
pfannenberg-dts-9041;9041;pfannenberg;Pfannenberg Dts 9041;
airstar-roda-duman-ve-isi-tahliye-kapaklari;;roda;AIRSTAR - RODA - Duman ve Isı Tahliye Kapakları;
firefighter-roda-duman-ve-isi-tahliye-kapaklari;;roda;FIREFIGHTER - RODA - Duman ve Isı Tahliye Kapakları;
megaphoenix-roda-duman-ve-isi-tahliye-kapaklari;;roda;MEGAPHOENIX - RODA - Duman ve Isı Tahliye Kapakları;
multijet-roda-duman-ve-isi-tahliye-kapaklari;;roda;Multijet - RODA - Duman ve Isı Tahliye Kapakları;
phoenix-roda-duman-ve-isi-tahliye-kapaklari;;roda;PHOENIX - RODA - Duman ve Isı Tahliye Kapakları;
smokejet-roda-duman-ve-isi-tahliye-kapaklari;;roda;SMOKEJET - RODA - Duman ve Isı Tahliye Kapaklari;
venturi-roda-duman-ve-isi-tahliye-kapaklari;;roda;Venturi - RODA - Duman ve Isı Tahliye Kapakları;
